date,Axis Bluechip,ICICI Bluechip,Kotak Bluechip,Nippon Large Cap,SBI Bluechip
2012-12-31,23.992,,,,
2013-01-01,23.9979,,,,
2013-01-02,24.0036,15.0253,,14.6967,103.0059
2013-01-03,24.0092,15.0737,,14.7305,103.0306
2013-01-04,24.0147,15.0702,,14.8037,103.0619
2013-01-06,24.0258,,,,
2013-01-07,24.0314,15.0913,30.6076,14.7718,103.1408
2013-01-08,24.0369,15.1146,30.6239,14.7197,103.1663
2013-01-09,24.0424,15.0517,30.6492,14.7249,103.1897
2013-01-10,24.0479,15.0619,30.6784,14.6784,103.2132
2013-01-11,24.0534,14.8886,30.6305,14.6421,103.2385
2013-01-13,24.0643,,,,
2013-01-14,24.0698,14.9767,30.6862,14.7844,103.3225
2013-01-15,24.0754,14.9813,30.6993,14.8315,102.9223
2013-01-16,24.0809,14.8752,30.6804,14.6876,102.9421
2013-01-17,24.0863,14.8214,30.6565,14.7703,102.9691
2013-01-18,24.0918,14.7954,30.658,14.8654,102.9932
2013-01-20,24.1028,,,,
2013-01-21,24.1084,14.7538,30.6574,14.9285,103.0662
2013-01-22,24.1139,14.7072,30.6627,14.8574,103.0909
2013-01-23,24.1194,14.6961,30.6688,14.7986,103.1145
2013-01-24,24.1249,14.6124,30.6574,14.6226,103.1411
2013-01-25,,14.7695,30.6611,14.7605,
2013-01-27,24.1413,,,,
2013-01-28,24.1468,14.7769,30.6878,14.7737,103.2351
2013-01-29,24.1522,14.7946,30.674,14.681,102.9384
2013-01-30,24.1577,14.7706,30.6441,14.6583,102.959
2013-01-31,24.1631,14.7326,30.6763,14.6179,102.9778
2013-02-01,24.1686,14.6961,30.7201,14.5671,102.9976
2013-02-03,24.1795,,,,
2013-02-04,24.1849,14.7065,30.7231,14.5479,103.0659
2013-02-05,24.1903,14.6435,30.6673,14.4313,103.0886
2013-02-06,24.1959,14.7026,30.7067,14.4775,103.1119
2013-02-07,24.2013,14.6822,30.6882,14.4048,103.1356
2013-02-08,24.2067,14.6145,30.6813,14.3212,103.1594
2013-02-10,24.2174,,,,
2013-02-11,24.223,14.5489,30.5643,14.2908,103.2303
2013-02-12,24.2284,14.5546,30.6846,14.3298,103.2523
2013-02-13,24.2338,14.6106,30.693,14.3617,103.2745
2013-02-14,24.2392,14.5047,30.648,14.1541,103.2937
2013-02-15,24.2446,14.4666,30.6442,14.1364,102.9522
2013-02-17,24.2554,,,,
2013-02-18,24.2609,14.4915,30.6588,14.1843,103.0229
2013-02-19,24.2664,14.6114,30.6778,14.2926,
2013-02-20,24.2719,14.6159,30.7038,14.2782,103.0725
2013-02-21,24.2773,14.4163,30.6841,14.0679,103.0965
2013-02-22,24.2828,14.4423,30.6784,14.0985,103.1226
2013-02-24,24.2938,,,,
2013-02-25,24.2993,14.401,30.8655,14.0828,103.1919
2013-02-26,24.3047,14.2049,30.8517,13.8873,103.2097
2013-02-27,24.3102,14.2879,30.8692,13.9873,103.2322
2013-02-28,24.3157,14.1092,30.8823,13.7174,103.254
2013-03-01,24.3212,14.238,30.8771,13.8247,102.9714
2013-03-03,24.3322,,,,
2013-03-04,24.3377,14.1535,30.9006,13.7577,103.0478
2013-03-05,24.3433,14.3051,30.9255,13.9807,103.0786
2013-03-06,24.3489,14.3669,30.9339,14.0779,103.1012
2013-03-07,24.3546,14.4921,30.9351,14.1368,103.129
2013-03-08,24.3601,14.6971,30.9455,14.2733,103.1462
2013-03-10,24.3714,,,,
2013-03-11,24.377,14.7309,30.9535,14.2265,103.2199
2013-03-12,24.3827,14.69,30.9494,14.1646,103.251
2013-03-13,24.3882,14.5384,30.9439,13.9586,103.2884
2013-03-14,24.3939,14.6688,30.9591,14.1321,103.34
2013-03-15,24.3995,14.6503,30.9911,14.0574,102.9975
2013-03-17,24.4112,,,,
2013-03-18,24.4172,14.5716,30.9884,13.9688,103.0355
2013-03-19,24.423,14.3756,30.9834,13.7101,103.0632
2013-03-20,24.4287,14.1918,30.9819,13.4866,103.1016
2013-03-21,24.4344,14.1287,30.9869,13.4908,103.157
2013-03-22,24.4402,14.0638,30.9812,13.4563,103.1891
2013-03-24,24.4518,,,,
2013-03-25,24.4577,14.0211,30.9981,13.4002,103.2114
2013-03-26,24.464,14.0945,30.9902,13.4772,103.2285
2013-03-27,24.4699,,,,
2013-03-28,24.4795,14.1991,31.0136,13.578,103.2633
2013-03-29,,,31.0185,,
2013-04-01,24.5163,14.231,31.055,13.6324,
2013-04-02,24.5294,14.3768,31.0775,13.8124,103.2626
2013-04-03,24.5363,14.2929,31.0919,13.6549,103.3274
2013-04-04,24.5419,14.0601,31.0996,13.4167,103.4096
2013-04-05,24.548,14.0479,31.0949,13.4782,103.4164
2013-04-07,24.559,0.0,,,
2013-04-08,24.5645,14.0224,31.1187,13.4526,103.462
2013-04-09,24.5702,13.9389,31.1389,13.3266,103.4716
2013-04-10,24.5758,13.9826,31.1225,13.4579,103.4653
2013-04-11,24.5815,14.0994,31.1374,13.5316,
2013-04-12,24.5872,14.0426,31.1464,13.3635,103.5704
2013-04-14,24.5986,,,,
2013-04-15,24.6045,13.985,31.1685,13.4536,103.6711
2013-04-16,24.6103,14.2436,31.1787,13.7055,103.0719
2013-04-17,24.6161,14.267,31.1958,13.7107,103.0866
2013-04-18,24.6219,14.4401,31.2408,13.9167,103.1589
2013-04-19,,,31.2458,,
2013-04-21,24.6392,,,,
2013-04-22,24.645,14.6259,31.2718,14.0431,103.216
2013-04-23,24.6507,14.5801,31.2609,13.9829,103.2481
2013-04-24,24.6565,,31.2657,,
2013-04-25,24.6623,14.7586,31.3033,14.0593,103.2947
2013-04-26,24.6681,14.7058,31.3278,14.0531,103.3139
2013-04-28,24.6796,,,,
2013-04-29,24.6855,14.8289,31.3398,14.1084,103.3845
2013-04-30,24.6913,14.8945,31.3503,14.1086,103.0655
2013-05-01,24.6971,,,,
2013-05-02,24.7029,15.1032,31.3834,14.229,103.2057
2013-05-03,24.7088,15.0518,31.3656,14.1115,103.2082
2013-05-05,24.7203,,,,
2013-05-06,24.726,15.1497,31.3995,14.2356,103.2821
2013-05-07,24.7318,15.2704,31.4319,14.3852,103.3087
2013-05-08,24.7375,15.3597,31.4751,14.3518,103.3404
2013-05-09,24.7432,15.2634,31.4968,14.2864,103.3949
2013-05-10,24.7491,15.3358,31.4982,14.3731,103.4157
2013-05-12,24.7604,,,,
2013-05-13,24.7661,15.1284,31.4879,14.1432,103.4824
2013-05-14,24.7718,15.2336,31.5705,14.2231,103.5159
2013-05-15,24.7776,15.5617,31.5899,14.5276,103.113
2013-05-16,24.7833,15.5917,31.5827,14.5877,103.141
2013-05-17,24.7891,15.6811,31.5851,14.6518,103.1745
2013-05-19,24.8004,,,,
2013-05-20,24.8061,15.5963,31.5989,14.5075,103.2356
2013-05-21,24.8118,15.4753,31.5881,14.395,103.2444
2013-05-22,24.8174,15.4089,31.5981,14.2804,103.2698
2013-05-23,24.823,15.2194,31.6113,13.9275,103.2705
2013-05-24,24.8285,15.3594,31.6135,13.9741,103.2834
2013-05-26,24.8398,,,,
2013-05-27,24.8455,15.508,31.6336,14.1468,103.349
2013-05-28,24.8511,15.5632,31.6184,14.2241,103.3617
2013-05-29,24.8568,15.5996,31.6166,14.1521,103.0877
2013-05-30,24.8624,15.6604,31.6382,14.1108,103.1152
2013-05-31,24.8679,15.4335,31.6046,13.9164,103.1296
2013-06-02,24.8791,,,,
2013-06-03,24.8847,15.2578,31.5998,13.8393,103.1984
2013-06-04,24.8903,15.2142,31.6364,13.8528,103.225
2013-06-05,24.8958,15.2456,31.6295,13.8796,103.2598
2013-06-06,24.9014,15.2391,31.6568,13.8693,103.2957
2013-06-07,24.907,15.2015,31.6497,13.7436,103.3194
2013-06-09,24.9182,,,,
2013-06-10,24.9237,15.1368,31.6326,13.6318,103.3704
2013-06-11,24.9292,14.9065,31.5828,13.3795,103.3832
2013-06-12,24.9347,14.8527,31.5693,13.3408,103.3913
2013-06-13,24.9402,14.6936,31.5726,13.199,103.4056
2013-06-14,24.9455,14.8852,31.5823,13.4526,103.4267
2013-06-16,24.9567,,,,
2013-06-17,24.9622,14.9613,31.6026,13.5024,103.154
2013-06-18,24.9678,14.9532,31.6199,13.4342,103.221
2013-06-19,24.9733,15.0209,31.6167,13.4689,103.2602
2013-06-20,24.9788,14.7284,30.9819,13.142,103.2642
2013-06-21,24.9844,14.7306,31.5604,13.1933,103.2992
2013-06-23,24.9955,,,,
2013-06-24,25.0009,14.4707,31.5935,12.9791,103.3469
2013-06-25,25.0065,14.4939,31.5983,12.9839,103.3595
2013-06-26,25.0121,14.4661,31.5682,12.9478,103.3772
2013-06-27,25.0177,14.5856,31.551,13.1137,103.3957
2013-06-28,25.0257,14.9322,31.6061,13.445,103.4072
2013-07-01,25.0444,15.0643,31.6354,13.6086,
2013-07-02,25.0506,15.0405,31.6447,13.5237,103.2075
2013-07-03,25.0562,14.8874,31.6149,13.2808,103.2267
2013-07-04,25.0619,15.0843,31.7005,13.3744,103.265
2013-07-05,25.0681,15.1472,31.7308,13.4009,103.2854
2013-07-07,25.0783,,,,
2013-07-08,25.0838,15.0639,31.6958,13.2314,103.3431
2013-07-09,25.0893,15.2741,31.7138,13.3168,103.368
2013-07-10,25.0948,15.273,31.7128,13.259,103.3886
2013-07-11,25.1004,15.4709,31.757,13.4425,103.4083
2013-07-12,25.1064,15.6022,31.8051,13.6028,103.4314
2013-07-14,25.117,,,,
2013-07-15,25.1225,15.661,31.8193,13.6813,103.4995
2013-07-16,25.0654,15.4107,31.5549,13.4826,102.6046
2013-07-17,25.0747,15.3551,31.5346,13.4057,102.7023
2013-07-18,25.0859,15.4558,31.6192,13.5266,102.8496
2013-07-19,25.0951,15.3425,31.6159,13.491,102.8672
2013-07-21,25.1088,,,,
2013-07-22,25.1157,15.3172,31.5924,13.4323,102.9274
2013-07-23,25.12,15.3502,31.5579,13.5137,102.8344
2013-07-24,25.0935,15.1837,31.3712,13.2616,102.6244
2013-07-25,25.1012,15.0259,31.5939,13.1914,102.6991
2013-07-26,25.109,15.025,31.591,13.0735,102.7573
2013-07-28,25.1236,,,,
2013-07-29,25.131,14.9306,31.5584,13.0033,102.8554
2013-07-30,25.1385,14.806,31.5287,12.7471,102.8875
2013-07-31,25.146,14.7567,31.463,12.9014,102.9055
2013-08-01,25.1536,14.7515,31.5515,12.766,102.9596
2013-08-02,25.1607,14.6639,31.5368,12.6617,103.0101
2013-08-04,25.1748,,,,
2013-08-05,25.1832,14.6753,31.5483,12.7128,103.1389
2013-08-06,25.1904,14.3633,31.5344,12.3588,103.1471
2013-08-07,25.1974,14.2345,31.5634,12.4816,103.1785
2013-08-08,25.2051,14.3894,31.6269,12.7214,103.2116
2013-08-11,25.2278,,,,
2013-08-12,25.2342,14.5806,31.6104,12.8515,103.2958
2013-08-13,25.2414,14.7677,31.6179,13.0239,103.3152
2013-08-14,25.2486,14.803,31.5721,13.0848,103.364
2013-08-15,25.2559,,,,
2013-08-16,25.263,14.3818,31.4561,12.6349,103.1558
2013-08-18,25.2777,,,,
2013-08-19,25.2847,14.102,31.2745,12.4366,103.207
2013-08-20,25.2918,13.9956,31.2916,12.4137,103.2086
2013-08-21,25.2993,13.8249,31.4778,12.2191,103.3135
2013-08-22,25.3066,13.8944,31.477,12.424,103.3345
2013-08-23,25.3141,14.066,31.5853,12.5759,103.3768
2013-08-25,25.3289,,,,
2013-08-26,25.3361,14.1695,31.5711,12.6806,103.4776
2013-08-27,25.3433,13.7614,31.403,12.2979,103.4881
2013-08-28,25.3507,13.6318,31.3056,12.2443,103.4713
2013-08-29,25.3581,13.8991,31.3412,12.4848,103.1588
2013-08-30,25.3659,14.1497,31.4007,12.6214,103.214
2013-09-01,25.3804,,,,
2013-09-02,25.3877,14.2365,31.5122,12.794,103.3253
2013-09-03,25.3949,13.9014,31.4503,12.3669,103.3815
2013-09-04,25.403,14.0106,31.5182,12.564,103.4408
2013-09-05,25.4121,14.3129,31.6593,12.8133,103.5445
2013-09-06,25.4198,14.4284,31.6505,12.9802,103.5778
2013-09-09,25.4408,,,,
2013-09-10,25.4483,14.8613,31.733,13.3471,103.7133
2013-09-11,25.4558,14.9458,31.7662,13.4542,103.7462
2013-09-12,25.4632,14.8835,31.7783,13.3458,103.7831
2013-09-13,25.4707,14.8914,31.8004,13.3653,103.8036
2013-09-15,25.4852,,,,
2013-09-16,25.4927,14.8783,31.8692,13.2876,103.8949
2013-09-17,25.5003,14.9042,31.8351,13.3498,103.2261
2013-09-18,25.5079,14.9935,31.8899,13.4428,103.3108
2013-09-19,25.5168,15.3962,32.0075,13.819,103.4545
2013-09-20,25.5251,15.2064,31.934,13.6366,103.5346
2013-09-22,25.5398,,,,
2013-09-23,25.5472,14.9949,31.8585,13.408,103.594
2013-09-24,25.5544,15.0645,31.8426,13.3638,103.6
2013-09-25,25.5616,14.9967,31.8851,13.355,103.6534
2013-09-26,25.5691,14.9804,31.916,13.3434,103.6866
2013-09-27,25.5767,14.9389,31.9532,13.2945,103.724
2013-09-29,25.5911,,,,
2013-09-30,25.5987,14.8343,31.9301,13.1286,103.7595
2013-10-01,25.6067,14.9575,31.9686,13.2715,103.2655
2013-10-02,25.6141,,31.974,,
2013-10-03,25.6214,15.1916,32.0673,13.5608,103.3443
2013-10-04,25.629,15.2672,32.0989,13.5546,103.4092
2013-10-06,25.6434,,,,
2013-10-07,25.6508,15.3439,32.1285,13.6097,103.5211
2013-10-08,25.6587,15.3869,32.2513,13.6174,103.7122
2013-10-09,25.6659,15.6088,32.3213,13.7175,103.7191
2013-10-10,25.673,15.6447,32.301,13.7388,103.7396
2013-10-11,25.6801,15.7415,32.3317,13.9215,103.7572
2013-10-13,25.694,,,,
2013-10-14,25.7011,15.7324,32.3093,13.9362,103.8303
2013-10-15,25.7083,15.679,32.2883,13.8854,103.2589
2013-10-16,25.7154,,32.2938,,
2013-10-17,25.7225,15.5453,32.3189,13.7852,103.3326
2013-10-18,25.7294,15.7809,32.4268,14.0524,103.3672
2013-10-20,25.743,,,,
2013-10-21,25.75,15.8894,32.4775,14.1188,103.4516
2013-10-22,25.757,15.877,32.4872,14.115,103.4859
2013-10-23,25.764,15.8677,32.5233,14.0597,103.4986
2013-10-24,25.771,15.9415,32.5346,14.0033,103.5248
2013-10-25,25.7779,15.8675,32.5173,13.95,103.5569
2013-10-27,25.7917,,,,
2013-10-28,25.7986,15.8194,32.5484,13.8624,103.6375
2013-10-29,25.8056,16.1585,32.6515,14.119,103.332
2013-10-30,25.8127,16.1802,32.6125,14.2056,103.3571
2013-10-31,25.8195,16.2736,32.6518,14.3413,103.3858
2013-11-01,25.8264,16.2955,32.6454,14.4273,103.3966
2013-11-04,25.8466,,32.6618,,
2013-11-05,25.8532,16.2853,32.7174,14.4377,103.4962
2013-11-06,25.8599,16.3485,32.6265,14.4002,103.5239
2013-11-07,25.8666,16.3104,32.5983,14.28,103.5073
2013-11-08,25.8733,16.2705,32.5316,14.182,103.5326
2013-11-10,25.8867,,,,
2013-11-11,25.8933,16.24,32.4955,14.0904,103.5975
2013-11-12,25.8999,16.237,32.3947,14.0191,103.6068
2013-11-13,25.9068,16.17,32.4322,13.9225,103.6314
2013-11-14,25.9133,16.2613,32.4418,14.1196,103.6701
2013-11-15,,,32.4474,,
2013-11-17,25.9329,,,,
2013-11-18,25.9394,16.5226,32.4751,14.3228,103.396
2013-11-19,25.946,16.5334,32.5017,14.3778,103.4355
2013-11-20,25.9525,16.444,32.5391,14.1819,103.4681
2013-11-21,25.9591,16.1933,32.488,13.9415,103.474
2013-11-22,25.9656,16.2897,32.5096,13.9552,103.5041
2013-11-24,25.9785,,,,
2013-11-25,25.985,16.5718,32.5583,14.1929,103.6001
2013-11-26,25.9914,16.6084,32.5796,14.0636,103.6402
2013-11-27,25.9979,16.6986,32.6643,14.0241,103.7259
2013-11-28,26.0044,16.7602,32.7085,14.1461,103.7346
2013-11-29,26.0108,16.8709,32.7537,14.3277,103.3436
2013-12-01,26.0236,,,,
2013-12-02,26.03,17.0194,32.7932,14.4415,103.4284
2013-12-03,26.0368,17.0192,32.7924,14.469,103.4693
2013-12-04,26.0431,16.8619,32.7606,14.408,103.4962
2013-12-05,26.0494,16.979,32.8103,14.5651,103.5545
2013-12-06,26.0558,17.0086,32.8026,14.6049,103.5593
2013-12-08,26.0686,,,,
2013-12-09,26.0751,17.1451,32.8598,14.8292,103.618
2013-12-10,26.0815,17.1309,32.8561,14.7766,103.6308
2013-12-11,26.0879,17.1614,32.8339,14.72,103.6643
2013-12-12,26.0942,17.1221,32.8431,14.6114,103.7351
2013-12-13,26.1007,16.9744,32.807,14.4293,103.7247
2013-12-15,26.1136,,,,
2013-12-16,26.1199,16.9674,32.8574,14.5314,103.8019
2013-12-17,26.1264,16.9528,32.834,14.5878,103.3699
2013-12-18,26.1328,17.1442,32.9813,14.7942,103.4075
2013-12-19,26.1391,17.1041,33.0031,14.7525,103.4336
2013-12-20,26.1455,17.3408,33.0843,14.9808,103.4584
2013-12-21,,,33.09,,
2013-12-22,26.1582,,,,
2013-12-23,26.1645,17.3223,33.1548,15.0236,103.5236
2013-12-24,26.1709,17.2848,33.1496,15.0519,103.534
2013-12-25,26.1774,,,,
2013-12-26,26.1837,17.2918,33.1844,15.0569,103.5763
2013-12-27,26.19,17.4295,33.2216,15.1338,103.5893
2013-12-29,26.2029,,,,
2013-12-30,26.2093,17.3906,33.2426,15.058,103.6429
2013-12-31,26.2169,17.4279,33.267,15.1634,103.3941
2014-01-01,26.2235,17.4606,33.2578,15.1641,103.446
2014-01-02,26.2298,17.2465,33.2215,14.9258,103.4808
2014-01-03,26.2362,17.3062,33.2596,14.9541,103.506
2014-01-05,26.2489,,,,
2014-01-06,26.2553,17.3726,33.1183,14.9235,103.5815
2014-01-07,26.2617,17.3428,33.1179,14.856,103.5881
2014-01-08,26.2681,17.4401,33.1048,14.8357,103.5945
2014-01-09,26.2744,17.3968,33.1135,14.7928,103.5989
2014-01-10,26.2807,17.347,33.1133,14.7676,103.6477
2014-01-12,26.2934,,,,
2014-01-13,26.2998,17.4915,33.1891,14.9695,103.721
2014-01-14,26.3061,17.4504,33.185,14.8923,
2014-01-15,26.3125,17.6156,33.2341,15.0219,103.7752
2014-01-16,26.3189,17.5559,33.2535,15.0355,103.3942
2014-01-17,26.3252,17.2904,33.1938,14.8613,103.4134
2014-01-19,26.3379,,,,
2014-01-20,26.3443,17.432,33.2606,15.0026,103.4895
2014-01-21,26.3506,17.4136,33.2731,15.0291,103.5305
2014-01-22,26.357,17.4253,33.271,15.111,103.5532
2014-01-23,26.3633,17.459,33.2825,15.0994,103.5792
2014-01-24,26.3696,17.2293,33.2323,14.9307,103.6008
2014-01-26,26.3823,,,,
2014-01-27,26.3887,16.949,33.1357,14.6153,103.6718
2014-01-28,26.3949,16.9029,33.0627,14.531,103.6757
2014-01-29,26.4011,16.9315,33.059,14.5958,103.4118
2014-01-30,26.4072,16.8303,32.9481,14.4573,103.4259
2014-01-31,26.4134,16.9655,33.0176,14.6318,103.4429
2014-02-02,26.4258,,,,
2014-02-03,26.4319,16.8643,33.0118,14.4507,103.5223
2014-02-04,26.4381,16.886,32.9965,14.465,103.5533
2014-02-05,26.4443,16.9623,33.0271,14.4861,103.5806
2014-02-06,26.4505,16.9746,33.0351,14.4906,103.6157
2014-02-07,26.4568,17.0349,33.0979,14.5266,103.6364
2014-02-09,26.4692,,,,
2014-02-10,26.4754,17.0094,33.1096,14.4875,103.7039
2014-02-11,26.4816,17.0838,33.0822,14.5698,103.7273
2014-02-12,26.4878,17.1504,33.0892,14.6409,103.7487
2014-02-13,26.494,16.9622,33.0386,14.4582,103.7594
2014-02-14,26.5002,17.0933,33.0458,14.5321,103.785
2014-02-16,26.5127,,,,
2014-02-17,26.5189,17.1245,33.1427,14.5667,103.4821
2014-02-18,26.5252,17.3448,33.2698,14.7053,103.5059
2014-02-19,26.5314,17.4558,33.2091,14.8192,
2014-02-20,26.5376,17.3602,33.2042,14.7635,103.5667
2014-02-21,26.5438,17.534,33.2961,14.9225,103.5927
2014-02-23,26.5563,,,,
2014-02-24,26.5625,17.6829,33.4027,15.0174,103.6626
2014-02-25,26.569,17.7507,33.443,15.0578,103.687
2014-02-26,26.5753,17.8435,33.5375,15.1423,103.7081
2014-02-27,26.5816,,,,
2014-02-28,26.5879,17.9986,33.4958,15.2367,103.7646
2014-03-02,26.6005,,,,
2014-03-03,26.6068,17.9248,33.4822,15.108,103.4879
2014-03-04,26.6132,18.0637,33.6518,15.3215,103.4922
2014-03-05,26.6196,18.1757,33.72,15.4493,103.5515
2014-03-06,26.626,18.338,33.822,15.624,103.5859
2014-03-07,26.6326,18.4912,33.8733,15.7893,103.6353
2014-03-09,26.6458,,,,
2014-03-10,26.6523,18.5498,33.8479,15.8336,103.746
2014-03-11,26.6589,18.5457,33.9443,15.7797,103.8533
2014-03-12,26.6656,18.6535,33.918,15.775,103.8563
2014-03-13,26.6724,18.6354,33.8708,15.7414,103.9202
2014-03-14,26.6792,18.6636,33.8191,15.7305,103.9564
2014-03-17,26.6993,,,,
2014-03-18,26.7062,18.7905,33.8637,15.856,104.0619
2014-03-19,26.7131,18.8426,33.908,15.8849,104.0916
2014-03-20,26.7201,18.8054,33.9027,15.7631,104.0972
2014-03-21,26.727,18.8267,33.9409,15.8077,104.2069
2014-03-23,26.7409,,,,
2014-03-24,26.7484,19.0559,34.0039,15.9637,104.3035
2014-03-25,26.7554,19.1559,33.9937,16.0131,104.4319
2014-03-26,26.7624,19.1321,33.998,16.0209,104.3934
2014-03-27,26.7694,19.1714,34.1115,16.1047,104.4245
2014-03-28,26.7777,19.3006,34.2524,16.295,104.6408
2014-03-31,26.805,19.4192,34.3716,16.4337,104.7403
2014-04-01,26.8131,19.2809,34.4386,16.3998,
2014-04-02,26.8201,19.3511,34.4663,16.5762,104.6459
2014-04-03,26.8272,19.3331,34.4587,16.5041,104.6613
2014-04-04,26.8337,19.2274,34.5208,16.4255,104.6173
2014-04-06,26.8477,,,,
2014-04-07,26.8542,19.227,34.5081,16.4194,104.6708
2014-04-08,26.8612,,,,
2014-04-09,26.8678,19.4787,34.6294,16.636,104.6926
2014-04-10,26.8747,19.5023,34.6955,16.6791,104.7079
2014-04-11,26.8814,19.4665,34.8263,16.5678,104.7961
2014-04-14,26.9019,,,,
2014-04-15,26.9086,19.4304,34.8415,16.4793,104.8973
2014-04-16,26.9154,19.2266,34.8088,16.2824,104.979
2014-04-17,26.9221,19.4383,35.0202,16.5079,104.9728
2014-04-20,26.9423,,,,
2014-04-21,26.949,19.5891,35.2201,16.6546,105.1503
2014-04-22,26.9557,19.6741,35.2249,16.6901,105.3231
2014-04-23,26.9624,19.8523,35.277,16.755,105.3895
2014-04-24,26.9691,,,,
2014-04-25,26.9753,19.6863,35.3158,16.6603,105.4519
2014-04-27,26.9891,,,,
2014-04-28,26.9958,19.7565,35.4212,16.643,105.5157
2014-04-29,27.0024,19.6588,35.3096,16.4949,105.6008
2014-04-30,27.009,19.5769,35.1457,16.4493,105.6958
2014-05-01,27.0157,,,,
2014-05-02,27.0224,19.6001,35.0865,16.4055,105.7909
2014-05-04,27.0356,,,,
2014-05-05,27.0422,19.615,35.0838,16.4094,105.9859
2014-05-06,27.0488,19.6623,35.0292,16.4314,106.009
2014-05-07,27.0553,19.6396,34.9808,16.3084,106.0297
2014-05-08,27.0619,19.706,34.9568,16.3463,106.0486
2014-05-09,27.0686,20.0994,35.1143,16.7704,106.1508
2014-05-11,27.0815,,,,
2014-05-12,27.0881,20.4204,35.0663,17.0811,106.283
2014-05-13,27.0947,20.553,35.1825,17.3691,106.2773
2014-05-14,27.1012,20.4753,,17.3858,
2014-05-15,27.1077,20.4944,35.1011,17.2971,106.371
2014-05-16,27.1137,20.6892,35.2264,17.7003,106.578
2014-05-18,27.1274,,,,
2014-05-19,27.1338,20.9973,35.3626,18.0749,106.5839
2014-05-20,27.1406,21.1322,35.5816,18.2096,106.5899
2014-05-21,27.1474,21.2438,35.7331,18.284,106.6686
2014-05-22,27.154,21.4746,35.9131,18.4562,106.7537
2014-05-23,27.1604,21.6334,35.962,18.7953,106.9316
2014-05-25,27.1733,,,,
2014-05-26,27.1798,21.5244,35.7583,18.7217,106.9784
2014-05-27,27.1863,21.5816,35.6921,18.6606,107.0365
2014-05-28,27.1928,21.5662,35.8232,18.7759,107.0496
2014-05-29,27.1994,21.443,35.7832,18.5928,107.1021
2014-05-30,27.206,21.5867,35.808,18.4698,107.1905
2014-06-01,27.2189,,,,
2014-06-02,27.2252,21.9387,36.0403,18.8857,107.236
2014-06-03,27.2319,22.1067,36.1302,18.9956,107.4231
2014-06-04,27.2385,22.2,36.2579,19.0685,107.5222
2014-06-05,27.2449,22.3183,36.399,19.3489,107.6529
2014-06-06,27.2514,22.532,36.5904,19.5433,107.7408
2014-06-08,27.2643,,,,
2014-06-09,27.2708,22.7465,36.8518,19.765,107.8767
2014-06-10,27.2773,22.9365,36.9468,19.7891,107.878
2014-06-11,27.2838,22.7528,36.8234,19.7583,107.8761
2014-06-12,27.2902,22.9122,36.7601,19.8035,107.9228
2014-06-13,27.2963,22.6572,36.4924,19.5601,107.976
2014-06-15,27.3094,,,,
2014-06-16,27.3157,22.6519,36.5217,19.5086,107.9536
2014-06-17,27.3222,22.962,36.621,19.7723,107.9426
2014-06-18,27.3286,22.9573,36.65,19.6428,107.9489
2014-06-19,27.3352,22.8413,36.5263,19.5007,107.9016
2014-06-20,27.3415,22.712,36.557,19.4017,107.8502
2014-06-22,27.3542,,,,
2014-06-23,27.3605,22.735,36.4175,19.4828,107.8791
2014-06-24,27.3668,22.868,36.5613,19.6679,107.9086
2014-06-25,27.3732,22.8644,36.6885,19.6921,107.9552
2014-06-26,27.3796,22.8592,36.6332,19.5981,108.0195
2014-06-27,27.386,23.056,36.7123,19.7392,108.0211
2014-06-29,27.3987,,,,
2014-06-30,27.4057,23.4051,36.9414,20.1124,108.1211
2014-07-01,27.4131,23.6544,36.9762,20.2354,
2014-07-02,27.4196,24.016,37.4514,20.4426,108.251
2014-07-03,27.426,24.1979,37.3962,20.5302,108.2774
2014-07-04,27.4323,24.2967,37.496,20.5459,108.3324
2014-07-06,27.4449,,,,
2014-07-07,27.4513,24.275,37.5056,20.5836,108.3898
2014-07-08,27.4576,23.7186,37.1313,20.0262,108.3878
2014-07-09,27.4639,23.4313,36.9564,19.7643,108.4151
2014-07-10,27.4701,23.5146,37.0771,19.7887,108.4249
2014-07-11,27.4762,23.2346,36.7241,19.4787,108.1137
2014-07-13,27.4888,,,,
2014-07-14,27.495,23.2051,36.7263,19.42,107.9854
2014-07-15,27.5014,23.6,37.0449,19.7704,108.0604
2014-07-16,27.5077,23.901,37.5456,20.0502,108.1362
2014-07-17,27.5141,24.2263,37.6555,20.13,108.2175
2014-07-18,27.5205,24.2664,37.6211,20.1216,108.2555
2014-07-20,27.533,,,,
2014-07-21,27.5394,24.3276,37.6895,20.1456,108.3794
2014-07-22,27.5456,24.4144,37.6725,20.1828,108.4712
2014-07-23,27.5517,24.3382,37.5776,20.2631,108.5746
2014-07-24,27.5579,24.3907,37.3938,20.3446,108.6962
2014-07-25,27.5643,24.4078,37.3283,20.1615,108.7179
2014-07-27,27.5769,,,,
2014-07-28,27.5832,24.379,37.2808,20.0988,108.7696
2014-07-29,27.5895,,,,
2014-07-30,27.5959,24.4922,37.4191,20.062,108.7581
2014-07-31,27.6022,24.3442,37.2912,19.9239,108.8084
2014-08-01,27.6086,23.9306,37.3011,19.7328,108.7849
2014-08-03,27.6213,,,,
2014-08-04,27.6277,24.1119,37.4721,20.0161,108.8673
2014-08-05,27.6341,24.3007,37.4906,20.1673,108.7745
2014-08-06,27.6404,24.2479,37.3793,20.0311,108.6927
2014-08-07,27.6468,24.1782,37.3269,19.9777,108.7486
2014-08-08,27.6531,23.8891,37.2728,19.6787,108.7279
2014-08-10,27.6659,,,,
2014-08-11,27.6723,24.0808,37.2669,19.7947,108.8297
2014-08-12,27.6787,24.3387,37.3673,19.9321,108.8541
2014-08-13,27.6851,24.3864,37.2429,19.9797,108.9453
2014-08-14,27.6915,24.5198,37.4988,20.0711,108.9888
2014-08-18,27.7173,24.7553,37.7987,20.3665,
2014-08-19,27.7237,25.0309,37.8322,20.5276,109.1381
2014-08-20,27.7301,25.1107,37.9221,20.5059,109.199
2014-08-21,27.7366,25.2649,37.9101,20.6579,109.1791
2014-08-22,27.7431,25.3697,38.229,20.7944,109.2192
2014-08-24,27.7559,,,,
2014-08-25,27.7624,25.5033,38.5089,20.7768,109.2596
2014-08-26,27.769,25.4898,38.5566,20.714,109.2961
2014-08-27,27.7754,25.6423,38.7438,20.8028,109.3655
2014-08-28,27.7821,25.6427,38.6759,20.8633,109.3934
2014-08-31,27.8016,,,,
2014-09-01,27.8081,25.8567,38.822,21.1961,109.5116
2014-09-02,27.8146,26.1127,38.8758,21.2769,109.5448
2014-09-03,27.8211,26.2996,39.1931,21.4935,109.6166
2014-09-04,27.8277,26.3266,39.3929,21.4261,109.6473
2014-09-05,27.8342,26.3654,39.4447,21.5339,109.6985
2014-09-07,27.8472,,,,
2014-09-08,27.8538,26.6756,39.8876,21.8269,109.8163
2014-09-09,27.8603,26.7198,39.9404,21.8095,109.721
2014-09-10,27.8669,26.6955,40.079,21.6806,109.8244
2014-09-11,27.8734,26.9513,40.0504,21.8595,109.8546
2014-09-12,27.8799,27.0259,39.9154,21.8769,109.8922
2014-09-14,27.893,,,,
2014-09-15,27.8996,26.9339,40.1784,21.882,109.9641
2014-09-16,27.9062,26.2875,39.6792,21.3963,109.9902
2014-09-17,27.9128,26.304,39.6167,21.4862,110.0495
2014-09-18,27.9195,26.7414,40.055,21.9147,110.1537
2014-09-19,27.9262,26.9457,40.1908,21.8276,110.2016
2014-09-21,27.9395,,,,
2014-09-22,27.9461,26.8572,40.2295,21.8568,110.3306
2014-09-23,27.9528,26.4886,39.8477,21.5175,110.361
2014-09-24,27.9595,26.3201,39.9335,21.3659,110.4004
2014-09-25,27.9661,26.0441,39.7424,21.0385,110.4443
2014-09-26,27.9727,26.1973,39.662,21.3035,110.5813
2014-09-28,27.9858,,,,
2014-09-29,27.9924,26.3527,39.8013,21.3504,110.6058
2014-09-30,28.0002,26.5027,39.8683,21.3925,110.6084
2014-10-01,28.006,26.4262,40.0008,21.2853,110.6379
2014-10-06,28.0406,,,,
2014-10-07,28.0473,26.1357,39.993,21.0501,110.878
2014-10-08,28.0542,26.0109,39.8984,20.9858,110.9817
2014-10-09,28.0608,26.3647,40.0505,21.3712,110.9422
2014-10-10,28.0674,25.9356,39.8034,21.1257,111.0732
2014-10-12,28.0806,,,,
2014-10-13,28.0873,26.1395,39.8658,21.2817,111.165
2014-10-14,28.094,26.0296,40.0185,21.2408,111.3032
2014-10-15,28.1006,,,,
2014-10-16,28.1073,25.544,39.8599,20.9038,111.4989
2014-10-17,28.114,25.5407,39.82,21.0171,111.5184
2014-10-19,28.1272,,,,
2014-10-20,28.1338,25.9058,40.0595,21.353,111.6753
2014-10-21,28.1404,26.2067,40.2162,21.5918,111.7859
2014-10-22,28.1466,26.5601,40.243,21.8551,111.8628
2014-10-26,28.1734,,,,
2014-10-27,28.1801,26.8094,40.3569,21.8616,112.0815
2014-10-28,28.1867,26.971,40.5753,21.996,112.18
2014-10-29,28.1934,27.0544,40.7219,22.1388,112.2563
2014-10-30,28.2001,27.2917,40.6577,22.347,112.3874
2014-10-31,28.2069,27.7075,40.8608,22.7578,112.549
2014-11-02,28.2203,,,,
2014-11-03,28.227,27.7722,40.8047,22.7017,112.7413
2014-11-04,28.2336,,,,
2014-11-05,28.2404,27.8847,41.1598,22.794,113.0
2014-11-06,28.247,,,,
2014-11-07,28.2538,28.0049,41.2118,22.8806,113.0631
2014-11-09,28.2669,,,,
2014-11-10,28.2736,28.0042,41.189,22.8659,113.2158
2014-11-11,28.2802,28.2391,41.2873,23.0631,113.233
2014-11-12,28.2868,28.3193,41.5689,23.1128,113.2863
2014-11-13,28.2934,28.3492,41.4428,23.0467,113.1662
2014-11-14,28.3,28.4932,41.4928,23.1963,113.1821
2014-11-16,28.3132,,,,
2014-11-17,28.3199,28.6139,41.5882,23.3364,113.3374
2014-11-18,28.3265,28.71,41.6985,23.4951,113.4102
2014-11-19,28.3332,28.7373,41.5746,23.3673,113.4418
2014-11-20,28.3398,28.8198,41.6964,23.3456,113.4823
2014-11-21,28.3465,28.9801,41.6807,23.5458,113.5065
2014-11-23,28.3598,,,,
2014-11-24,28.3664,29.0243,41.7115,23.6832,113.5794
2014-11-25,28.373,28.7035,41.4122,23.5233,113.6379
2014-11-26,28.3795,28.7161,41.4171,23.5148,113.6632
2014-11-27,28.3861,28.7032,41.458,23.601,113.6867
2014-11-28,28.3926,29.0311,41.5949,23.9915,113.8838
2014-11-30,28.4057,,,,
2014-12-01,28.4124,28.983,41.6301,24.0141,114.0367
2014-12-02,28.419,29.0315,42.0164,23.9993,114.3339
2014-12-03,28.4256,29.2435,42.1938,24.2533,114.3739
2014-12-04,28.4321,29.3911,42.8363,24.3271,114.375
2014-12-05,28.4387,29.3389,43.1095,24.1536,114.4292
2014-12-07,28.4517,,,,
2014-12-08,28.4582,29.1879,43.158,23.7779,114.5229
2014-12-09,28.4648,28.8865,42.8366,23.4637,114.6075
2014-12-10,28.4713,28.8866,42.7592,23.5379,114.5532
2014-12-11,28.4779,28.9082,42.5564,23.4096,114.6519
2014-12-12,28.4846,28.6958,42.3191,23.2532,114.7909
2014-12-14,28.4975,,,,
2014-12-15,28.5039,28.6602,42.1695,23.1125,114.8848
2014-12-16,28.5104,28.1571,41.7876,22.6709,114.3427
2014-12-17,28.5169,27.9985,41.5318,22.5613,114.3381
2014-12-18,28.5234,28.6529,41.9608,23.0164,114.4956
2014-12-19,28.5299,28.794,42.0515,23.1536,114.4116
2014-12-21,28.543,,,,
2014-12-22,28.5493,29.0177,42.2996,23.3659,114.5061
2014-12-23,28.5559,28.9268,42.038,23.2479,114.6022
2014-12-24,28.5624,28.7047,42.0098,23.1541,114.5759
2014-12-25,28.569,,,,
2014-12-26,28.5754,28.8359,42.0191,23.2489,114.5973
2014-12-28,28.5886,,,,
2014-12-29,28.5952,29.0845,42.102,23.4536,114.7535
2014-12-30,28.6019,29.1987,42.1408,23.5498,114.9108
2014-12-31,28.6091,29.4276,42.2877,23.6095,115.0256
2015-01-01,28.616,29.5761,42.4985,23.6528,115.0622
2015-01-02,28.6226,29.9872,42.5325,23.8685,115.0298
2015-01-04,28.6357,,,,
2015-01-05,28.6423,29.9841,42.5467,23.9306,115.0697
2015-01-06,28.6489,29.2677,41.9532,23.2978,115.0098
2015-01-07,28.6555,29.2748,41.8746,23.1888,115.0964
2015-01-08,28.6621,29.7028,42.1954,23.5557,115.1534
2015-01-09,28.6687,29.8206,42.3017,23.6919,115.2179
2015-01-11,28.6819,,,,
2015-01-12,28.6885,30.0342,42.7468,23.8558,115.4215
2015-01-13,28.6951,30.0581,43.0722,23.8283,115.5874
2015-01-14,28.7017,30.1817,43.0518,23.7675,115.6112
2015-01-15,28.7084,30.6178,43.3244,24.2222,115.9938
2015-01-16,28.715,30.8147,43.3962,24.317,116.1579
2015-01-18,28.7282,,,,
2015-01-19,28.7348,30.9549,43.3996,24.5131,116.243
2015-01-20,28.7414,31.0859,43.2958,24.6911,116.2527
2015-01-21,28.748,31.1253,43.5297,24.7599,116.3456
2015-01-22,28.7546,31.1537,43.336,24.8819,116.3811
2015-01-23,28.7612,31.2909,43.3195,25.0677,116.4146
2015-01-26,28.7808,,,,
2015-01-27,28.7875,31.7096,43.5299,25.3339,116.4896
2015-01-28,28.7941,31.6708,43.3233,25.421,116.5474
2015-01-29,28.8007,31.5677,43.6312,25.385,116.583
2015-01-30,28.8074,31.2553,43.3838,25.0624,116.5922
2015-02-01,28.8206,,,,
2015-02-02,28.8272,31.3209,43.8334,25.1129,116.7716
2015-02-03,28.8337,31.1223,43.6408,25.0832,116.6952
2015-02-04,28.8403,30.8819,43.3804,24.9246,116.6401
2015-02-05,28.8469,30.8805,43.1618,24.8215,116.6397
2015-02-06,28.8535,30.5713,42.9024,24.5556,116.6382
2015-02-08,28.8667,,,,
2015-02-09,28.8733,30.2365,42.6551,24.2059,116.6428
2015-02-10,28.8799,30.3335,42.7744,24.3834,116.6639
2015-02-11,28.8865,30.7771,43.0751,24.5886,116.669
2015-02-12,28.8931,31.1078,43.3558,24.9342,116.6546
2015-02-13,28.8997,31.418,43.5809,25.2094,116.7452
2015-02-15,28.9129,,,,
2015-02-16,28.9195,31.4458,43.6674,25.142,116.8223
2015-02-17,28.926,,,,
2015-02-18,28.9326,31.8978,43.8536,25.3552,116.8588
2015-02-19,28.9392,31.9522,43.954,25.4505,
2015-02-20,28.9458,31.7886,44.1967,25.3486,116.9274
2015-02-22,28.9591,,,,
2015-02-23,28.9657,31.6449,44.2119,25.1001,116.9984
2015-02-24,28.9723,31.6726,44.3655,25.0551,117.0714
2015-02-25,28.9789,31.5283,44.5169,25.0647,117.136
2015-02-26,28.9857,31.1419,44.2141,24.7007,117.1316
2015-02-27,28.9925,31.61,44.5852,25.1922,117.1873
2015-03-01,29.0062,,,,
2015-03-02,29.0128,32.332,44.8413,25.8113,117.2585
2015-03-03,29.0196,32.7511,44.835,25.8821,117.2102
2015-03-04,29.0269,32.6889,44.7062,25.7662,117.4492
2015-03-05,29.034,33.0907,44.9791,25.7857,117.4822
2015-03-08,29.0546,,,,
2015-03-09,29.0612,32.6533,44.8287,25.3653,117.449
2015-03-10,29.068,32.4392,44.8872,25.2727,117.4224
2015-03-11,29.0746,32.4226,44.9324,25.1691,117.412
2015-03-12,29.0813,32.6953,45.1561,25.4292,117.4767
2015-03-13,29.0881,32.3025,44.7963,24.9985,117.3557
2015-03-15,29.1021,,,,
2015-03-16,29.1089,32.2082,44.7028,24.9966,117.4257
2015-03-17,29.1157,32.5896,44.8675,25.2614,117.4812
2015-03-18,29.1225,32.5553,45.2129,25.1868,117.4713
2015-03-19,29.1293,32.4866,45.5074,25.0654,117.5422
2015-03-20,29.1361,32.3691,45.3497,24.8457,117.6167
2015-03-22,29.15,,,,
2015-03-23,29.1566,32.2228,45.2108,24.6014,117.6634
2015-03-24,29.1631,32.1688,45.6127,24.5289,117.7014
2015-03-25,29.1698,31.8863,45.8806,24.601,117.721
2015-03-26,29.1768,31.3885,45.4437,24.1744,117.7366
2015-03-27,29.1838,31.4144,45.4589,24.2816,117.7888
2015-03-29,29.1978,,,,
2015-03-30,29.2056,31.906,45.7778,24.7205,117.8781
2015-03-31,29.2191,31.9463,45.8432,24.8173,118.0538
2015-04-01,,32.3301,,24.9774,
2015-04-05,29.2588,,,,
2015-04-06,29.2665,32.6869,46.6118,25.1357,118.3359
2015-04-07,29.2735,32.6857,46.6399,25.0988,118.3426
2015-04-08,29.2801,32.9273,46.5189,25.3594,118.3201
2015-04-09,29.2871,33.1982,46.6422,25.4355,118.4202
2015-04-10,29.2936,33.136,46.7435,25.4342,118.4427
2015-04-12,29.3073,,,,
2015-04-13,29.314,33.2823,47.1096,25.4607,118.5303
2015-04-14,29.3208,,,,
2015-04-15,29.3276,33.0515,47.3503,25.2197,118.5848
2015-04-16,29.3343,32.8264,47.308,25.0457,118.6022
2015-04-17,29.3411,32.3058,46.9038,24.7472,118.6016
2015-04-19,29.3548,,,,
2015-04-20,29.3616,31.8738,46.8014,24.3175,118.6696
2015-04-21,29.3684,31.5093,46.6495,24.2302,118.7199
2015-04-22,29.3751,31.5142,46.7639,24.2623,118.7833
2015-04-23,29.3819,31.4737,46.7161,24.1274,118.7552
2015-04-24,29.3887,30.8648,46.145,23.807,118.7424
2015-04-26,29.4023,,,,
2015-04-27,29.409,30.3803,45.4246,23.6176,118.7981
2015-04-28,29.4158,30.6372,45.9896,23.9604,118.8214
2015-04-29,29.4227,30.829,46.4326,23.9581,118.7676
2015-04-30,29.4294,30.8966,46.1647,23.8871,118.6387
2015-05-04,29.4569,31.2359,46.3984,24.2991,
2015-05-05,29.4635,31.3228,46.5402,24.2251,118.7349
2015-05-06,29.4702,30.494,45.8819,23.4804,118.6148
2015-05-07,29.4768,30.1706,45.5237,23.2601,118.376
2015-05-08,29.4835,30.7078,45.7721,23.5699,118.3858
2015-05-10,29.497,,,,
2015-05-11,29.5038,31.2258,46.2114,23.9045,118.671
2015-05-12,29.5106,30.732,45.8605,23.3741,118.5949
2015-05-13,29.5174,31.1284,46.19,23.7317,118.5796
2015-05-14,29.5243,31.1969,46.1093,23.8744,118.5984
2015-05-15,29.531,31.4703,46.433,23.9606,118.638
2015-05-17,29.5448,,,,
2015-05-18,29.5519,31.7115,46.5611,24.2303,118.8277
2015-05-19,29.5588,31.6987,46.6403,24.2613,119.0042
2015-05-20,29.5655,31.865,46.756,24.3303,119.0625
2015-05-21,29.5726,31.9179,46.8116,24.4188,119.0962
2015-05-22,29.5794,32.0902,46.8631,24.4413,119.1641
2015-05-24,29.5925,,,,
2015-05-25,29.5994,31.9221,46.7232,24.3027,119.2195
2015-05-26,29.6063,31.7168,46.7688,24.2644,119.1981
2015-05-27,29.6131,31.4793,46.8735,24.3084,119.2361
2015-05-28,29.6199,31.3662,47.0061,24.3028,119.3367
2015-05-29,29.6269,31.8416,47.2812,24.5983,119.4459
2015-05-31,29.64,,,,
2015-06-01,29.647,31.6586,47.2125,24.5501,119.5416
2015-06-02,29.6537,31.1166,46.7161,24.0843,119.1982
2015-06-03,29.6605,30.7576,46.306,23.7295,119.0994
2015-06-04,29.6673,30.815,46.4376,23.8115,118.9151
2015-06-05,29.6739,30.7798,46.5337,23.7208,119.0347
2015-06-07,29.6871,,,,
2015-06-08,29.6937,30.4278,46.2913,23.48,119.0629
2015-06-09,29.7004,30.29,45.844,23.4042,119.1989
2015-06-10,29.7071,30.6897,46.4116,23.7336,119.091
2015-06-11,29.7137,30.2249,45.8397,23.2339,118.8986
2015-06-12,29.7203,30.0924,46.042,23.2541,118.8557
2015-06-14,29.7336,,,,
2015-06-15,29.7401,30.2065,45.9768,23.3314,119.029
2015-06-16,29.7466,30.2884,46.0275,23.422,118.9396
2015-06-17,29.7532,30.5807,46.1466,23.6298,119.1569
2015-06-18,29.7597,31.0028,46.288,23.9182,119.5056
2015-06-19,29.7664,31.1488,46.3519,23.9869,119.761
2015-06-21,29.7793,,,,
2015-06-22,29.7858,31.5446,46.7138,24.314,119.7631
2015-06-23,29.7923,31.6685,46.7231,24.4327,119.7242
2015-06-24,29.7989,31.6101,46.6983,24.3374,119.586
2015-06-25,29.8054,31.7998,46.6303,24.4484,119.4568
2015-06-26,29.8121,31.7973,46.6247,24.4435,119.5192
2015-06-28,29.8251,,,,
2015-06-29,29.8317,31.4268,46.3877,24.1628,119.3389
2015-06-30,29.8396,31.6504,46.4944,24.3172,119.4628
2015-07-01,29.8462,31.9387,46.7598,24.6845,119.6428
2015-07-02,29.8528,32.0166,46.75,24.7617,119.7538
2015-07-03,29.8595,32.0196,46.9281,24.8297,119.8612
2015-07-05,29.8724,,,,
2015-07-06,29.8791,32.1055,46.9771,24.989,120.0581
2015-07-07,29.8856,32.1924,47.0003,24.98,120.0419
2015-07-08,29.8921,31.7819,46.5091,24.7241,120.0759
2015-07-09,29.8986,31.6663,46.5648,24.6404,120.0964
2015-07-10,29.9052,31.8118,46.7161,24.8298,120.1484
2015-07-12,29.9184,,,,
2015-07-13,29.9249,32.1829,47.0181,25.1261,119.9544
2015-07-14,29.9315,32.1318,47.0765,25.0818,120.0999
2015-07-15,29.938,32.3862,47.1169,25.215,120.1371
2015-07-16,29.9445,32.751,47.5014,25.4921,120.1474
2015-07-17,29.9511,32.7746,47.4565,25.5135,120.1974
2015-07-19,29.9643,,,,
2015-07-20,29.9708,32.8068,47.3233,25.486,120.227
2015-07-21,29.9774,32.3062,46.7045,25.2492,120.2742
2015-07-22,29.9839,32.4932,46.9556,25.5973,120.3286
2015-07-23,29.9904,32.3357,46.9692,25.6279,120.4142
2015-07-24,29.997,32.3235,46.8783,25.3293,120.411
2015-07-26,30.0102,,,,
2015-07-27,30.0166,31.928,46.6649,24.8146,120.5074
2015-07-28,30.0231,31.9281,46.7418,24.8213,120.7053
2015-07-29,30.0296,32.2103,46.9588,25.0338,120.7768
2015-07-30,30.0361,32.3404,46.9749,25.1135,120.7773
2015-07-31,30.0425,32.467,47.2648,25.3581,120.858
2015-08-02,30.0556,,,,
2015-08-03,30.062,32.4681,47.2923,25.3743,120.9192
2015-08-04,30.0685,32.8123,47.4579,25.3628,120.8481
2015-08-05,30.075,33.2522,47.4126,25.5498,120.864
2015-08-06,30.0813,33.3743,47.273,25.7285,120.9792
2015-08-07,30.0879,33.4199,47.2899,25.6753,120.9962
2015-08-09,30.1011,,,,
2015-08-10,30.1076,33.3264,47.2341,25.5996,121.1234
2015-08-11,30.1139,33.2314,47.1728,25.3892,121.1502
2015-08-12,30.1204,32.8422,46.8326,24.9941,121.1846
2015-08-13,30.1267,32.8864,46.8814,25.0586,121.3935
2015-08-14,30.1332,33.5072,47.0322,25.5171,121.4723
2015-08-16,30.1463,,,,
2015-08-17,30.1524,33.5512,47.1359,25.4857,121.5407
2015-08-18,30.1587,33.646,47.1036,25.5622,
2015-08-19,30.1649,33.9152,47.1937,25.7371,121.6068
2015-08-20,30.1712,33.4963,46.9203,25.25,121.6568
2015-08-21,30.1777,33.2579,46.8112,25.0656,121.5475
2015-08-23,30.1905,,,,
2015-08-24,30.1967,31.2214,44.5233,23.407,121.2877
2015-08-25,30.203,31.3289,44.6726,23.8135,121.4763
2015-08-26,30.2093,31.0287,44.702,23.6063,121.5738
2015-08-27,30.2156,31.8271,45.2391,23.9878,121.6848
2015-08-28,30.2219,31.8836,45.6951,24.1199,121.688
2015-08-30,3023.47,,,,
2015-08-31,3024.094,31.7904,45.5376,24.0781,121.7255
2015-09-01,3024.7217,31.1741,44.8299,23.4753,121.8545
2015-09-02,3025.3461,31.1915,44.6353,23.2252,121.8592
2015-09-03,3025.9735,31.5328,44.8316,23.5001,121.8344
2015-09-04,3026.5983,30.918,44.2901,23.0544,121.7976
2015-09-06,3027.9099,,,,
2015-09-07,3028.5349,30.5063,43.5462,22.6228,121.7402
2015-09-08,3029.156,30.6846,43.8319,22.9928,121.8281
2015-09-09,3029.7792,31.1632,44.2422,23.4313,121.8833
2015-09-10,3030.3753,31.1556,44.1792,23.3613,121.8109
2015-09-11,3030.9723,31.1477,44.2894,23.3722,121.8402
2015-09-13,3032.2699,,,,
2015-09-14,3032.8914,31.3515,44.7141,23.5968,121.9531
2015-09-15,3033.5229,31.2733,44.3774,23.3685,121.9858
2015-09-16,3034.1444,31.3223,44.237,23.5121,121.9789
2015-09-17,3034.7669,,,,
2015-09-18,3035.4112,31.7732,44.5479,23.7631,122.2648
2015-09-20,3036.6963,,,,
2015-09-21,3037.3316,31.8538,44.6135,23.7417,122.338
2015-09-22,3037.9614,31.3324,44.4494,23.3928,122.3174
2015-09-23,3038.592,31.4679,44.4909,23.4782,122.3206
2015-09-24,3039.2221,31.6422,44.3923,23.5282,122.3672
2015-09-27,3041.1659,,,,
2015-09-28,3041.805,31.4118,44.3226,23.2893,122.4558
2015-09-29,3042.6718,31.5043,44.1961,23.3434,123.1053
2015-09-30,3043.4443,31.6634,44.3665,23.5371,123.4889
2015-10-01,3044.1152,31.6707,44.6241,23.4492,123.4236
2015-10-04,3046.0815,,,,
2015-10-05,3046.7171,32.0854,45.0293,23.8972,123.7102
2015-10-06,3047.348,32.0778,45.1132,23.9205,123.7049
2015-10-07,3047.9811,32.1395,44.9819,24.0002,123.6703
2015-10-08,3048.6109,32.0108,44.8145,23.8578,123.7508
2015-10-09,3049.2565,32.0619,44.9104,23.9808,123.8076
2015-10-11,3050.5247,,,,
2015-10-12,3051.1526,32.0015,44.825,23.9224,123.7532
2015-10-13,3051.7763,31.9182,44.8045,23.8587,123.7951
2015-10-14,3052.405,31.9508,44.5964,23.82,123.8612
2015-10-15,3053.0272,32.018,44.667,24.0433,123.9272
2015-10-16,3053.6683,32.1644,44.838,24.2571,123.9423
2015-10-18,3054.9508,,,,
2015-10-19,3055.572,32.2097,44.922,24.3698,124.0158
2015-10-20,3056.1957,32.394,45.1077,24.4647,124.0561
2015-10-21,3056.838,32.2841,45.0324,24.3804,124.0459
2015-10-22,3057.4803,,,,
2015-10-23,3058.104,32.3006,45.0661,24.4185,124.1065
2015-10-25,3059.3499,,,,
2015-10-26,3059.9919,32.197,44.9807,24.3338,124.0884
2015-10-27,3060.6123,32.2086,45.0271,24.4353,124.1443
2015-10-28,3061.2513,32.1179,44.8136,24.1553,124.2162
2015-10-29,3061.871,31.9364,,23.9492,124.1596
2015-10-30,3062.5204,32.0137,44.5302,23.9588,124.1571
2015-11-01,3063.8107,,,,
2015-11-02,3064.428,31.8613,44.3965,24.0093,124.2771
2015-11-03,3065.0468,31.877,44.4502,24.14,124.2894
2015-11-04,3065.6646,31.7151,44.4368,24.1744,124.2333
2015-11-05,3066.2883,31.2215,44.4522,23.8487,124.1902
2015-11-06,3066.9314,31.0676,44.5155,23.9408,124.1927
2015-11-08,3068.2149,,,,
2015-11-09,3068.8375,30.9535,44.5404,24.0569,124.1346
2015-11-10,3069.476,30.5802,44.2844,23.6048,124.236
2015-11-12,3070.7243,,,,
2015-11-13,3071.3642,30.5901,44.4947,23.6023,124.4146
2015-11-15,3072.6355,,,,
2015-11-16,3073.2585,30.5676,44.3086,23.6464,124.5039
2015-11-17,3073.8901,30.7813,44.3976,23.6869,124.471
2015-11-18,3074.5085,30.6824,44.3369,23.3993,124.4731
2015-11-19,3075.1328,31.1586,44.5686,23.7152,124.5005
2015-11-20,3075.6872,31.2654,44.6006,23.7739,124.4288
2015-11-22,3076.982,,,,
2015-11-23,3077.5969,31.1561,44.5719,23.8062,124.4523
2015-11-24,3078.2189,31.0188,44.6079,23.7693,124.5215
2015-11-25,3078.8659,,,,
2015-11-26,3079.5045,31.0137,44.7056,23.8873,124.5172
2015-11-27,3080.137,31.2358,44.7518,24.0645,124.423
2015-11-29,3081.3229,,,,
2015-11-30,3081.933,31.1953,44.8851,24.0853,124.4419
2015-12-01,3082.5388,31.2789,44.8963,24.1287,124.6288
2015-12-02,3083.1525,31.1498,44.8814,23.9763,124.6293
2015-12-03,3083.7681,30.986,44.8663,23.8826,124.7928
2015-12-04,3084.3877,30.7805,44.8993,23.6939,124.672
2015-12-06,3085.6465,,,,
2015-12-07,3086.2556,30.8644,44.875,23.6828,124.7185
2015-12-08,3086.8712,30.6797,44.6029,23.5217,124.6356
2015-12-09,3087.4736,30.3766,43.9016,23.1808,124.6578
2015-12-10,3088.0813,30.5499,44.3488,23.3611,124.6787
2015-12-11,3088.6927,30.2825,44.0887,23.1149,124.7011
2015-12-13,3089.9734,,,,
2015-12-14,3090.5792,30.4039,44.0177,23.1611,124.6657
2015-12-15,3091.2349,30.6459,44.1356,23.3506,124.6736
2015-12-16,3091.8707,30.8023,44.7086,23.4669,124.852
2015-12-17,3092.5023,31.265,44.9241,23.7584,124.9378
2015-12-18,3093.1513,31.0875,44.7304,23.5299,124.8784
2015-12-20,3094.4618,,,,
2015-12-21,3095.1029,31.0622,44.8511,23.7742,124.826
2015-12-22,3095.7407,31.0584,44.9345,23.6914,124.8958
2015-12-23,3096.3937,31.2991,45.0817,23.8732,125.0151
2015-12-24,,31.3257,45.0668,23.8664,
2015-12-27,3098.9965,,,,
2015-12-28,3099.6221,31.523,45.1978,24.0376,125.1004
2015-12-29,3100.264,31.6454,45.1986,24.0464,125.097
2015-12-30,3100.9072,31.5605,45.1147,23.9469,125.18
2015-12-31,3101.6925,31.7424,45.4427,24.0469,125.202
2016-01-01,3102.3838,31.9147,45.5737,24.1592,125.3359
2016-01-03,3103.5954,,,,
2016-01-04,3104.225,31.4808,45.2516,23.6582,125.4695
2016-01-05,3104.8751,31.4237,45.5268,23.6725,125.538
2016-01-06,3105.5455,31.4329,45.5699,23.6076,125.5842
2016-01-07,3106.1847,30.9356,45.6282,23.024,125.6648
2016-01-08,3106.8293,31.11,45.9423,23.1295,125.7146
2016-01-10,3108.1152,,,,
2016-01-11,3108.7484,30.8995,45.4949,23.017,125.7259
2016-01-12,3109.3768,30.6696,45.0379,22.8466,125.6591
2016-01-13,3110.017,30.6532,44.6923,22.9722,125.6079
2016-01-14,3110.6499,30.4179,44.4203,22.7351,125.5527
2016-01-15,3111.2911,30.0061,43.8217,22.2522,125.4498
2016-01-17,3112.5858,,,,
2016-01-18,3113.2147,29.358,43.4943,21.8577,125.4931
2016-01-19,3113.8248,29.6193,43.9695,22.1989,125.6369
2016-01-20,3114.4613,29.3219,43.3523,21.7905,125.7354
2016-01-21,3115.0846,29.2132,43.3958,21.6986,125.8865
2016-01-22,3115.7175,29.7542,43.7916,22.1803,125.8176
2016-01-24,3116.9944,,,,
2016-01-25,3117.612,29.9893,44.1217,22.1872,125.8071
2016-01-26,3118.2575,,,,
2016-01-27,3118.8894,30.1079,44.2096,22.2157,125.8925
2016-01-28,3119.5284,29.9832,44.0616,22.1207,125.8512
2016-01-29,3120.1605,30.6268,44.524,22.3623,125.9632
2016-01-31,3121.4624,,,,
2016-02-01,3122.1056,30.6624,44.4463,22.3199,125.9933
2016-02-02,3122.7447,30.2285,44.0882,21.9913,125.809
2016-02-03,3123.3797,29.9633,43.6238,21.6981,125.7466
2016-02-04,3124.0179,30.15,43.5567,21.8202,125.8428
2016-02-05,3124.6154,30.5141,44.0239,22.1293,125.9207
2016-02-07,3125.9741,,,,
2016-02-08,3126.6269,30.2905,44.0482,21.931,125.9596
2016-02-09,3127.2983,29.8739,43.8215,21.511,125.937
2016-02-10,3127.9645,29.6319,43.773,21.2345,125.9592
2016-02-11,3128.6196,28.6778,42.9294,20.5606,125.9517
2016-02-12,3129.2884,28.5467,42.8915,20.335,125.9254
2016-02-14,3130.6152,,,,
2016-02-15,3131.2698,29.0124,43.5587,21.1626,125.8746
2016-02-16,3131.9276,28.5158,43.0777,20.6254,125.7149
2016-02-17,3132.5846,28.6926,43.2199,20.7377,125.6237
2016-02-18,3133.2112,28.8928,43.3155,20.8984,125.6948
2016-02-19,,28.8974,43.2208,20.9572,
2016-02-21,3135.2388,,,,
2016-02-22,3135.8917,29.0003,43.5553,21.0577,125.6262
2016-02-23,3136.5331,28.6382,43.25,20.7066,125.3408
2016-02-24,3137.1609,28.2435,42.8792,20.4871,125.2591
2016-02-25,3137.7835,28.0521,42.7945,20.2073,124.949
2016-02-26,3138.3921,28.0774,42.7921,20.3822,125.1214
2016-02-28,3139.7574,,,,
2016-02-29,3140.4691,28.1303,42.6259,20.3216,126.2203
2016-03-01,3141.1679,28.7737,43.3789,20.9882,126.3215
2016-03-02,3141.8721,29.2089,43.6878,21.4877,126.329
2016-03-03,3142.5577,29.5679,44.222,21.8293,126.2671
2016-03-04,3143.2208,29.5697,44.3695,21.8207,126.4923
2016-03-07,3145.2805,,,,
2016-03-08,3145.9221,29.5397,44.3815,21.7427,126.6189
2016-03-09,3146.6036,29.5713,44.4453,21.8384,126.6695
2016-03-10,3147.2584,29.5812,44.3317,21.6154,126.723
2016-03-11,3147.9784,29.6476,44.2162,21.6799,126.7653
2016-03-13,3149.4017,,,,
2016-03-14,3150.2227,29.7399,44.2556,21.7934,127.0352
2016-03-15,3150.9635,29.3713,43.8922,21.6629,127.1887
2016-03-16,3151.6748,29.3725,44.2036,21.7742,127.3719
2016-03-17,3152.4093,29.4553,44.37,21.8864,127.7124
2016-03-18,3153.1528,29.6795,44.4373,22.1565,127.7673
2016-03-20,3154.5758,,,,
2016-03-21,3155.2912,30.1955,44.731,22.5146,128.0543
2016-03-22,3155.9923,30.256,45.0016,22.621,128.0579
2016-03-23,3156.4726,30.2639,45.1516,22.5952,128.0675
2016-03-27,3159.3598,,,,
2016-03-28,3159.9847,29.9016,44.4202,22.261,128.3103
2016-03-29,3160.7439,29.858,44.3582,22.2831,128.2341
2016-03-30,3161.7279,30.2039,44.7303,22.7469,128.2653
2016-03-31,3163.9749,30.3426,44.9562,22.7305,128.5789
2016-04-01,,30.3141,44.909,22.7749,
2016-04-03,3166.6893,,,,
2016-04-04,3167.5146,30.3538,44.8367,22.8388,129.038
2016-04-05,3168.3416,29.9676,44.5675,22.2847,129.0831
2016-04-06,3169.0079,30.0595,44.7046,22.2747,129.1903
2016-04-07,3169.7482,29.8722,44.5633,22.0958,129.3494
2016-04-08,,29.9438,44.622,22.1561,
2016-04-10,3171.9299,,,,
2016-04-11,3172.6688,30.2098,44.7769,22.4342,129.6038
2016-04-12,3173.3481,30.4671,44.8656,22.6159,129.6858
2016-04-13,3174.0609,30.947,45.259,22.9962,129.5595
2016-04-17,3176.9229,,,,
2016-04-18,3177.6109,31.1123,45.5604,23.1322,129.752
2016-04-19,3178.2989,,,,
2016-04-20,3178.9937,31.1638,45.5324,23.135,129.7601
2016-04-21,3179.6725,31.058,45.4675,23.2232,129.6356
2016-04-22,3180.3791,30.9638,45.4468,23.2899,129.7155
2016-04-24,3181.7971,,,,
2016-04-25,3182.4759,30.7373,45.3364,23.1021,129.7723
2016-04-26,3183.167,31.1508,45.493,23.3473,129.7797
2016-04-27,3183.8524,31.2075,45.4187,23.2149,129.7993
2016-04-28,3184.5522,30.8209,45.131,22.8054,129.8405
2016-04-29,3185.241,30.9525,45.2944,22.7631,129.9119
2016-05-01,3186.6296,,,,
2016-05-02,3187.328,30.9972,45.4856,22.6677,129.9765
2016-05-03,3188.0279,30.7931,45.2541,22.4577,129.9719
2016-05-04,3188.7163,30.6917,45.0089,22.2164,130.0353
2016-05-05,3189.4069,30.8117,44.7328,22.3476,130.0702
2016-05-06,3190.0927,30.7528,45.2183,22.3996,130.0972
2016-05-08,3191.5075,,,,
2016-05-09,3192.1855,31.123,45.8245,22.757,130.2163
2016-05-10,3192.864,31.219,45.8958,22.8087,130.2617
2016-05-11,3193.5508,31.2078,46.103,22.7257,130.3016
2016-05-12,3194.2406,31.3966,46.361,22.8837,130.371
2016-05-13,3194.928,31.161,46.1965,22.7227,130.3528
2016-05-15,3196.3182,,,,
2016-05-16,3197.0099,31.3438,45.9558,22.6867,130.426
2016-05-17,3197.6936,31.4794,45.991,22.8349,130.4413
2016-05-18,3198.4011,31.3772,46.2503,22.7496,130.4225
2016-05-19,3199.0833,31.0627,45.9576,22.4418,130.4821
2016-05-20,3199.7975,31.0005,45.456,22.3326,130.4614
2016-05-22,3201.1418,,,,
2016-05-23,3201.822,30.9309,45.2863,22.2697,130.5755
2016-05-24,3202.4885,30.7811,45.2422,22.2477,130.6043
2016-05-25,3203.1676,31.3403,45.6852,22.766,130.6325
2016-05-26,3203.8147,31.8498,45.7658,23.2084,130.6326
2016-05-27,3204.4825,32.2214,46.1269,23.413,130.6615
2016-05-29,3205.8183,,,,
2016-05-30,3206.47,32.3577,45.9932,23.4529,130.7441
2016-05-31,3207.1892,32.2497,45.7905,23.5294,130.7549
2016-06-01,3207.8852,32.4008,45.9132,23.4935,130.7344
2016-06-02,3208.578,32.4416,45.8856,23.6277,130.7746
2016-06-03,3209.248,32.354,46.0204,23.5755,130.8097
2016-06-05,3210.5478,,,,
2016-06-06,3211.27,32.3609,45.9507,23.6339,130.9418
2016-06-07,3211.9477,32.5025,45.9444,23.89,130.9498
2016-06-08,3212.6384,32.5067,46.1363,24.0318,130.9713
2016-06-09,3213.2888,32.3337,46.1665,23.9139,131.006
2016-06-10,3213.9764,32.2419,46.0846,23.7818,131.0328
2016-06-12,3215.3314,,,,
2016-06-13,3216.0085,32.0592,45.9779,23.6063,131.0126
2016-06-14,3216.6962,32.1206,46.0534,23.6765,131.0472
2016-06-15,3217.3867,32.3829,46.2784,23.9778,131.088
2016-06-16,3218.0488,32.2203,46.076,23.8671,131.1648
2016-06-17,3218.6867,32.2788,46.0859,23.9414,131.1983
2016-06-19,3220.0235,,,,
2016-06-20,3220.6629,32.419,45.9361,24.0874,131.2455
2016-06-21,3221.3228,32.4078,46.0443,24.0185,131.3168
2016-06-22,3221.9762,32.3207,46.3291,23.9513,131.4024
2016-06-23,3222.6357,32.4123,46.7506,24.1395,131.4681
2016-06-24,3223.2605,31.8532,46.3518,23.5903,131.4875
2016-06-26,3224.6494,,,,
2016-06-27,3225.3149,32.0321,46.6667,23.6954,131.6653
2016-06-28,3225.9881,32.2537,46.274,23.713,131.7077
2016-06-29,3226.6535,32.5781,46.3677,23.9857,131.8008
2016-06-30,3227.4877,32.8316,46.6178,24.2262,131.8646
2016-07-01,3228.2491,32.8312,46.6441,24.5517,132.0459
2016-07-03,3229.5843,,,,
2016-07-04,3230.2398,32.927,46.68,24.7625,132.1492
2016-07-05,3230.9013,32.8067,46.8559,24.6453,132.3858
2016-07-06,3231.5512,,,,
2016-07-07,3232.2341,32.7902,46.8895,24.5086,132.5112
2016-07-08,3232.8805,32.7291,46.8158,24.4277,132.5679
2016-07-10,3234.1729,,,,
2016-07-11,3234.8239,33.1952,47.0822,24.7714,132.6835
2016-07-12,3235.4789,33.343,46.7207,24.9903,133.0156
2016-07-13,3236.1354,33.3,46.4546,24.9425,133.3212
2016-07-14,3236.8338,33.4704,46.5461,25.1244,133.3927
2016-07-15,3237.4948,33.5625,46.2723,25.0888,133.4658
2016-07-17,3238.7807,,,,
2016-07-18,3239.418,33.468,46.0924,25.0025,133.4825
2016-07-19,3240.0509,33.4857,46.0677,25.1137,133.6134
2016-07-20,3240.6932,33.7924,46.0671,25.3408,133.7495
2016-07-21,3241.3324,33.6839,45.9055,25.1093,133.8544
2016-07-22,3241.9722,33.8753,46.0221,25.229,133.9622
2016-07-24,3243.2429,,,,
2016-07-25,3243.8699,34.2216,46.28,25.5399,134.0989
2016-07-26,3244.5138,34.0496,46.1495,25.4165,134.1531
2016-07-27,3245.1498,34.2683,46.2059,25.5884,134.1788
2016-07-28,3245.7931,34.7497,46.2087,25.7223,134.5985
2016-07-29,3246.4186,34.7703,46.0838,25.5813,134.7325
2016-07-31,3247.6269,,,,
2016-08-01,3248.2477,34.7983,46.1563,25.4483,134.9712
2016-08-02,3248.8641,34.7268,45.8112,25.4105,134.8488
2016-08-03,3249.5571,34.2669,45.6467,25.1746,134.7377
2016-08-04,3250.169,34.3186,45.6577,25.1597,134.8655
2016-08-05,3250.7934,34.6599,46.6448,25.6611,134.9377
2016-08-07,3252.0719,,,,
2016-08-08,3252.7127,34.8229,47.0299,25.7013,135.0387
2016-08-09,3253.3384,34.7366,46.7295,25.6157,135.3606
2016-08-10,3253.9374,34.2988,46.2506,25.2349,135.5838
2016-08-11,3254.5885,34.3164,46.2581,25.2549,135.8291
2016-08-12,3255.189,34.4515,46.2355,25.544,135.8182
2016-08-15,3257.1109,,,,
2016-08-16,3257.7361,34.3404,46.1133,25.6503,135.8902
2016-08-17,3258.3493,34.3508,46.7313,25.7367,
2016-08-18,3258.9676,34.4924,46.7615,25.8291,135.7343
2016-08-19,3259.5958,34.4209,46.8997,25.9854,135.8687
2016-08-21,3260.8526,,,,
2016-08-22,3261.4735,34.2859,46.6548,25.8428,135.7183
2016-08-23,3262.0914,34.3065,46.5501,25.8432,135.7506
2016-08-24,3262.7101,34.4618,46.9027,25.9841,135.9112
2016-08-25,3263.3265,34.3744,46.7728,25.9146,136.0296
2016-08-26,3263.9616,34.3923,46.5909,25.8572,136.0743
2016-08-28,3265.1935,,,,
2016-08-29,3265.8052,34.3049,46.5897,25.9582,136.2205
2016-08-30,3266.3862,34.726,46.8265,26.3124,136.312
2016-08-31,3267.016,34.8669,46.7573,26.4558,136.3515
2016-09-01,3267.6127,34.8799,46.4749,26.4371,136.3584
2016-09-02,3268.2219,34.9656,46.6252,26.5166,136.3517
2016-09-05,3270.1044,,,,
2016-09-06,3270.7148,35.2977,46.8287,26.9959,136.541
2016-09-07,3271.3271,35.1675,46.8986,27.1298,136.7979
2016-09-08,3271.9333,35.3805,46.9793,27.1191,136.8589
2016-09-09,3272.5127,35.1591,46.7809,26.8397,136.9063
2016-09-11,3273.7481,,,,
2016-09-12,3274.3642,34.5872,46.183,26.2624,136.85
2016-09-13,3274.9709,,,,
2016-09-14,3275.5936,34.5255,46.3593,26.3941,136.8219
2016-09-15,3276.2065,34.6304,46.3212,26.3838,136.8926
2016-09-16,3276.801,34.8283,46.4991,26.4984,136.971
2016-09-18,3278.0521,,,,
2016-09-19,3278.663,34.7558,46.5887,26.5552,137.0139
2016-09-20,3279.2752,34.6832,46.4957,26.5521,136.9986
2016-09-21,3279.876,34.6859,46.4944,26.5013,137.097
2016-09-22,3280.4814,35.0227,46.727,26.8705,137.4241
2016-09-23,3281.1054,34.9991,46.6784,26.8241,137.5601
2016-09-25,3282.3437,,,,
2016-09-26,3282.9408,34.7529,46.3804,26.5369,137.8324
2016-09-27,3283.5518,34.7497,46.306,26.4832,137.947
2016-09-28,3284.1669,34.8625,46.4962,26.5987,138.0284
2016-09-29,3284.7643,34.3278,45.7798,25.9673,137.7307
2016-09-30,3285.5718,34.5758,46.0515,26.2954,137.8665
2016-10-02,3286.984,,,,
2016-10-03,3287.5974,35.2722,46.5561,26.714,138.2415
2016-10-04,3288.2173,35.3535,46.5193,26.8853,138.5007
2016-10-05,3288.8341,35.3256,46.5896,26.8287,138.9268
2016-10-06,3289.4548,35.2964,46.4291,26.7141,138.8924
2016-10-07,3290.0718,35.1869,46.4383,26.7255,138.7764
2016-10-09,3291.3016,,,,
2016-10-10,3291.8892,35.1907,46.6929,26.6654,139.0035
2016-10-12,3293.0718,,,,
2016-10-13,3293.6862,34.7014,45.9896,26.2504,138.9711
2016-10-14,3294.2376,34.7682,46.1983,26.4532,138.8584
2016-10-16,3295.5288,,,,
2016-10-17,3296.1379,34.3414,46.4484,26.3385,138.8696
2016-10-18,3296.7442,34.8396,46.9436,26.8552,138.9771
2016-10-19,3297.3496,34.7616,47.0649,26.8289,138.9686
2016-10-20,3297.9555,34.8173,47.1875,26.9608,138.92
2016-10-21,3298.5155,35.0213,46.8826,26.9751,138.9252
2016-10-23,3299.7659,,,,
2016-10-24,3300.377,35.0094,46.9967,26.9649,138.9892
2016-10-25,3300.9863,35.0645,47.111,26.9049,138.917
2016-10-26,3301.5958,35.19,46.6357,26.5422,138.9324
2016-10-27,3302.2025,35.1056,46.581,26.4065,138.8932
2016-10-28,3302.8225,35.2742,46.6386,26.5327,138.9002
2016-10-31,3304.6573,,,,
2016-11-01,3305.2766,35.3692,46.714,26.4556,138.9285
2016-11-02,3305.8902,34.8763,46.4307,25.9866,138.9201
2016-11-03,3306.5054,34.6874,46.1553,25.8165,138.9047
2016-11-04,3307.1195,34.1118,45.583,25.7192,138.8435
2016-11-06,3308.346,,,,
2016-11-07,3308.9568,34.1912,45.9982,26.0267,138.9342
2016-11-08,3309.568,34.1794,45.8786,26.1779,139.0289
2016-11-09,3310.1841,33.7079,45.4669,25.9815,139.5353
2016-11-10,3310.7985,33.9122,45.8432,26.4475,139.7669
2016-11-11,3311.4206,33.0425,45.2801,25.6714,139.5813
2016-11-14,3313.2632,,,,
2016-11-15,3313.9608,31.9294,44.2038,25.1317,140.6312
2016-11-16,3314.6059,32.0917,44.2087,25.0917,141.2151
2016-11-17,3315.2236,31.9725,44.2919,25.0541,141.2957
2016-11-18,3315.833,32.0324,44.4224,25.007,141.2116
2016-11-20,3317.0768,,,,
2016-11-21,3317.7077,31.465,43.8571,24.3842,142.0013
2016-11-22,3318.3199,31.7987,44.0172,24.6061,142.0614
2016-11-23,3318.9476,31.8969,44.318,24.7436,142.3794
2016-11-24,3319.7674,31.6558,44.3228,24.4925,142.9418
2016-11-25,3320.2845,32.2696,44.774,24.846,142.7966
2016-11-27,3321.4727,,,,
2016-11-28,3321.9533,32.2954,44.7225,24.8044,142.3286
2016-11-29,3322.5491,32.3852,44.6202,24.9637,142.2212
2016-11-30,3323.183,32.7938,44.7168,25.2121,142.5417
2016-12-01,3323.7685,32.6471,44.6774,25.0419,142.6678
2016-12-02,3324.091,32.1706,44.3674,24.711,142.5539
2016-12-04,3325.3068,,,,
2016-12-05,3325.9363,32.2203,44.4293,24.8573,142.6727
2016-12-06,3326.5241,32.2736,44.4492,24.9297,142.7747
2016-12-07,3326.6282,32.0904,44.2018,24.8628,141.4759
2016-12-08,3327.206,32.6371,44.7777,25.2738,141.328
2016-12-09,3327.8721,32.5093,44.9309,25.397,141.2674
2016-12-12,3329.6099,32.25,44.7589,25.1439,
2016-12-13,3330.2177,32.3619,44.9278,25.305,141.4149
2016-12-14,3330.8499,32.1576,44.7197,25.1636,141.4995
2016-12-15,3331.4481,32.0776,44.6701,25.138,140.9543
2016-12-16,3331.9311,32.0919,44.7426,25.0934,140.9144
2016-12-18,3333.202,,,,
2016-12-19,3333.7658,31.8054,44.5271,25.0737,140.9731
2016-12-20,3334.3649,31.6173,44.2162,24.8474,141.0514
2016-12-21,3334.9395,31.5778,44.0413,24.7959,141.1187
2016-12-22,3335.4822,31.2633,43.7165,24.5111,140.8922
2016-12-23,3335.9415,31.1878,43.6648,24.3644,140.754
2016-12-25,3337.3036,,,,
2016-12-26,3337.8844,30.8257,43.3163,24.0174,140.5763
2016-12-27,3338.4742,31.1393,43.5595,24.3943,140.4635
2016-12-28,3339.1087,31.384,43.6725,24.4405,140.4799
2016-12-29,3339.7057,31.7307,43.8966,24.609,140.8539
2016-12-30,3340.3831,31.8709,44.2716,24.8722,141.0653
2017-01-01,3341.6261,,,,
2017-01-02,3342.2468,31.9456,44.2947,24.8896,142.0128
2017-01-03,3342.8581,31.9537,44.4973,25.0489,141.8637
2017-01-04,3343.4504,31.8272,44.5042,24.9821,142.1884
2017-01-05,3344.0332,32.0326,44.893,25.1755,142.1662
2017-01-06,3344.6377,32.0693,44.6518,25.0766,142.1645
2017-01-08,3345.8006,,,,
2017-01-09,3346.3857,31.9912,44.6436,25.0859,142.1957
2017-01-10,3346.9752,32.1411,44.604,25.3305,142.2226
2017-01-11,3347.5491,32.4137,44.7656,25.5653,142.2559
2017-01-12,3348.1344,32.4691,44.7539,25.6686,142.4383
2017-01-13,3348.7321,32.4258,44.9041,25.6832,142.3455
2017-01-15,3349.9292,,,,
2017-01-16,3350.5195,32.4397,44.8403,25.6849,142.3247
2017-01-17,3351.1052,32.4342,44.8612,25.626,142.4058
2017-01-18,3351.7146,32.6117,44.8719,25.7876,142.3467
2017-01-19,3352.3153,32.6848,44.8812,25.9411,142.2584
2017-01-20,3352.9119,32.4128,44.4805,25.5789,142.294
2017-01-22,3354.1307,,,,
2017-01-23,3354.7281,32.5012,44.5136,25.6994,142.362
2017-01-24,3355.331,32.9095,44.7528,25.8993,142.4236
2017-01-25,3355.8844,33.4747,44.9529,26.1145,142.5021
2017-01-26,3356.5187,,,,
2017-01-27,3357.1171,33.6921,45.3839,26.371,142.5803
2017-01-29,3358.3187,,,,
2017-01-30,3358.9266,33.6873,45.6634,26.3299,142.6424
2017-01-31,3359.5364,33.4018,45.3401,26.0445,142.6513
2017-02-01,3360.1553,33.9805,45.6344,26.6348,142.708
2017-02-02,3360.7552,33.9741,46.135,26.8202,142.8498
2017-02-03,3361.3876,34.0524,46.0294,26.8479,142.8411
2017-02-05,3362.6327,,,,
2017-02-06,3363.2356,34.2516,46.4307,27.1466,142.8673
2017-02-07,3363.8316,34.2879,46.1615,27.0582,142.8426
2017-02-08,3364.1948,34.2462,46.1045,27.077,141.0498
2017-02-09,3364.7957,34.1633,46.1113,27.1861,140.3961
2017-02-10,3365.4149,34.2666,46.1021,27.1467,140.6958
2017-02-12,3366.6653,,,,
2017-02-13,3367.2951,34.3026,46.2084,27.141,140.7741
2017-02-14,3367.9234,34.2981,46.1923,27.1432,140.6769
2017-02-15,3368.5395,33.9591,45.9069,26.9386,140.7425
2017-02-16,3369.1393,34.3374,46.3536,27.3213,140.855
2017-02-17,3369.7884,34.5605,46.5361,27.4476,140.8544
2017-02-19,3370.9916,,,,
2017-02-20,3371.5929,34.7032,46.7,27.5539,140.7201
2017-02-21,3372.1964,34.7434,46.8724,27.683,
2017-02-22,3372.8098,34.5787,46.7794,27.6601,140.5482
2017-02-23,3373.4434,34.5983,46.8451,27.6276,140.656
2017-02-26,3375.2892,,,,
2017-02-27,3375.9059,34.478,46.8116,27.5559,140.8612
2017-02-28,3376.5187,34.53,46.6798,27.5949,140.8785
2017-03-01,3377.1059,34.7051,47.0151,27.7667,140.6291
2017-03-02,3377.7013,34.4318,46.725,27.4685,140.6931
2017-03-03,3378.2907,34.2938,47.2031,27.4886,140.8939
2017-03-05,3379.5549,,,,
2017-03-06,3380.131,34.4305,47.3499,27.673,140.7214
2017-03-07,3380.7249,34.3356,47.5058,27.5637,140.6715
2017-03-08,3381.3211,34.4506,47.4553,27.5182,140.6217
2017-03-09,3381.8949,34.5838,47.3759,27.4788,140.5925
2017-03-10,3382.4619,34.6742,47.2595,27.4825,140.3602
2017-03-13,3384.2804,,,,
2017-03-14,3384.8697,35.2493,47.5888,27.9109,140.4476
2017-03-15,3385.499,35.4595,47.6148,28.0499,140.8803
2017-03-16,3386.1096,35.751,47.8785,28.2994,141.011
2017-03-17,3386.6985,35.8451,47.9569,28.292,141.0134
2017-03-19,3388.0524,,,,
2017-03-20,3388.6912,35.9269,48.1478,28.2515,141.0427
2017-03-21,3389.3605,35.8909,48.0443,28.1844,141.1567
2017-03-22,3390.0157,35.7299,47.7387,27.8971,141.6441
2017-03-23,3390.6252,35.9047,47.9662,28.1365,141.7341
2017-03-24,3391.2272,36.0363,47.974,28.2564,141.7796
2017-03-26,3392.4825,,,,
2017-03-27,3393.0739,35.9497,48.0176,28.1739,142.1702
2017-03-28,3393.6617,36.0397,48.2353,28.3246,
2017-03-29,3394.2784,36.1291,48.1492,28.4492,142.1405
2017-03-30,3394.8801,36.3577,48.4946,28.5509,142.2701
2017-03-31,3395.8471,36.2991,48.4738,28.6533,142.3365
2017-04-02,3397.3563,,,,
2017-04-03,3397.9286,36.5586,48.6439,28.911,142.491
2017-04-04,3398.5121,,,,
2017-04-05,3399.1106,36.7997,48.8466,29.0429,142.456
2017-04-06,3399.6978,36.7785,48.8463,28.9812,142.0344
2017-04-07,3400.28,36.6454,48.6746,28.95,141.9749
2017-04-09,3401.4509,,,,
2017-04-10,3402.0715,36.6778,48.7858,29.0389,142.0721
2017-04-11,3402.6946,36.9007,48.9793,29.3229,142.2557
2017-04-12,3403.3109,36.8213,48.8076,29.2211,142.4196
2017-04-13,3403.8668,36.6936,48.7427,29.0791,142.5844
2017-04-16,3405.7759,,,,
2017-04-17,3406.3729,36.5094,48.8076,28.9722,142.6317
2017-04-18,3406.9751,36.4412,48.5394,28.7691,142.6525
2017-04-19,3407.5716,36.489,48.7705,28.7578,142.7966
2017-04-20,3408.1668,36.8038,48.8744,28.863,142.7991
2017-04-21,3408.7567,36.7325,48.7205,28.8038,142.6345
2017-04-23,3409.9717,,,,
2017-04-24,3410.5636,37.1764,49.0819,29.1286,142.7063
2017-04-25,3411.1644,37.3847,49.4499,29.3921,142.8376
2017-04-26,3411.7395,37.4489,49.3174,29.5173,142.7088
2017-04-27,3412.3377,37.4758,49.3447,29.4387,142.7118
2017-04-28,3412.9483,37.4136,49.2122,29.4278,142.7091
2017-05-01,3414.787,,,,
2017-05-02,3415.3902,37.5727,49.2748,29.46,142.7261
2017-05-03,3415.9934,37.5841,49.208,29.4667,142.7804
2017-05-04,3416.5907,37.7064,49.5693,29.6105,142.781
2017-05-05,3417.1956,37.5239,49.5022,29.4109,142.8881
2017-05-07,3418.3994,,,,
2017-05-08,3419.0012,37.6089,49.9032,29.5504,143.0171
2017-05-09,3419.6046,37.7357,50.185,29.6765,143.0225
2017-05-10,3420.1978,38.1331,50.3488,29.9594,
2017-05-11,3420.811,38.1868,50.3709,30.031,143.0782
2017-05-12,3421.3996,38.0429,50.2195,29.9322,143.191
2017-05-14,3422.6103,,,,
2017-05-15,3423.2162,38.2789,50.6543,30.1935,143.5718
2017-05-16,3423.8348,38.4042,50.8546,30.3329,143.5436
2017-05-17,3424.4451,38.1886,50.7513,30.3774,143.5683
2017-05-18,3425.0538,37.7636,50.2709,29.9507,143.5992
2017-05-19,3425.6616,37.4612,50.0984,29.8971,143.6111
2017-05-21,3426.8536,,,,
2017-05-22,3427.4639,37.2391,49.9904,29.7612,143.7899
2017-05-23,3428.0849,36.9611,49.3919,29.4538,143.8682
2017-05-24,3428.6965,36.8408,49.1609,29.1671,143.9093
2017-05-25,3429.3081,37.4522,49.8005,29.59,144.0182
2017-05-26,3429.9237,37.9005,50.1525,29.9662,144.139
2017-05-28,3431.1415,,,,
2017-05-29,3431.7449,37.7726,49.9694,29.8361,144.139
2017-05-30,3432.3465,37.7915,49.9086,29.9735,144.1695
2017-05-31,3432.9463,38.0466,50.086,30.1017,144.2526
2017-06-01,3433.557,38.1456,50.5691,30.1327,144.4377
2017-06-02,3434.1943,38.4372,50.8137,30.3031,144.495
2017-06-04,3435.3928,,,,
2017-06-05,3436.0053,38.5761,51.1389,30.3514,144.5409
2017-06-06,3436.5893,38.5089,50.9186,30.229,144.5701
2017-06-07,3437.2181,38.7054,50.9278,30.4099,144.9507
2017-06-08,3437.8295,38.8185,50.9098,30.506,145.3316
2017-06-09,3438.4636,39.0801,50.9633,30.5259,145.4447
2017-06-11,3439.6816,,,,
2017-06-12,3440.2725,39.0069,50.8526,30.3447,145.5341
2017-06-13,3440.9013,39.0799,50.7351,30.4037,145.6403
2017-06-14,3441.5029,39.1042,50.6685,30.3841,145.6607
2017-06-15,3442.1103,39.0056,50.7915,30.4269,145.6979
2017-06-16,3442.7067,39.0665,50.8527,30.488,145.6798
2017-06-18,3443.908,,,,
2017-06-19,3444.5165,39.2961,51.0377,30.6373,145.7742
2017-06-20,3445.115,39.152,51.3325,30.6466,145.8016
2017-06-21,3445.7205,39.1056,51.1627,30.6339,145.8889
2017-06-22,3446.3278,39.1303,51.0105,30.6326,145.8735
2017-06-23,3446.9477,38.8132,50.634,30.4523,145.8813
2017-06-26,3448.7966,,,,
2017-06-27,3449.4114,38.4889,50.1662,30.1895,145.9449
2017-06-28,3449.9969,38.4284,50.2621,30.1719,145.8491
2017-06-29,3450.5748,38.402,50.6024,30.2774,145.8476
2017-06-30,3451.246,38.5957,51.0428,30.4672,145.8394
2017-07-02,3452.5884,,,,
2017-07-03,3453.207,38.7437,51.4957,30.7076,145.6663
2017-07-04,3453.8592,38.7575,51.4155,30.6469,145.7582
2017-07-05,3454.4816,38.8788,51.6977,30.7453,145.8498
2017-07-06,3455.1129,39.0762,51.78,30.9183,145.9371
2017-07-07,3455.7809,38.9992,51.6244,30.9141,145.9888
2017-07-09,3456.9857,,,,
2017-07-10,3457.6327,39.3134,51.7595,31.2073,146.2443
2017-07-11,3458.2367,39.2034,51.6444,31.1432,146.3105
2017-07-12,3458.8728,39.3091,51.7894,31.2596,146.3824
2017-07-13,3459.5201,39.5849,52.1989,31.4959,146.4568
2017-07-14,3460.1391,39.5038,51.9899,31.5794,146.4802
2017-07-16,3461.3384,,,,
2017-07-17,3461.952,39.644,52.1358,31.6883,146.6141
2017-07-18,3462.5699,39.528,51.5988,31.4552,146.6789
2017-07-19,3463.2174,39.8442,51.7677,31.6947,146.7668
2017-07-20,3463.8272,39.7729,51.6241,31.6109,146.8157
2017-07-21,3464.4634,39.9436,51.6779,31.6364,146.9821
2017-07-23,3465.6748,,,,
2017-07-24,3466.2928,40.0444,51.5258,31.6634,147.1328
2017-07-25,3466.8883,40.0758,51.6699,31.7053,147.1373
2017-07-26,3467.5183,40.1413,51.7039,31.8441,147.0997
2017-07-27,3468.107,40.3421,51.6326,31.8026,147.1708
2017-07-28,3468.7047,40.5241,51.6688,31.8224,147.1604
2017-07-30,3469.9106,,,,
2017-07-31,3470.5092,40.7545,51.594,32.0535,147.1981
2017-08-01,3471.0974,40.8371,51.5924,32.1063,147.2654
2017-08-02,3471.702,40.7686,51.6228,32.0117,147.3359
2017-08-03,3472.3171,40.4307,51.5464,31.6737,147.6212
2017-08-04,3472.9164,40.6241,51.8016,31.7571,147.6495
2017-08-06,3474.1128,,,,
2017-08-07,3474.7115,40.9032,51.999,31.8846,147.6821
2017-08-08,3475.3099,40.615,51.8675,31.6179,147.7057
2017-08-09,3475.9185,40.0602,51.5566,31.2446,147.7244
2017-08-10,3476.5118,39.3885,50.8384,30.9067,147.6744
2017-08-11,3477.1149,39.3275,50.7161,30.6617,147.6561
2017-08-13,3478.3021,,,,
2017-08-14,3478.9037,39.7254,51.0124,31.0202,147.7087
2017-08-15,3479.4987,,,,
2017-08-16,3480.0686,40.1679,51.4469,31.4207,147.7053
2017-08-17,3480.6884,40.0426,51.4468,31.4255,
2017-08-18,3481.2819,39.9352,51.3925,31.117,147.8182
2017-08-20,3482.474,,,,
2017-08-21,3483.0632,39.7426,51.1516,30.7548,147.903
2017-08-22,3483.6659,39.7218,51.0667,30.7924,147.9018
2017-08-23,3484.2725,39.9841,51.3041,31.1119,147.9146
2017-08-24,3484.8561,40.0803,51.1357,31.2131,147.945
2017-08-27,3486.6244,,,,
2017-08-28,3487.2089,40.4418,51.4359,31.4622,148.0222
2017-08-29,3487.8157,39.9721,51.0848,31.1049,148.0933
2017-08-30,3488.4005,40.3433,51.4854,31.4015,148.1091
2017-08-31,3489.0178,40.4839,52.0016,31.4141,148.181
2017-09-01,3489.6208,40.7117,52.3986,31.6691,148.359
2017-09-03,3490.8296,,,,
2017-09-04,3491.4433,40.5261,52.3124,31.4361,148.4419
2017-09-05,3492.0355,40.7617,52.7452,31.5585,148.4461
2017-09-06,3492.6349,40.8249,52.6738,31.3772,148.4973
2017-09-07,3493.227,41.2746,52.8514,31.4877,148.4821
2017-09-08,3493.8069,41.3939,53.1353,31.4232,148.4706
2017-09-10,3494.9759,,,,
2017-09-11,3495.5739,41.713,53.2675,31.6347,148.5133
2017-09-12,3496.1883,42.0057,53.64,32.094,148.48
2017-09-13,3496.7768,41.8537,53.2516,31.9919,148.4446
2017-09-14,3497.3672,41.8746,53.3451,32.2205,148.4631
2017-09-15,3497.9925,41.9728,53.4129,32.1804,148.4365
2017-09-17,3499.2095,,,,
2017-09-18,3499.8105,42.2254,53.6369,32.3021,148.4466
2017-09-19,3500.4063,42.2549,53.9021,32.3193,148.4897
2017-09-20,3501.0242,42.1747,53.7644,32.3893,148.5343
2017-09-21,3501.6227,42.1447,53.5512,32.3494,148.2842
2017-09-22,3502.1914,41.5579,52.3697,31.7583,148.2649
2017-09-24,3503.3869,,,,
2017-09-25,3504.023,41.0216,52.0166,31.3525,148.4371
2017-09-26,3504.6901,41.1104,52.2702,31.4674,148.362
2017-09-27,3505.2812,40.4635,51.8133,30.9123,148.3767
2017-09-28,3505.8793,40.659,52.1137,31.055,148.4835
2017-09-29,3506.5189,40.9177,52.3224,31.1989,148.491
2017-10-02,3508.3081,,,,
2017-10-03,3508.956,41.0754,52.7802,31.4069,148.7205
2017-10-04,3509.5354,41.2008,52.9694,31.5247,148.6351
2017-10-05,3510.1388,41.1997,53.1179,31.483,148.5783
2017-10-06,3510.7308,41.4115,53.6176,31.8248,148.5744
2017-10-08,3511.9282,,,,
2017-10-09,3512.5321,41.4651,53.7749,31.8386,148.6113
2017-10-10,3513.115,41.6587,53.808,31.9242,148.6506
2017-10-11,3513.7349,41.5534,53.4235,31.7567,148.6958
2017-10-12,3514.3437,41.9776,53.6773,32.0301,148.7248
2017-10-13,3514.9665,42.1996,53.7015,32.1021,148.8495
2017-10-15,3516.1886,,,,
2017-10-16,3516.8144,42.1965,53.8567,32.2992,148.9557
2017-10-17,3517.4036,42.1503,54.074,32.3031,148.9725
2017-10-18,3518.0043,42.0782,53.9667,32.0621,148.9933
2017-10-22,3520.3989,,,,
2017-10-23,3521.011,41.8592,53.8459,32.0093,149.0299
2017-10-24,3521.5948,41.8201,54.1148,32.2031,149.0872
2017-10-25,3522.221,41.6526,54.1578,32.9617,149.0757
2017-10-26,3522.8018,41.6251,54.3216,33.0916,149.1089
2017-10-27,3523.411,41.8638,54.5508,33.0506,149.116
2017-10-29,3524.6227,,,,
2017-10-30,3525.2191,42.2295,54.8878,33.2462,149.1095
2017-10-31,3525.8116,42.1959,55.1752,33.2403,149.166
2017-11-01,3526.408,42.4335,55.5844,33.6633,149.1872
2017-11-02,3527.0105,42.4388,55.6619,33.8467,149.2423
2017-11-03,3527.601,42.442,56.0156,33.9577,149.2935
2017-11-05,3528.798,,,,
2017-11-06,3529.4068,42.4219,56.4759,33.9914,149.3344
2017-11-07,3530.0342,42.1968,55.8834,33.6005,149.2845
2017-11-08,3530.6387,42.051,55.3957,33.4258,149.2964
2017-11-09,3531.2451,42.2021,55.5355,33.4535,149.335
2017-11-10,3531.8502,42.1625,55.296,33.6443,149.3439
2017-11-12,3533.0683,,,,
2017-11-13,3533.6697,41.9121,54.9131,33.4465,149.3946
2017-11-14,3534.2681,41.7377,54.98,33.3065,149.2009
2017-11-15,3534.8827,41.469,54.4504,33.1299,149.2653
2017-11-16,3535.4928,41.8798,54.5761,33.4248,149.1355
2017-11-17,3536.0914,42.2027,54.8416,33.7037,149.2227
2017-11-19,3537.2944,,,,
2017-11-20,3537.9161,42.3849,55.0608,33.6442,149.5677
2017-11-21,3538.5166,42.3903,55.3008,33.7963,149.5741
2017-11-22,3539.1201,42.4111,55.7742,33.886,149.4299
2017-11-23,3539.7227,42.3461,56.0366,33.9246,149.3581
2017-11-24,3540.3302,42.5955,56.331,34.029,149.3708
2017-11-26,3541.5561,,,,
2017-11-27,3542.15,42.7038,56.3592,34.1131,149.4131
2017-11-28,3542.7641,42.8953,56.2772,34.1058,149.4371
2017-11-29,3543.3719,42.8964,56.0999,34.1414,149.4737
2017-11-30,3543.9693,42.6016,55.8123,33.7852,149.4913
2017-12-01,,42.4195,55.5939,33.4223,
2017-12-03,3545.7868,,,,
2017-12-04,3546.3997,42.4191,55.7399,33.4572,149.5704
2017-12-05,3546.9882,42.2472,55.7219,33.4891,149.6015
2017-12-06,3547.5998,41.9862,55.3205,33.1637,149.6636
2017-12-07,3548.2344,42.3686,55.7391,33.6118,149.6687
2017-12-08,3548.8589,42.8027,56.3363,33.871,149.6701
2017-12-10,3550.1024,,,,
2017-12-11,3550.7104,43.0751,56.4358,34.0329,149.5962
2017-12-12,3551.3086,42.8721,55.9491,33.885,149.544
2017-12-13,3551.9114,42.6097,55.5746,33.6733,149.4922
2017-12-14,3552.4995,42.6119,55.5811,33.8275,149.5076
2017-12-15,3553.0779,43.0731,55.9759,34.0192,149.4853
2017-12-17,3554.2968,,,,
2017-12-18,3554.8994,43.5965,56.1235,34.284,149.5292
2017-12-19,3555.4996,43.9035,56.7498,34.5252,149.559
2017-12-20,3556.0288,43.8332,56.7039,34.5071,149.4474
2017-12-21,3556.5746,43.9254,56.8026,34.6126,149.3699
2017-12-22,3557.2266,44.0927,57.0013,34.7028,149.2793
2017-12-25,3559.0987,,,,
2017-12-26,3559.6842,44.1143,57.8488,34.851,149.2864
2017-12-27,3560.3213,43.9602,57.7682,34.7596,149.3157
2017-12-28,3560.9847,43.8786,57.6014,34.6846,149.1113
2017-12-29,3561.7674,44.2977,57.9319,34.7983,149.4545
2017-12-31,3563.0394,,,,
2018-01-01,3563.7227,44.0453,57.7566,34.6262,149.4635
2018-01-02,3564.3398,43.8511,57.4445,34.5302,149.4785
2018-01-03,3564.9531,43.9237,57.6914,34.6333,149.5011
2018-01-04,3565.5403,44.1072,57.94,34.9609,149.4562
2018-01-05,3566.1723,44.6544,58.2755,35.2026,149.6129
2018-01-07,3567.4437,,,,
2018-01-08,3568.0726,44.813,58.681,35.419,149.663
2018-01-09,3568.6921,44.723,58.7338,35.3117,149.6376
2018-01-10,3569.3069,44.7981,58.5513,35.1768,149.4919
2018-01-11,3569.9336,44.8982,58.7766,35.2637,149.4769
2018-01-12,3570.5428,45.0602,58.7709,35.3194,149.4891
2018-01-14,3571.8037,,,,
2018-01-15,3572.4517,45.1435,58.8635,35.4,149.6009
2018-01-16,3573.0813,44.811,58.2543,35.3059,149.44
2018-01-17,3573.6985,45.0557,58.5782,35.745,149.6553
2018-01-18,3574.3341,45.2456,58.05,35.5717,149.6057
2018-01-19,3574.9524,45.9092,58.3372,35.8535,149.6247
2018-01-21,3576.2535,,,,
2018-01-22,3576.887,45.7891,58.5472,35.9831,149.6942
2018-01-23,3577.5242,45.644,58.6221,36.4055,149.8059
2018-01-24,3578.159,45.3295,58.4006,36.4318,149.783
2018-01-25,3578.7968,45.1246,58.0873,36.2022,149.7498
2018-01-28,3580.73,,,,
2018-01-29,3581.3825,45.31,58.2284,36.0769,149.7264
2018-01-30,3582.0546,44.8918,57.8925,35.8854,149.6944
2018-01-31,3582.7053,44.8938,57.8254,35.6854,149.7354
2018-02-01,3583.3151,44.8934,57.9965,35.7358,149.4309
2018-02-02,3583.9712,43.6676,56.6489,34.7973,149.4766
2018-02-04,3585.2874,,,,
2018-02-05,3585.91,43.0571,56.3622,34.6657,149.5419
2018-02-06,3586.5624,42.3687,55.8448,34.1225,149.6109
2018-02-07,3587.2406,42.3219,56.2631,34.131,149.7571
2018-02-08,3587.8768,42.9776,56.7201,34.7053,149.8999
2018-02-09,3588.5597,42.7755,56.448,34.4287,149.9118
2018-02-11,3589.8896,,,,
2018-02-12,3590.5319,43.1983,57.0739,34.6196,149.9962
2018-02-13,3591.185,,,,
2018-02-14,3591.8457,43.2179,57.1892,34.3877,150.0741
2018-02-15,3592.5023,43.1527,56.9874,34.3508,149.9765
2018-02-16,3593.1606,42.9466,56.5924,34.0648,150.0015
2018-02-19,3595.1452,42.7144,56.2988,33.6931,
2018-02-20,3595.768,42.635,56.1813,33.6253,149.9696
2018-02-21,3596.4411,42.7113,56.1844,33.6898,149.9303
2018-02-22,3597.0718,42.5132,56.0697,33.5514,149.8158
2018-02-23,3597.7262,43.1378,56.6859,33.9973,149.9491
2018-02-25,3599.0464,,,,
2018-02-26,3599.7169,43.6298,57.1568,34.2737,149.9922
2018-02-27,3600.3825,43.7346,57.0693,34.1761,140.649
2018-02-28,3601.0493,43.6216,56.9969,34.0453,140.6412
2018-03-01,3601.76,43.4761,56.7842,33.9327,140.6243
2018-03-04,3603.8577,,,,
2018-03-05,3604.5069,43.1863,56.273,33.5489,140.7265
2018-03-06,3605.2029,42.8249,55.8812,33.2481,140.77
2018-03-07,3606.0523,42.4853,55.3347,32.8094,140.9803
2018-03-08,3606.6961,42.6226,55.5861,33.0565,141.0882
2018-03-09,3607.3635,42.8256,55.4893,32.9489,141.0964
2018-03-11,3608.7393,,,,
2018-03-12,3609.4878,43.1646,56.0497,33.4068,141.271
2018-03-13,3610.1864,43.168,56.1963,33.5543,141.3517
2018-03-14,3610.8811,43.1976,56.1494,33.5449,141.3686
2018-03-15,3611.6945,43.2154,56.1515,33.4466,141.4873
2018-03-16,3612.8496,42.5813,55.6619,32.9216,141.6912
2018-03-18,3614.2642,,,,
2018-03-19,3614.9855,42.1986,55.234,32.496,141.7148
2018-03-20,3615.6278,42.2834,55.4601,32.5822,141.7269
2018-03-21,3616.2006,42.4211,55.5757,32.623,141.7391
2018-03-22,3616.823,42.2615,55.4818,32.3204,141.7848
2018-03-23,3617.299,41.881,55.1785,31.9377,141.8272
2018-03-25,3618.7356,,,,
2018-03-26,3619.302,42.4293,55.7966,32.3705,141.858
2018-03-27,3620.0415,42.8956,56.1437,32.6602,142.3556
2018-03-28,3622.3038,42.8589,55.9924,32.4779,142.4392
2018-03-31,3624.4209,,55.9928,,
2018-04-02,3625.8417,43.7299,56.8195,32.7923,
2018-04-03,3626.587,43.8922,57.0141,33.0696,142.7428
2018-04-04,3627.3585,43.6392,56.5592,32.7241,142.7382
2018-04-05,3628.0483,44.3133,57.1057,33.295,143.1275
2018-04-06,3628.7427,44.5188,57.4263,33.3987,143.1533
2018-04-08,3630.1161,,,,
2018-04-09,3630.831,44.6744,57.5301,33.4945,143.1851
2018-04-10,3631.5028,44.6607,57.5743,33.6416,142.9838
2018-04-11,3632.1726,44.8579,57.5632,33.4863,142.7892
2018-04-12,3632.833,45.1019,57.4137,33.5214,142.8123
2018-04-13,3633.52,45.1852,57.5374,33.4774,142.8596
2018-04-15,3634.9082,,,,
2018-04-16,3635.6015,45.5742,57.7751,33.5668,142.9083
2018-04-17,3636.2486,45.565,57.8781,33.6914,142.9028
2018-04-18,3636.9573,45.3724,57.8333,33.6279,142.8035
2018-04-19,3637.6273,45.5448,58.0117,33.7213,142.5817
2018-04-20,3638.1565,45.5433,57.7797,33.7163,142.3818
2018-04-22,3639.5464,,,,
2018-04-23,3640.1528,45.7622,57.8767,33.8532,142.3797
2018-04-24,3640.8015,45.8566,57.9774,33.9256,142.3569
2018-04-25,3641.4727,45.6684,58.0015,33.7541,142.2185
2018-04-26,3642.1652,45.9246,58.2236,33.7207,142.1109
2018-04-27,3642.8498,45.9163,58.5214,34.139,142.0784
2018-04-30,,46.3585,58.8362,34.361,
2018-05-01,3645.6219,,,,
2018-05-02,3646.2495,46.423,58.4171,34.2246,142.3015
2018-05-03,3646.8796,46.0162,58.0048,34.0608,142.3179
2018-05-04,3647.4455,45.8291,57.8227,33.8283,142.3165
2018-05-06,3648.8176,,,,
2018-05-07,3649.4832,45.9842,58.0671,34.1863,142.4808
2018-05-08,3650.0968,46.1987,58.0189,34.1955,142.5187
2018-05-09,3650.6892,46.0353,57.9979,34.1515,142.3563
2018-05-10,3651.1807,45.8115,57.7764,33.9535,142.3077
2018-05-11,3651.8417,46.058,58.1485,34.1106,142.2857
2018-05-13,3653.2387,,,,
2018-05-14,3653.8744,45.8161,57.9716,33.9888,142.2398
2018-05-15,3654.3493,45.8985,57.6349,33.7484,142.0914
2018-05-16,3654.9359,45.8304,57.4798,33.5043,141.9575
2018-05-17,3655.5548,45.8324,57.4675,33.483,141.9005
2018-05-18,3656.2124,45.5903,57.0479,33.1041,142.0857
2018-05-20,3657.6351,,,,
2018-05-21,3658.2341,44.96,56.7051,32.7378,142.1174
2018-05-22,3658.9296,45.0447,56.8882,32.9824,142.1472
2018-05-23,3659.6033,44.5882,56.4104,32.7218,142.1357
2018-05-24,3660.2814,44.9205,56.3652,32.8756,142.1165
2018-05-25,3660.977,45.7053,56.9477,33.1979,142.2487
2018-05-27,3662.439,,,,
2018-05-28,3663.1364,46.0973,57.3406,33.5888,142.4224
2018-05-29,3663.9097,46.1664,57.0888,33.4931,142.4726
2018-05-30,3664.6508,46.4314,56.9974,33.4538,142.5296
2018-05-31,3665.3407,46.7453,57.1883,33.6207,142.42
2018-06-01,3666.0448,46.2936,56.7463,33.3544,142.3674
2018-06-04,3668.204,45.791,56.2903,33.0834,142.3998
2018-06-05,3669.0214,45.4377,56.0484,32.9146,142.4665
2018-06-06,3669.9188,46.0611,56.5379,33.387,142.3972
2018-06-07,3670.6413,46.2776,56.9192,33.7109,142.2812
2018-06-08,3671.3584,46.3772,56.9829,33.8405,142.4035
2018-06-11,3673.5316,46.4037,57.1646,33.8679,142.4551
2018-06-12,3674.2557,46.6921,57.4956,34.1387,142.4837
2018-06-13,3674.9731,46.6806,57.3488,34.1271,142.5907
2018-06-14,3675.6996,46.6297,57.3212,34.0272,142.6874
2018-06-15,3676.4459,46.6102,57.1758,33.9204,142.7832
2018-06-18,3678.745,46.1941,57.2522,33.8859,142.9393
2018-06-19,3679.6877,45.8521,57.0015,33.6461,142.9936
2018-06-20,3680.5289,46.0752,57.1397,33.6973,143.0785
2018-06-21,3681.283,45.8965,57.0101,33.5211,143.2127
2018-06-22,3681.9541,46.2405,57.1608,33.8415,143.2155
2018-06-25,3684.2275,46.0384,56.802,33.4904,143.2898
2018-06-26,3684.9108,46.0382,56.8186,33.4689,143.3068
2018-06-27,3685.6369,45.7051,56.499,32.9556,143.2581
2018-06-28,3686.4049,45.4715,56.1223,32.5668,143.195
2018-06-29,3687.607,45.8172,56.4848,33.0638,143.2428
2018-07-02,3690.1901,45.7514,56.3285,32.9111,143.3715
2018-07-03,3690.9285,46.0473,56.6131,33.0748,143.418
2018-07-04,3692.0381,46.4418,56.8242,33.2067,143.5283
2018-07-05,3692.8716,46.5507,56.8631,33.1059,143.5272
2018-07-06,3693.6113,46.6949,56.9648,33.1586,143.5656
2018-07-09,3695.9951,46.9185,57.3334,33.4895,143.6666
2018-07-10,3696.726,47.2806,57.6491,33.7515,143.7153
2018-07-11,3697.3895,47.33,57.3163,33.6146,143.7636
2018-07-12,3698.1859,47.4669,57.5862,33.7237,143.9137
2018-07-13,3698.9137,47.3626,57.4531,33.5276,143.9932
2018-07-16,3701.0161,46.796,56.9923,32.8552,144.0332
2018-07-17,3701.7623,47.1688,57.3717,33.292,144.1534
2018-07-18,3702.5496,47.2694,57.1759,33.1707,144.1784
2018-07-19,3703.1936,46.9584,57.0174,33.0304,144.1604
2018-07-20,3703.8209,47.4761,57.2905,33.2484,144.1651
2018-07-23,3705.8583,47.8292,57.6433,33.6369,144.2217
2018-07-24,3706.3373,48.131,58.0602,34.0694,144.2543
2018-07-25,3707.0207,48.1091,58.0588,34.1491,144.2857
2018-07-26,3707.6921,47.9672,58.1463,34.4358,144.3561
2018-07-27,3708.5793,48.2232,58.5139,34.8745,144.3967
2018-07-30,3710.7551,48.0705,58.5654,35.0847,144.4708
2018-07-31,3711.5296,48.2668,58.7278,35.068,144.5473
2018-08-01,3712.2854,48.265,58.8678,35.1089,144.6898
2018-08-02,3713.1986,47.674,58.5508,34.989,144.717
2018-08-03,3714.0635,48.1229,58.8246,35.3753,144.6829
2018-08-06,3716.2854,48.0192,58.845,35.4678,144.7287
2018-08-07,3717.0545,48.0329,58.7823,35.3674,144.736
2018-08-08,3717.8237,48.2043,58.9247,35.4928,144.7751
2018-08-09,3718.6457,48.3109,58.8757,35.6865,144.8547
2018-08-10,3719.3725,48.1197,58.8225,35.3667,144.8834
2018-08-13,3721.5141,47.7677,58.6216,35.0787,144.8638
2018-08-14,3722.2147,48.162,58.948,35.3932,144.8983
2018-08-16,3723.6676,47.8863,58.7001,35.3442,144.8889
2018-08-17,,48.1444,59.2794,35.724,
2018-08-20,3726.5822,48.3837,59.7522,36.178,145.0363
2018-08-21,3727.2407,48.6048,59.8449,36.2978,145.0737
2018-08-23,3728.6055,48.761,60.0756,36.3233,145.063
2018-08-24,3729.2354,48.6583,60.1112,36.1827,145.0713
2018-08-27,3731.4211,49.2514,60.4211,36.5961,145.1487
2018-08-28,3732.179,49.4611,60.6619,36.5015,145.1743
2018-08-29,3733.2403,49.6369,60.5234,36.6525,145.1777
2018-08-30,3733.9957,49.4987,60.5187,36.845,145.153
2018-08-31,3734.7722,49.5414,60.7597,37.0172,145.157
2018-09-03,3737.1712,49.163,60.3649,36.7355,145.1981
2018-09-04,3737.9052,48.7022,59.7035,36.2352,145.091
2018-09-05,3738.5233,48.4323,59.5398,36.2032,145.064
2018-09-06,3739.3085,48.7309,60.2592,36.5036,145.0798
2018-09-07,3740.0724,48.7308,60.6367,36.8595,145.1503
2018-09-10,3741.6037,47.8953,59.8002,36.4594,145.0029
2018-09-11,3741.621,47.2567,58.9633,35.9588,144.9724
2018-09-12,3742.3052,47.5556,59.411,36.1758,144.9921
2018-09-14,3743.6318,48.2119,60.1101,36.6182,145.0718
2018-09-17,3745.8106,47.6817,59.5565,36.2336,145.1591
2018-09-18,3746.8412,47.3009,58.9816,35.6478,145.1769
2018-09-19,3747.5204,46.9948,58.7545,35.6203,145.2511
2018-09-21,3749.0203,46.5231,58.0538,35.3925,145.2703
2018-09-24,3750.4164,45.3802,56.9356,34.6484,145.129
2018-09-25,3748.5485,45.6957,57.5402,34.9495,145.0404
2018-09-26,3749.3624,45.3522,57.7739,34.9064,145.1397
2018-09-27,3752.2921,44.845,57.2837,34.5134,145.5014
2018-09-28,3754.1776,44.6596,56.7032,34.2138,145.6347
2018-10-01,3756.8327,44.4205,57.1071,34.388,145.82
2018-10-03,3758.1588,43.5984,56.7677,34.1188,145.7273
2018-10-04,3758.624,42.7151,55.7746,33.5729,145.5923
2018-10-05,3761.4006,42.1007,54.5873,32.5654,145.947
2018-10-08,3763.7318,41.9164,53.9097,32.371,146.0791
2018-10-09,3764.4199,41.9931,53.8919,32.2168,145.9393
2018-10-10,3765.1782,42.9547,54.8105,33.0232,145.9908
2018-10-11,3765.8843,42.0772,53.6189,32.2514,146.0455
2018-10-12,3766.5512,43.1784,54.2766,32.8517,146.0817
2018-10-15,3768.6624,43.2515,54.6268,32.9868,146.2801
2018-10-16,3769.507,43.4351,54.9143,33.2969,146.3846
2018-10-17,3770.336,42.6098,54.4636,32.7194,146.3738
2018-10-19,3771.7561,42.2254,53.9527,32.5449,146.4328
2018-10-22,3774.0249,41.8448,53.9897,32.3955,146.5009
2018-10-23,3774.7256,41.2102,53.6692,32.0403,146.5481
2018-10-24,3775.5104,41.8934,53.591,32.3693,146.6004
2018-10-25,3776.3141,41.7228,53.3053,32.141,146.6004
2018-10-26,3777.1107,41.5634,53.1644,31.9937,146.59
2018-10-29,3779.3355,42.1527,54.6469,33.0937,146.7445
2018-10-30,3780.0643,41.9306,54.8327,33.1305,146.7452
2018-10-31,3780.8573,42.8528,55.554,33.7681,146.7339
2018-11-01,3781.7547,43.1171,56.2748,33.9584,146.8128
2018-11-02,3782.6099,43.85,56.1832,34.3998,146.9597
2018-11-05,3784.9644,43.81,55.6086,34.3161,147.0216
2018-11-06,3785.8486,43.7198,55.8355,34.1348,147.0712
2018-11-09,3788.195,44.1023,56.356,34.3811,147.2208
2018-11-12,3790.7416,43.5524,55.9104,33.9351,147.2561
2018-11-13,3791.6315,43.845,56.0628,34.1687,147.3771
2018-11-14,3792.7523,43.71,56.16,34.1979,147.492
2018-11-15,3794.0432,43.9766,56.9165,34.4793,147.5302
2018-11-16,3795.0452,44.3022,56.938,34.6407,147.4611
2018-11-19,3797.4247,44.4665,56.921,34.7194,147.5923
2018-11-20,3798.2437,44.1911,56.0644,34.3544,147.635
2018-11-21,,44.1877,56.5687,34.4915,
2018-11-22,3799.8589,43.9282,56.0409,34.1882,147.8603
2018-11-26,3803.0898,44.1062,56.2998,34.3768,147.9388
2018-11-27,3804.1093,44.4178,56.6766,34.4933,147.9633
2018-11-28,3804.9872,44.633,56.3766,34.2506,148.1433
2018-11-29,3805.8394,45.1652,56.6811,34.5976,148.2735
2018-11-30,3806.5323,45.5428,57.1898,34.6195,148.3579
2018-12-03,3809.1775,45.5142,57.0556,34.6368,148.4128
2018-12-04,3810.26,45.4645,56.6321,34.7341,148.5429
2018-12-05,3812.0229,45.0236,55.7834,34.1841,148.846
2018-12-06,3813.4412,44.4363,54.7688,33.7422,149.0535
2018-12-07,3814.3908,44.813,55.0268,33.8079,149.0015
2018-12-10,3816.3984,44.0545,53.9016,33.3958,148.7642
2018-12-11,3816.9776,44.4437,55.0014,33.7144,148.8009
2018-12-12,3818.0154,45.4228,56.3105,34.4292,149.0278
2018-12-13,3819.3159,45.8382,56.6467,34.5441,149.0154
2018-12-14,3820.3688,45.8628,56.7611,34.6099,148.9564
2018-12-17,3822.6796,46.2157,56.8786,34.8087,149.0283
2018-12-18,3823.5918,46.2921,57.2413,34.9366,149.195
2018-12-19,3824.8182,46.5653,58.1022,35.2629,149.5278
2018-12-20,3825.3474,46.4699,58.0018,35.1521,149.5464
2018-12-21,3825.9596,45.8127,57.1987,34.7041,149.563
2018-12-24,3828.269,45.313,56.7621,34.467,149.6544
2018-12-26,3829.7516,45.3484,56.8744,34.6407,149.8596
2018-12-27,3830.6661,45.4602,56.7148,34.6762,149.9247
2018-12-28,3831.9643,45.8494,57.186,35.0331,149.7844
2018-12-31,3834.7032,45.9487,57.2691,35.0999,149.9206
2019-01-01,3835.6478,46.0296,57.4833,35.3061,149.8452
2019-01-02,3836.7889,45.6003,56.9398,34.8637,149.9431
2019-01-03,3837.309,45.3334,56.4965,34.5153,149.8859
2019-01-04,3838.1051,45.318,57.1773,34.7714,149.8954
2019-01-07,3840.3604,45.1689,57.162,34.8727,149.9279
2019-01-08,3841.3584,44.6935,57.5187,35.1267,150.0955
2019-01-09,3842.2348,44.669,57.493,35.2384,150.1373
2019-01-10,3843.0364,44.7078,57.7291,35.3285,150.1803
2019-01-11,3843.8171,44.451,57.5518,35.2316,150.2791
2019-01-14,3846.1704,44.192,57.3814,35.0726,150.456
2019-01-15,3847.0881,44.6295,57.5285,35.3664,150.4854
2019-01-16,3847.9891,44.3757,57.5166,35.374,150.4555
2019-01-17,3848.8256,44.3741,57.231,35.3235,150.4768
2019-01-18,3849.614,44.3353,56.9596,34.9364,150.4759
2019-01-21,3852.0237,44.2645,56.4626,34.8657,150.3954
2019-01-22,3853.1078,44.1753,56.4879,34.868,150.5028
2019-01-23,3853.2079,44.275,56.1867,34.6741,150.5101
2019-01-24,3854.028,44.1054,56.285,34.5476,150.5348
2019-01-25,3854.7565,43.7855,55.5767,34.3971,150.5547
2019-01-28,3857.2653,43.2665,54.6951,33.8254,150.6576
2019-01-29,3858.252,43.2329,54.9597,34.0023,150.6845
2019-01-30,3859.0136,43.2035,55.4969,34.3406,150.6693
2019-01-31,3859.7657,43.5103,55.4075,34.8539,150.7049
2019-02-01,3860.3437,43.9509,54.9992,34.7678,150.5492
2019-02-04,3862.0595,44.1172,54.9498,34.5859,150.5633
2019-02-05,3862.7741,44.3637,54.7139,34.4663,150.5966
2019-02-06,3863.4747,44.8555,55.0284,34.8702,150.6666
2019-02-07,3866.0939,45.183,55.5605,35.0078,150.9077
2019-02-08,3867.5916,44.8823,54.4952,34.4331,151.009
2019-02-11,3869.8269,44.5422,53.4023,34.1241,151.0908
2019-02-12,3870.5686,44.3109,53.0963,34.0735,151.05
2019-02-13,3873.2535,44.2871,52.7316,33.8343,151.3451
2019-02-14,3874.0483,44.069,52.907,33.7264,151.2698
2019-02-15,3873.3615,43.7705,52.2324,33.4974,151.1932
2019-02-18,3875.6324,43.3006,51.9001,33.22,151.131
2019-02-19,,43.1958,52.1016,33.3508,
2019-02-20,3877.1511,43.6851,52.4495,33.7654,151.2149
2019-02-21,3877.9373,43.7567,53.1862,34.028,151.2293
2019-02-22,3878.2128,43.7049,53.304,34.2343,151.2599
2019-02-25,3880.433,44.296,53.6858,34.3686,151.3599
2019-02-26,3880.9587,44.5733,53.329,34.2692,151.362
2019-02-27,3881.6892,44.5667,53.519,34.2767,151.2991
2019-02-28,3882.523,44.4396,53.7938,34.3414,151.357
2019-03-01,3883.6677,44.6198,54.1544,34.7149,151.443
2019-03-05,3886.7391,45.1533,55.7395,35.4016,151.6357
2019-03-06,3888.9141,45.3919,55.9649,35.5201,151.7285
2019-03-07,3889.6642,45.2268,56.2362,35.5907,151.8551
2019-03-08,3891.2395,45.3368,55.8381,35.4924,151.9735
2019-03-11,3893.6488,45.9878,56.8626,36.0421,152.1524
2019-03-12,3895.3984,46.2528,57.1418,36.4004,152.2662
2019-03-13,3896.9455,46.5112,56.7812,36.4739,152.2831
2019-03-14,3901.3532,46.3853,56.7669,36.4598,152.4552
2019-03-15,3902.4571,46.6669,56.9537,36.7007,152.5838
2019-03-18,3904.6634,46.5115,56.869,36.842,152.7412
2019-03-19,3906.2956,46.5113,57.4891,37.0419,152.7005
2019-03-20,3904.9666,46.2349,57.5133,36.8944,152.7699
2019-03-22,3905.4787,46.086,57.4623,36.6517,152.9006
2019-03-25,3907.9094,45.8064,56.9177,36.3979,142.4171
2019-03-26,3908.667,46.3096,57.5931,36.7706,142.4063
2019-03-27,3909.9343,46.2936,57.885,36.7212,142.4266
2019-03-28,3911.0154,46.6551,58.3251,37.2335,142.444
2019-03-29,3919.3189,46.981,58.9169,37.4949,142.8143
2019-04-01,,47.1959,59.155,37.7396,
2019-04-02,3927.3237,47.3153,58.9318,37.8738,143.2454
2019-04-03,3927.7307,47.3076,58.3833,37.434,143.216
2019-04-04,3928.3556,47.1582,58.1116,37.3202,143.0993
2019-04-05,3928.9971,47.4887,58.4231,37.5191,142.9577
2019-04-08,3929.8635,47.3717,58.2362,37.2241,142.8229
2019-04-09,3929.5232,47.4487,58.2334,37.5077,142.8298
2019-04-10,3929.382,47.2548,57.9961,37.378,142.9046
2019-04-11,3928.679,47.175,58.0274,37.4361,142.8471
2019-04-12,3929.1923,47.2601,58.4221,37.6532,142.8054
2019-04-15,3930.2687,47.687,58.8563,37.7808,142.7628
2019-04-16,3930.3122,47.9452,58.8978,37.9269,142.7755
2019-04-18,3931.8145,47.5729,58.4115,37.723,142.8003
2019-04-22,3934.6565,47.0681,57.1436,37.1965,142.7099
2019-04-23,3933.8348,47.0397,57.3451,37.1199,142.717
2019-04-24,3932.5059,47.7032,57.071,37.4677,142.817
2019-04-25,3932.7681,47.4253,56.7643,37.2307,142.7254
2019-04-26,3933.077,47.587,57.1259,37.6251,142.8116
2019-04-30,3935.0437,47.7229,56.3943,37.5606,142.9462
2019-05-02,3935.9636,47.768,55.9352,37.2702,142.9669
2019-05-03,3935.9902,47.5539,56.0284,37.396,142.9162
2019-05-06,3939.3791,47.1499,55.4316,37.1291,143.0201
2019-05-07,3941.5665,46.9154,54.8353,36.7143,143.0787
2019-05-08,3943.5199,46.3892,54.0787,36.2878,143.1504
2019-05-09,3944.3106,46.2216,53.7741,36.1098,143.18
2019-05-10,3945.6736,46.2551,53.7771,36.1112,143.2079
2019-05-13,3948.1583,45.8407,52.5887,35.3901,143.3346
2019-05-14,3949.6951,45.5871,52.7553,35.8303,143.4783
2019-05-15,3950.5061,45.9877,52.2774,35.5507,143.5038
2019-05-16,3952.2548,46.225,52.4859,35.8849,143.5546
2019-05-17,3955.6152,46.7549,52.7748,36.1511,143.6887
2019-05-20,3958.6948,48.4883,54.7179,37.8009,143.9976
2019-05-21,3959.2603,47.8968,54.0163,37.3059,144.0003
2019-05-22,3959.9007,48.1288,54.1346,37.4346,144.0646
2019-05-23,3963.3894,47.927,54.2421,37.3326,144.3538
2019-05-24,3964.3316,48.4689,56.0286,38.4286,144.51
2019-05-27,3967.6125,48.7481,57.5208,39.0866,145.0011
2019-05-28,3968.2518,48.8592,57.4263,38.9715,145.1418
2019-05-29,3969.0534,48.9649,56.6254,38.4652,145.1587
2019-05-30,3971.0054,49.5043,56.7649,38.6557,145.1312
2019-05-31,3972.7088,49.6009,56.6381,38.5553,145.5041
2019-06-03,3977.9948,50.216,57.1227,38.7646,145.7548
2019-06-04,3978.8906,50.041,56.8667,38.5849,145.6843
2019-06-06,3981.171,49.4851,55.8931,37.7242,146.0295
2019-06-07,3979.4257,49.443,55.7948,37.7513,145.8035
2019-06-10,3981.1174,49.5439,56.1314,37.824,145.5955
2019-06-11,3981.148,49.653,56.3185,37.9905,145.6404
2019-06-12,3981.3277,49.234,55.9707,37.7824,145.775
2019-06-13,3982.1122,49.2907,55.8455,37.8104,145.8517
2019-06-14,3982.7966,48.8909,55.4199,37.518,146.087
2019-06-17,3985.4552,48.5141,54.7235,36.9296,146.1223
2019-06-18,3986.5235,48.4502,54.8124,37.0431,146.4654
2019-06-19,3987.7899,48.4036,54.2741,36.9091,146.5025
2019-06-20,3988.4023,48.8821,55.0608,37.5214,146.6796
2019-06-21,3989.0576,48.5317,55.0284,37.2956,146.4745
2019-06-24,3991.2496,48.5922,54.9755,37.2818,146.4771
2019-06-25,3991.5578,48.996,55.1963,37.597,146.3663
2019-06-26,3990.5061,49.2897,55.505,37.8804,146.2151
2019-06-27,3992.0176,49.366,55.5133,38.0638,146.3061
2019-06-28,3993.2622,49.3756,55.4608,38.0432,146.3797
2019-07-01,3995.6093,49.7716,55.465,38.1294,146.3903
2019-07-02,3996.3465,50.1515,55.5594,38.1492,146.4817
2019-07-03,3999.3038,50.1794,55.5408,38.2732,146.678
2019-07-04,4001.4002,50.258,55.6638,38.4089,146.9134
2019-07-05,4002.7573,49.5638,54.9323,37.8995,147.2972
2019-07-08,4005.3821,48.5793,53.6374,36.9659,147.8277
2019-07-09,4006.8852,48.498,54.1523,37.2295,147.8228
2019-07-10,4009.7207,48.1232,53.5934,36.8628,148.0034
2019-07-11,4010.9502,48.6231,53.9327,37.21,148.2166
2019-07-12,4012.4738,48.3958,54.3478,37.2259,148.2944
2019-07-15,4015.4835,48.7139,54.2986,37.076,148.5678
2019-07-16,4018.8422,48.9022,54.6143,37.4458,148.9102
2019-07-17,4022.5023,48.9859,54.376,37.5002,148.8778
2019-07-18,4023.3581,48.6995,53.8307,36.9506,148.8109
2019-07-19,4023.1439,47.9665,53.3029,36.3675,148.8542
2019-07-22,4024.4143,47.4019,53.1347,36.3464,148.7174
2019-07-23,4024.3809,47.2682,52.8834,36.2009,148.6097
2019-07-24,4024.7885,46.9859,51.8181,35.8253,148.6858
2019-07-25,4025.5358,47.1099,52.0065,35.8082,148.3413
2019-07-26,4026.2347,47.5006,52.2139,35.9704,148.3704
2019-07-29,4028.5247,47.2517,51.739,35.585,148.7487
2019-07-30,4030.8535,46.9379,51.1131,34.9848,148.892
2019-07-31,4033.0479,47.2759,51.5601,35.3053,149.0512
2019-08-01,4036.5393,46.8464,50.825,34.6488,149.0367
2019-08-02,4037.5492,47.0393,50.7078,34.4649,149.3724
2019-08-05,4040.2626,46.6536,50.1618,34.0276,149.2155
2019-08-06,4040.4543,47.3788,50.8886,34.3933,149.4147
2019-08-07,4043.2485,47.0773,50.5197,33.8466,149.5577
2019-08-08,4046.3973,47.4873,50.8515,34.2803,149.6843
2019-08-09,4047.4181,48.2849,51.3738,34.3629,149.4248
2019-08-13,4049.2676,47.2855,50.1615,33.5822,149.4511
2019-08-14,4049.1588,47.4579,50.8535,33.9639,149.0809
2019-08-16,4051.0235,47.5876,51.1022,34.0542,149.3311
2019-08-19,4053.5466,47.5458,51.0307,34.0837,149.373
2019-08-20,4054.3711,47.4791,50.5713,33.8628,149.4864
2019-08-21,4055.4582,47.2066,49.596,33.3619,149.6765
2019-08-22,4056.0057,46.5543,48.9095,32.7704,149.8404
2019-08-23,4056.744,46.5352,49.2995,33.0437,149.9347
2019-08-26,4059.444,47.5602,50.2516,33.6593,150.2418
2019-08-27,4060.9955,47.7229,51.1777,33.9802,150.2496
2019-08-28,4061.6488,47.6385,51.4026,33.7103,150.1914
2019-08-29,4062.6035,47.3071,50.9588,33.3824,150.0625
2019-08-30,4063.3999,47.6846,51.4804,33.5968,150.1076
2019-09-03,4067.1216,46.866,51.1942,32.9684,150.4088
2019-09-04,4068.5983,46.9908,51.209,33.192,150.4906
2019-09-05,4069.0835,46.9716,51.037,33.3774,150.4076
2019-09-06,4069.7611,47.1805,51.6988,33.6463,150.3414
2019-09-09,4072.1616,47.6889,52.2742,33.9053,150.5778
2019-09-11,4073.3738,47.7491,52.1334,34.1812,150.4797
2019-09-12,4074.3909,47.5026,51.6176,34.1039,150.3828
2019-09-13,4075.4083,47.7489,51.9264,34.4118,150.4937
2019-09-16,4077.8292,47.6812,51.1896,34.1575,150.4476
2019-09-17,4077.6242,46.875,50.1586,33.3565,150.3688
2019-09-18,4078.329,47.0925,50.4635,33.5375,150.6191
2019-09-19,4079.2646,46.5793,49.8359,33.0899,150.6828
2019-09-20,4076.9678,49.5049,52.9228,35.105,150.0993
2019-09-23,4079.1253,51.4523,54.1398,36.5689,150.1778
2019-09-24,4079.35,50.9665,53.8059,36.3133,150.1503
2019-09-25,4080.2472,50.501,53.4671,35.541,150.1731
2019-09-26,4081.9192,50.9655,53.9101,36.0798,150.2039
2019-09-27,4082.6786,50.9252,53.9087,35.8985,150.2231
2019-09-30,4086.2243,50.5655,53.0118,35.6992,150.4539
2019-10-01,4088.1697,50.3569,52.3266,35.232,150.5812
2019-10-03,4089.831,50.0372,52.4047,35.233,150.7936
2019-10-04,4091.1895,49.7632,51.5198,34.7243,150.7287
2019-10-07,4093.774,49.6532,51.5874,34.4231,150.8064
2019-10-09,4095.094,50.1686,52.1201,35.0899,150.861
2019-10-10,4095.9991,49.8371,51.352,34.6615,150.8965
2019-10-11,4097.3811,50.3824,51.7157,34.8641,150.938
2019-10-14,4099.607,50.3561,52.0063,34.9781,151.0676
2019-10-15,4100.5496,50.8906,52.1496,35.1765,151.1294
2019-10-16,4101.6695,51.1431,52.2996,35.2173,151.2289
2019-10-17,4102.4534,51.5637,53.4189,35.6993,151.266
2019-10-18,4103.1342,51.7965,54.3253,35.9705,151.4029
2019-10-22,4105.7837,51.9124,54.9854,35.8852,151.5632
2019-10-23,4106.5247,51.8553,55.7765,35.9625,151.6974
2019-10-24,4107.7561,51.8755,55.3504,35.625,151.7896
2019-10-25,4108.466,51.789,55.3999,35.8285,151.8433
2019-10-29,4111.1441,52.7875,56.3999,36.6798,151.965
2019-10-30,4113.437,52.9263,57.1014,36.9824,152.1072
2019-10-31,4114.4383,53.1953,57.5153,37.2339,152.3324
2019-11-01,4115.088,53.1065,57.082,37.3083,152.4285
2019-11-04,4117.1046,52.9846,57.081,37.4373,152.4901
2019-11-05,4117.7223,52.8708,56.2048,37.2677,152.4692
2019-11-06,4117.083,53.0273,56.2854,37.396,152.4607
2019-11-07,4117.7945,53.1469,56.0601,37.3476,152.4911
2019-11-08,4118.4667,52.6691,55.7464,36.8802,152.3985
2019-11-11,4120.8564,52.7747,56.1837,37.0639,152.4214
2019-11-13,4122.6082,52.7507,56.7102,36.6968,152.5581
2019-11-14,4123.4278,52.9216,56.8178,36.6681,152.6957
2019-11-15,4124.4226,52.8598,56.681,36.9168,152.7979
2019-11-18,4126.3854,52.6458,57.0568,37.1266,152.9316
2019-11-19,4127.0449,52.3017,57.3307,37.4003,152.9853
2019-11-20,4127.8978,52.2197,57.4379,37.5524,153.0708
2019-11-21,4128.5649,51.9749,57.351,37.3604,153.0927
2019-11-22,4129.247,51.8055,56.9015,37.2019,153.1436
2019-11-25,4131.1444,52.4058,57.2265,37.7165,153.296
2019-11-26,4131.7613,52.1819,56.7251,37.5389,153.3485
2019-11-27,4132.7466,52.5541,57.3408,37.7095,153.3903
2019-11-28,4133.5488,52.6551,57.8483,37.8833,153.4934
2019-11-29,4134.6499,52.5202,57.5918,37.6232,153.5381
2019-12-02,4136.7004,52.0831,57.3629,37.5274,153.6046
2019-12-03,4137.4286,52.1391,56.965,37.2069,153.6259
2019-12-04,4138.0105,52.1758,57.0755,37.4698,153.7405
2019-12-05,4137.1591,52.1739,56.7838,37.2128,153.2483
2019-12-06,4137.8932,51.7574,56.2917,36.7408,153.1405
2019-12-09,4140.0144,51.7165,56.171,36.7694,153.1183
2019-12-10,4140.8362,51.3884,55.3357,36.4552,153.0738
2019-12-11,4141.6075,51.6608,55.6148,36.5698,152.9832
2019-12-12,4142.2277,51.9371,56.0762,36.954,152.9682
2019-12-13,4142.7981,52.3885,56.418,37.5064,152.8576
2019-12-16,4144.5725,52.2265,55.9057,37.3559,152.9814
2019-12-17,4145.1513,52.823,56.0988,37.8179,153.0346
2019-12-18,4145.708,53.2201,55.8029,37.7713,153.1337
2019-12-19,4146.3861,53.4483,56.0773,37.848,153.1526
2019-12-20,4146.8586,53.5651,56.0646,37.9728,153.4572
2019-12-23,4148.6422,53.4977,55.9366,37.8912,153.5537
2019-12-24,4149.2295,53.2331,55.7772,37.7657,153.5626
2019-12-26,4150.4387,53.1793,55.9528,37.5389,153.5576
2019-12-27,4151.2058,53.5587,56.3996,38.0682,153.6346
2019-12-30,4152.9985,53.5844,56.5326,38.1381,153.701
2019-12-31,4153.5751,53.2357,56.428,37.9594,153.7054
2020-01-01,4154.2506,53.2623,56.4189,37.9668,153.8193
2020-01-02,4155.3529,53.3612,56.9688,38.4483,153.8742
2020-01-03,4155.873,53.3371,56.778,38.2715,154.0323
2020-01-06,4157.6608,52.3269,55.6976,37.4068,154.0036
2020-01-07,4158.2403,52.6992,56.2173,37.5129,154.0751
2020-01-08,4158.7589,52.7438,56.1255,37.3886,154.127
2020-01-09,4159.2962,53.3485,57.0619,38.064,154.2202
2020-01-10,4159.6197,53.6188,57.0136,38.2168,154.1672
2020-01-13,4161.2805,53.8602,57.4274,38.427,154.2362
2020-01-14,4161.7101,54.1131,58.2117,38.5546,154.1151
2020-01-15,4162.2102,54.0222,58.4506,38.5216,154.1889
2020-01-16,4162.7975,54.3185,58.5949,38.5237,154.2713
2020-01-17,4163.4425,54.4449,58.7012,38.5397,154.3249
2020-01-20,4165.2638,53.8785,58.5722,38.2913,154.4228
2020-01-21,4165.9471,53.5685,58.7161,38.0925,154.4776
2020-01-22,4166.5799,53.3944,58.8953,37.9228,154.5903
2020-01-23,4167.2712,53.6822,59.7082,38.3177,154.6714
2020-01-24,4168.047,54.3219,60.4024,38.5493,154.749
2020-01-27,4169.8989,54.0408,60.6531,38.1205,154.8703
2020-01-28,4170.5021,54.0279,60.5752,37.9095,154.9202
2020-01-29,4171.1131,54.4893,60.8375,38.1615,154.8904
2020-01-30,4171.7595,54.2354,60.105,37.8884,154.9146
2020-01-31,4172.3693,54.3388,59.7157,37.6321,154.9392
2020-02-03,4174.2552,53.9914,58.0425,36.3634,155.2432
2020-02-04,4174.93,54.9917,58.5763,37.2406,155.3587
2020-02-05,4175.5676,55.439,59.1907,37.8623,155.3768
2020-02-06,4178.0239,55.6957,59.0951,38.2093,155.9182
2020-02-07,4178.8921,55.7358,59.6584,38.2086,156.3627
2020-02-10,4181.1499,56.0931,59.5773,37.8178,156.5138
2020-02-11,4182.0429,56.1376,60.0588,38.1614,156.5581
2020-02-12,4182.7922,56.6194,60.1219,38.1116,156.5516
2020-02-13,4184.0904,56.6034,59.8924,38.0694,156.7233
2020-02-14,4184.71,56.1437,58.9999,37.8171,156.828
2020-02-17,4186.7668,55.8525,58.4797,37.4953,157.0124
2020-02-18,4187.2739,55.593,59.0137,37.3789,156.9444
2020-02-19,,56.1832,60.4177,37.7032,
2020-02-20,4188.3871,56.0837,60.7193,37.8452,156.9353
2020-02-24,4190.8455,55.0739,59.7133,37.031,157.1105
2020-02-25,4191.6676,54.8741,59.6428,36.8522,157.0423
2020-02-26,4192.2986,54.4616,58.7661,36.4536,147.7681
2020-02-27,4192.7871,54.3307,57.9347,36.2362,147.6783
2020-02-28,4192.8719,52.8907,55.8033,34.9635,147.542
2020-03-02,4194.6776,52.8009,55.9281,34.5233,147.6198
2020-03-03,4195.0644,53.5505,57.0181,35.0947,147.6457
2020-03-04,4198.9729,53.0825,56.517,34.7438,148.0648
2020-03-05,4200.1656,53.645,57.1614,34.7965,148.039
2020-03-06,4200.6749,53.0987,56.1637,33.8975,148.22
2020-03-09,4202.7078,51.2994,53.6295,32.3964,148.1911
2020-03-11,4202.8702,51.3449,53.3443,32.0067,147.9299
2020-03-12,4199.1631,47.8039,49.2353,29.1242,147.1302
2020-03-13,4195.2449,48.5999,50.2095,30.5589,146.4248
2020-03-16,4195.5139,45.8588,47.316,28.5456,146.3857
2020-03-17,4193.9895,44.891,46.2054,27.9135,145.7796
2020-03-18,4186.9181,42.3458,43.3121,26.7113,145.1779
2020-03-19,4164.2442,41.0376,42.0994,25.8841,143.9765
2020-03-20,4163.0671,42.895,45.0055,26.9588,144.6272
2020-03-23,4152.1616,37.6463,40.4996,23.4673,143.7194
2020-03-24,4144.3512,38.446,40.7455,23.8439,143.8304
2020-03-25,,40.4084,41.754,24.8444,
2020-03-26,4156.2809,42.2508,43.3782,25.7611,144.1796
2020-03-27,4212.5014,42.4778,43.3332,25.6579,147.851
2020-03-30,4218.4355,40.9103,42.9923,24.722,147.6988
2020-03-31,4219.8368,41.7364,44.41,25.7754,148.1709
2020-04-01,,40.2742,43.7147,24.836,
2020-04-03,4223.1814,39.2576,43.6407,24.394,147.8815
2020-04-07,4228.7396,41.8335,46.715,26.1117,147.1769
2020-04-08,4225.2022,41.9653,48.5326,26.2099,146.4112
2020-04-09,4221.4016,43.829,49.7311,27.2096,146.4196
2020-04-13,4222.2748,42.8958,49.7987,27.1091,146.5785
2020-04-15,4223.0994,42.7458,49.9375,27.1964,146.8633
2020-04-16,4224.6042,42.8712,50.6858,27.5178,147.1239
2020-04-17,4235.9524,44.1263,50.8369,28.2597,147.947
2020-04-20,4241.9107,44.0535,50.5395,28.2958,148.7201
2020-04-21,4248.4573,42.8546,49.9428,27.3648,149.0212
2020-04-22,4251.0201,43.6292,49.9446,27.6074,149.0793
2020-04-23,4257.8975,44.2908,50.6232,27.7376,149.5527
2020-04-24,4253.9022,43.3221,50.3992,27.2358,148.6647
2020-04-27,4250.8959,43.9317,51.6601,27.4545,148.6922
2020-04-28,4245.0076,44.4792,51.7687,27.5841,148.5148
2020-04-29,4246.2017,45.1796,51.8212,28.1232,148.549
2020-04-30,4250.8578,46.2403,51.9138,29.0772,148.6556
2020-05-04,4254.1526,43.9775,51.7864,27.499,149.0855
2020-05-05,4257.3671,43.4431,51.7331,27.154,149.4229
2020-05-06,4260.1611,43.866,52.105,27.1651,149.8549
2020-05-07,,43.1938,52.0884,26.8711,
2020-05-08,4264.2386,43.4867,51.8829,26.7445,150.1326
2020-05-11,4265.7032,43.4478,51.8446,26.7118,149.6699
2020-05-12,4271.4274,43.3466,51.5599,26.7675,149.9687
2020-05-13,4270.8111,43.8787,51.6134,27.3614,150.1633
2020-05-14,4271.4229,43.3273,51.8594,26.8248,150.5497
2020-05-15,4275.9992,43.2228,52.0253,26.757,150.5483
2020-05-18,4284.9352,41.8882,50.8905,25.6605,150.7375
2020-05-19,4288.6721,42.3384,51.2438,25.7962,150.8998
2020-05-20,4289.6827,43.1069,51.6204,26.2835,151.0347
2020-05-21,4294.3552,43.2827,52.2025,26.5825,151.1568
2020-05-22,4299.3833,42.8272,52.314,26.2503,151.835
2020-05-26,4306.032,42.6159,52.2757,26.2028,151.9123
2020-05-27,4306.1167,43.1592,52.6368,26.8846,151.8831
2020-05-28,4305.9734,44.0203,52.9098,27.3793,151.8499
2020-05-29,4301.7625,44.6462,53.2197,27.8111,151.8458
2020-06-01,4303.6551,45.6082,53.8411,28.6179,151.7027
2020-06-02,4303.0421,46.2677,54.0996,28.8451,151.5887
2020-06-03,4303.7694,46.5934,54.1472,29.0246,151.7291
2020-06-04,4302.9475,46.2798,54.1289,29.0746,151.7144
2020-06-05,4303.6425,46.7759,55.0839,29.8914,151.7947
2020-06-08,4305.6172,46.7292,55.1066,30.1996,151.7545
2020-06-09,4305.7632,46.218,54.6084,29.7598,151.8323
2020-06-10,4307.0927,46.4633,54.8485,29.7963,151.9285
2020-06-11,4310.1565,45.7706,54.4155,29.0615,152.0797
2020-06-12,4311.2397,46.1403,54.6559,29.2344,152.1202
2020-06-15,4315.1713,45.421,54.2432,28.7242,152.2922
2020-06-16,4317.8417,45.8454,54.8212,28.7353,152.463
2020-06-17,4318.5464,45.7357,55.393,28.7239,152.6873
2020-06-18,4324.4248,46.2021,55.5556,29.3334,152.9942
2020-06-19,4326.3408,46.54,55.7688,29.8342,153.2792
2020-06-22,4325.789,46.9144,57.4547,30.2699,153.438
2020-06-23,4327.428,47.7131,58.2561,30.7012,153.6661
2020-06-24,4327.9788,47.0349,57.1358,30.127,153.6871
2020-06-25,4328.6429,47.0816,57.854,30.1346,153.8658
2020-06-26,4329.9344,47.174,57.5425,30.3769,154.0384
2020-06-29,4329.6449,46.9765,56.9851,29.8369,154.1954
2020-06-30,4330.1984,47.0399,56.3796,29.7608,154.3407
2020-07-01,4332.0976,47.2575,56.3051,30.1676,154.4707
2020-07-02,4333.5809,47.6297,56.5285,30.4217,154.6381
2020-07-03,4336.8755,47.5785,57.1696,30.6066,154.7628
2020-07-06,4339.2371,48.2351,58.113,31.0298,154.9799
2020-07-07,4341.1793,49.0073,57.935,31.0631,155.2208
2020-07-08,4343.2338,48.2897,58.0663,30.9103,155.4959
2020-07-09,4344.087,48.6452,58.298,31.1314,155.6112
2020-07-10,4345.9608,48.3586,58.2981,30.9371,155.929
2020-07-13,4348.2801,48.0225,58.6437,31.0347,156.0307
2020-07-14,4346.9559,47.2694,57.9919,30.5009,155.9369
2020-07-15,4347.4749,47.3582,57.9193,30.3927,156.1332
2020-07-16,4347.9358,47.5782,57.9806,30.7245,156.1683
2020-07-17,4348.386,48.0103,58.54,31.2684,156.2261
2020-07-20,4349.7322,48.7371,59.059,31.5268,156.312
2020-07-21,4350.8257,48.8579,58.7706,31.9174,156.218
2020-07-22,4351.1503,48.5253,58.8762,31.9028,156.1462
2020-07-23,4351.7062,48.8602,59.6438,32.2036,156.2261
2020-07-24,4351.8154,48.2886,59.3358,31.9681,156.2363
2020-07-27,4353.5207,47.9389,59.0559,31.6541,156.1419
2020-07-28,4353.6483,48.6965,59.3323,31.8804,156.0234
2020-07-29,4353.8404,48.6187,60.131,31.7587,156.0698
2020-07-30,4354.5685,48.4634,59.5941,31.3484,156.1385
2020-07-31,4355.1666,48.6272,60.404,31.3942,156.2908
2020-08-03,4356.3316,48.0767,61.0398,31.1644,156.3569
2020-08-04,4357.4592,48.7527,61.2955,31.5038,156.4151
2020-08-05,4358.5009,48.9544,61.3384,31.6211,156.4515
2020-08-06,4359.1377,49.3785,62.1361,31.8681,156.273
2020-08-07,4358.6338,49.7696,62.6111,31.9881,156.1963
2020-08-10,4360.0294,50.3349,63.6204,32.4045,156.1579
2020-08-11,4360.7977,50.333,62.9986,32.6573,156.1703
2020-08-12,4361.3494,50.1173,62.7556,32.8053,156.1023
2020-08-13,4361.8782,50.2208,62.7383,33.1484,156.2204
2020-08-14,4362.347,49.6459,62.6453,32.7296,156.1109
2020-08-17,4363.6971,50.0781,62.7396,32.8813,156.1178
2020-08-18,4365.6229,50.7373,63.2825,33.2615,156.0848
2020-08-19,4366.3028,50.8747,63.9355,33.4298,156.0408
2020-08-20,4367.337,50.7888,64.5637,33.4968,156.1183
2020-08-21,4368.2559,51.046,65.1165,33.7538,155.6426
2020-08-24,4369.1162,51.5292,65.6934,33.9332,155.3393
2020-08-25,4369.0401,51.8047,65.5694,34.0593,155.4841
2020-08-26,4369.8086,51.9163,65.7181,34.2236,155.3989
2020-08-27,4370.2899,51.8177,65.2944,34.3118,155.293
2020-08-28,4370.9404,52.1529,65.1476,34.6885,155.1542
2020-08-31,4372.3045,50.578,62.4756,33.6171,155.7972
2020-09-01,4373.4455,51.2617,63.1221,33.8474,156.4621
2020-09-02,4373.5889,51.5632,64.0911,34.0984,156.5163
2020-09-03,4373.9936,51.7669,64.2449,33.9705,156.7417
2020-09-04,4374.4488,51.1327,63.092,33.208,156.774
2020-09-07,4375.9053,50.997,63.1689,33.2136,156.5535
2020-09-08,4376.2118,50.6846,62.5035,32.8204,156.1916
2020-09-09,4376.598,50.3218,62.2926,32.5343,156.2123
2020-09-10,4376.749,50.6651,63.4366,32.9323,156.1513
2020-09-11,4377.2109,50.7472,63.7702,32.9639,156.1152
2020-09-14,4378.5847,50.833,64.2841,33.136,156.1284
2020-09-15,4379.0681,51.2406,65.1282,33.4069,156.0004
2020-09-16,4379.3179,51.5236,66.0678,33.4909,156.1146
2020-09-17,4379.9396,51.2436,65.84,33.2161,156.1649
2020-09-18,4380.2814,51.1081,66.3189,33.1958,156.2039
2020-09-21,4381.6926,49.8814,64.3706,32.2026,156.2995
2020-09-22,4382.1581,49.5275,63.7533,31.9912,156.3459
2020-09-23,4382.387,49.3347,64.4889,31.6872,156.4026
2020-09-24,4382.6886,48.0502,63.2843,30.6627,156.37
2020-09-25,4383.1713,49.1743,64.4883,31.5077,156.3293
2020-09-28,4384.6086,50.1929,65.6529,32.1213,156.3511
2020-09-29,4385.4487,50.3304,65.6623,31.8695,156.3187
2020-09-30,4386.1231,50.5719,65.6953,31.7045,156.4483
2020-10-01,4386.904,51.2488,65.7441,32.1394,156.6388
2020-10-05,4389.4847,51.3416,66.4188,32.3962,156.763
2020-10-06,4390.6895,51.8471,66.9087,32.6001,156.8394
2020-10-07,4392.2027,51.769,66.6421,32.5833,156.9459
2020-10-08,4393.0146,52.0817,66.806,32.7154,157.086
2020-10-09,4393.6484,52.0684,66.21,33.0317,157.7498
2020-10-12,4395.1137,52.0031,65.9921,32.9711,157.882
2020-10-13,4395.391,51.7895,65.8073,32.9097,158.0762
2020-10-14,4396.2372,52.1671,65.7957,32.938,158.1982
2020-10-15,4396.7317,51.0383,64.5317,32.1632,158.3381
2020-10-16,4397.261,51.5,65.1479,32.5203,158.3327
2020-10-19,4398.6908,51.7939,65.1275,32.9438,158.4601
2020-10-20,4399.2865,51.9759,65.2917,33.0023,158.5896
2020-10-21,4399.7853,51.8558,65.1698,33.2768,158.5983
2020-10-22,4400.195,51.8735,65.4607,33.3529,158.5705
2020-10-23,4400.7309,52.3818,65.8442,33.5848,158.6936
2020-10-26,4402.2426,52.0546,65.0052,32.9727,158.8975
2020-10-27,4402.6028,53.3319,65.2039,33.1139,158.8713
2020-10-28,4403.2058,52.7335,65.1878,32.7227,158.857
2020-10-29,4403.6062,52.8208,65.4769,32.5079,158.8367
2020-10-30,,52.6432,65.9,32.4778,
2020-11-02,4405.1472,52.8932,66.0187,32.7807,158.9295
2020-11-03,4405.5861,53.4532,66.3515,33.1525,158.9366
2020-11-04,4406.2541,54.0352,66.9865,33.3429,158.9374
2020-11-05,4406.7614,54.9099,68.4809,34.062,159.1355
2020-11-06,4407.199,55.3169,68.6093,34.3419,159.2468
2020-11-09,4408.6502,55.9657,68.7861,34.9766,159.2568
2020-11-10,4409.1968,56.2903,68.1961,35.5366,159.229
2020-11-11,4409.8311,56.9431,68.1997,35.9428,159.2531
2020-11-12,4410.5149,56.9553,68.6813,35.7895,159.3624
2020-11-13,4411.2065,57.2281,68.9702,35.9169,159.4146
2020-11-17,4413.0101,58.2212,69.9825,36.5781,159.5333
2020-11-18,4413.7605,58.5899,70.3177,36.8277,159.5898
2020-11-19,4414.744,58.0742,70.0525,36.3504,159.7636
2020-11-20,4415.3233,59.1344,70.1959,36.5221,159.8527
2020-11-23,4416.5255,59.8224,71.0088,36.5889,159.9304
2020-11-24,4416.7467,60.1029,71.9309,36.9157,159.983
2020-11-25,4417.2969,59.1082,71.1447,36.3933,160.1039
2020-11-26,4418.0768,59.7982,71.7821,36.8286,160.2708
2020-11-27,4418.6432,60.2353,72.6231,36.7874,160.2778
2020-12-01,4419.9359,60.5083,74.4241,37.3095,160.2519
2020-12-02,4419.5547,60.3507,75.2548,37.5432,160.1204
2020-12-03,4419.9119,60.7394,75.7648,37.821,160.1281
2020-12-04,4420.5672,61.0214,76.5668,38.245,160.3103
2020-12-07,4421.93,61.1734,77.8069,38.7575,160.3502
2020-12-08,4421.9973,61.3644,77.2836,38.7901,160.3514
2020-12-09,4422.082,61.8566,77.5729,39.0437,160.3147
2020-12-10,4422.6387,61.9425,77.427,38.8646,160.344
2020-12-11,4423.1467,61.9606,77.5891,39.0473,160.2922
2020-12-14,4424.3118,62.2695,78.0139,39.3381,160.3316
2020-12-15,4424.5835,62.6215,78.3565,39.2438,160.3865
2020-12-16,4424.8852,62.9874,78.6263,39.5649,160.3832
2020-12-17,4425.2074,63.309,79.1871,39.6127,160.4015
2020-12-18,4425.6665,63.654,80.1387,39.6981,160.4386
2020-12-21,4426.9505,61.9754,77.0238,38.0794,160.3923
2020-12-22,4427.3621,62.375,78.4177,38.529,160.403
2020-12-23,4427.7459,63.0442,79.6855,39.1941,160.4658
2020-12-24,4428.2037,63.4684,80.2602,39.6489,160.516
2020-12-28,4429.8268,63.9489,81.1267,39.9554,160.6676
2020-12-29,4430.3893,64.0114,81.4013,40.0964,160.7133
2020-12-30,4431.1016,64.5447,81.2929,40.141,160.7819
2020-12-31,4431.6311,64.6805,81.4326,40.1811,160.8071
2021-01-01,4432.2723,64.982,82.3932,40.4005,160.8997
2021-01-04,4433.6173,65.5681,83.323,40.9828,161.0439
2021-01-05,4434.0473,66.3871,84.2546,41.091,161.2313
2021-01-06,4434.2321,65.8741,84.3043,41.0522,161.2295
2021-01-07,4434.4073,65.7504,83.8689,41.2561,161.2821
2021-01-08,4434.766,66.77,85.6288,41.6488,161.3775
2021-01-11,4435.3463,67.1855,85.8252,41.9657,161.1259
2021-01-12,4435.5524,66.9093,85.5099,42.3527,160.9495
2021-01-13,4436.0023,66.0534,85.51,42.6892,160.9046
2021-01-14,4435.8973,66.0755,85.9377,42.7469,160.6885
2021-01-15,4436.2347,65.1807,84.9691,42.3289,160.6112
2021-01-18,4437.2077,63.9697,83.4649,41.7673,160.3776
2021-01-19,4437.2276,65.1644,84.8174,42.3529,160.3918
2021-01-20,4437.6557,65.6415,84.4445,42.6989,160.4846
2021-01-21,4438.1325,65.3636,83.4044,42.3683,160.5205
2021-01-22,4438.5359,65.0458,82.2957,41.7735,160.4748
2021-01-25,4439.8445,64.4204,81.1978,41.3069,160.5232
2021-01-27,4440.4967,63.2001,79.5643,40.5252,160.5509
2021-01-28,4440.9624,62.2646,79.5197,40.3096,160.5833
2021-01-29,4441.4099,61.0128,79.1266,39.9285,160.5977
2021-02-01,4442.5021,63.2909,80.247,41.8157,160.0612
2021-02-02,4442.9783,64.9817,80.7035,42.8596,159.6745
2021-02-03,4443.0069,65.4614,82.0092,43.3242,159.7469
2021-02-04,4443.3787,66.216,82.3549,43.7496,159.7473
2021-02-05,4443.9176,66.3772,82.0774,44.0117,159.5631
2021-02-08,4445.1846,67.1298,83.0765,44.6087,159.6672
2021-02-09,4445.4434,66.9563,83.4124,44.5908,159.5233
2021-02-10,4446.1385,67.59,83.4387,44.5049,159.5324
2021-02-11,4446.5639,68.1178,83.362,44.7129,159.676
2021-02-12,4447.0261,68.1007,83.2503,44.6208,159.745
2021-02-15,4448.4874,69.3997,83.2045,45.1394,159.817
2021-02-16,4449.1908,69.3418,83.0116,45.0736,159.8868
2021-02-17,4449.9012,68.6967,83.0735,45.1552,159.8489
2021-02-18,4450.5729,68.5185,83.0797,45.2545,159.7964
2021-02-19,,67.9212,82.2455,44.6158,
2021-02-22,4451.8057,66.7885,81.5641,43.7422,159.5796
2021-02-23,4452.2577,66.8644,81.801,44.0671,159.4945
2021-02-24,4452.953,67.3751,82.0946,44.9125,159.5155
2021-02-25,4453.3035,67.5493,83.7388,45.4713,159.5286
2021-02-26,4453.6563,65.7906,83.5002,44.1192,151.4836
2021-03-01,4454.8733,66.6336,85.2498,44.6362,151.5474
2021-03-02,4455.2571,67.814,86.9881,45.1308,151.6292
2021-03-03,4455.677,69.1273,87.3625,46.0063,151.6682
2021-03-04,4456.1148,68.9431,88.2736,45.564,151.6971
2021-03-05,4456.5838,68.454,86.7431,44.8532,151.6682
2021-03-08,4457.7421,68.0512,87.5496,45.2591,151.7216
2021-03-09,4458.0172,68.541,87.5484,45.1929,151.7148
2021-03-10,4458.656,68.9064,87.4713,45.4237,151.712
2021-03-12,4459.6068,68.3853,87.2898,44.9961,151.6323
2021-03-15,4460.4413,67.9814,87.2741,44.7914,151.3381
2021-03-16,4461.0828,68.0344,87.8189,44.6818,151.3172
2021-03-17,4461.5584,67.2323,85.7745,43.876,151.3473
2021-03-18,4462.2661,66.2719,85.3837,43.282,151.3901
2021-03-19,4463.914,66.7529,88.3019,43.7629,151.6387
2021-03-22,4465.6383,66.8021,89.3146,43.7908,151.8479
2021-03-23,4466.5438,67.2521,89.6235,43.9431,152.2243
2021-03-24,4468.1462,66.1412,88.0379,43.0084,152.3847
2021-03-25,4468.9404,64.864,86.5314,42.3903,152.4514
2021-03-26,4469.9225,65.7904,87.4733,42.9967,152.5344
2021-03-30,4472.8737,66.5679,89.5502,43.7782,152.6579
2021-03-31,4473.9244,66.3499,89.0426,43.5807,152.7457
2021-04-01,,67.0371,90.4644,44.237,
2021-04-05,4476.1675,66.1132,90.8865,43.5112,153.0069
2021-04-06,4477.6359,66.3985,91.8145,43.5747,153.2101
2021-04-07,4478.1117,67.4155,92.4212,43.9786,153.1454
2021-04-08,4478.0318,67.8958,93.6119,44.0046,153.1697
2021-04-09,4478.2206,67.7033,95.195,43.8531,153.2609
2021-04-12,4479.0713,65.222,91.0016,41.9881,153.3259
2021-04-13,,65.5948,91.6968,42.5952,
2021-04-15,4480.5651,65.7774,91.3154,42.7598,153.2182
2021-04-16,4481.1175,66.3723,92.2092,42.8801,153.1445
2021-04-19,4482.8,65.0908,91.1552,42.0838,153.2788
2021-04-20,4483.5807,65.0174,91.9398,42.0253,153.322
2021-04-22,4485.0802,65.4039,92.9617,42.4038,153.3766
2021-04-23,4485.6071,65.4656,93.2959,42.3659,153.459
2021-04-26,4487.6174,65.8562,93.8119,42.7973,153.6353
2021-04-27,4488.2324,66.5924,95.2842,43.3506,153.7634
2021-04-28,4489.4762,67.9358,95.7304,43.9291,153.8557
2021-04-29,4489.9035,68.0292,94.9422,43.8801,153.8646
2021-04-30,4490.4089,66.9264,94.7152,43.37,153.951
2021-05-03,4492.0127,67.0875,96.3213,43.5025,154.0501
2021-05-04,4492.1951,66.6541,96.3119,43.1654,154.0742
2021-05-05,4492.6502,67.165,98.0632,43.5666,154.1232
2021-05-06,4493.103,67.5074,98.8142,43.8458,154.1495
2021-05-07,4493.4725,67.558,99.8228,44.2139,154.1903
2021-05-10,4494.3427,68.1078,101.7622,44.6395,154.2372
2021-05-11,4494.945,67.5422,103.9738,44.6715,154.341
2021-05-12,4495.2501,66.9675,104.0749,44.3089,154.3311
2021-05-14,4496.1837,66.5356,101.9095,44.0648,154.3309
2021-05-17,4497.5124,67.3697,103.0522,44.7797,154.4002
2021-05-18,4498.0406,68.7087,103.9544,45.1787,154.4638
2021-05-19,4498.6005,68.4275,103.9913,45.0959,154.599
2021-05-20,4499.0528,68.1195,103.873,44.7848,154.6073
2021-05-21,4499.7996,69.0525,104.4634,45.6285,154.6417
2021-05-24,4501.066,69.0821,105.2387,45.8781,154.7069
2021-05-25,4501.4732,69.3104,104.7153,45.9345,154.783
2021-05-26,,69.8961,104.5778,46.1005,
2021-05-27,4502.2382,70.0134,104.8858,46.2878,154.8336
2021-05-28,4502.9636,69.8483,105.3639,46.3905,154.8325
2021-05-31,4504.3495,70.2453,105.8356,46.904,154.8591
2021-06-01,4504.7396,70.3808,104.9083,46.8615,154.8506
2021-06-02,4505.1471,70.9471,105.6999,47.0119,154.8632
2021-06-03,4505.6101,71.495,106.1394,47.2687,154.9384
2021-06-04,4506.0013,71.582,106.6658,47.254,154.9869
2021-06-07,4507.6293,71.6821,107.8234,47.5131,155.1117
2021-06-08,4508.225,71.682,107.8485,47.4981,155.1383
2021-06-09,4508.9667,71.4079,106.6064,47.2611,155.2699
2021-06-10,4509.6472,72.3612,107.8207,47.6711,155.3161
2021-06-11,4510.308,72.2529,108.2812,47.7655,155.3755
2021-06-14,4511.535,72.4523,109.3974,47.8037,155.429
2021-06-15,4511.9268,72.8587,109.4685,47.9897,155.2961
2021-06-16,4511.8944,72.6385,108.9361,47.7256,155.0843
2021-06-17,4511.8824,72.3683,107.7813,47.3949,155.0726
2021-06-18,4512.2908,72.1931,107.7961,47.1973,155.1221
2021-06-21,4513.9233,72.3846,108.33,47.4709,155.1952
2021-06-22,4514.3497,72.5265,109.0671,47.559,155.1506
2021-06-23,4514.7703,72.1387,109.382,47.2607,155.1573
2021-06-24,4515.3187,72.5226,109.1505,47.5491,155.1814
2021-06-25,4515.6842,72.8784,110.5951,47.9971,155.1462
2021-06-28,4517.0898,72.8531,110.4474,47.8369,155.1258
2021-06-29,4517.5694,72.726,109.7662,47.7099,155.1137
2021-06-30,4518.1507,72.8723,110.031,47.6383,141.9021
2021-07-01,4518.9259,73.1256,110.3494,47.5235,141.9515
2021-07-02,4519.4941,73.4383,111.4249,47.6878,141.9245
2021-07-05,4520.9592,74.02,112.5249,48.087,142.0229
2021-07-06,4521.2033,73.9922,112.8844,47.9985,141.942
2021-07-07,4522.0571,74.2331,113.5351,48.2858,142.0218
2021-07-08,4522.7454,73.9363,112.4426,47.8442,142.1696
2021-07-09,4523.1592,74.0795,112.6712,47.7858,142.2029
2021-07-12,4524.9864,74.0474,112.5196,47.7575,142.1602
2021-07-13,4525.6012,74.0438,113.1638,48.1585,142.2948
2021-07-14,4526.2224,74.218,113.9917,48.3071,142.2968
2021-07-15,4526.8605,74.2924,113.9896,48.5473,142.3806
2021-07-16,4527.471,74.3636,114.8708,48.5607,142.5092
2021-07-19,4528.742,73.9938,114.5825,48.1744,142.5654
2021-07-20,4529.3921,73.8128,112.6394,47.511,142.6213
2021-07-22,4530.3651,74.5876,114.4246,48.0885,142.6239
2021-07-23,4531.0993,74.5025,113.8497,48.2621,142.6218
2021-07-26,4532.5506,74.4544,114.6399,48.3377,142.719
2021-07-27,4533.1232,74.294,114.7306,48.2348,142.7747
2021-07-28,4533.5097,74.1284,114.8053,48.2816,142.8006
2021-07-29,4533.9504,74.5288,115.3692,48.6844,142.8184
2021-07-30,4534.3983,74.2211,116.2014,48.6392,142.839
2021-08-02,4535.6836,75.0437,117.6043,48.8843,142.9005
2021-08-03,4536.3556,75.9397,118.247,49.5836,142.9404
2021-08-04,4536.662,76.021,116.3895,49.7887,142.9647
2021-08-05,4537.1769,76.008,114.8914,49.8586,143.021
2021-08-06,4537.4717,75.8131,115.0773,49.6375,142.91
2021-08-09,4538.8371,75.5804,113.7666,49.5266,142.9661
2021-08-10,4539.454,75.5859,111.3368,49.4644,143.0486
2021-08-11,4540.0409,75.3045,111.6255,49.6093,143.0625
2021-08-12,4540.6884,75.6608,113.4808,49.9821,143.136
2021-08-13,4541.514,75.9653,113.2091,50.4598,143.2392
2021-08-16,,76.0397,112.9477,50.5176,
2021-08-17,4543.6675,76.4159,112.4596,50.5074,143.3696
2021-08-18,4544.369,76.6204,112.2595,50.3397,143.4818
2021-08-20,4545.6082,76.3521,110.1044,49.6961,143.5164
2021-08-23,4547.064,76.715,108.5636,49.833,143.5597
2021-08-24,4547.5631,77.6842,110.7465,50.2808,143.5629
2021-08-25,4548.137,77.9829,111.2587,50.3978,143.5853
2021-08-26,4548.8911,78.268,111.3224,50.3502,143.5893
2021-08-27,4549.409,78.8144,112.8523,50.6595,143.6277
2021-08-30,4550.9194,80.0445,114.5617,51.4278,143.7535
2021-08-31,4551.4992,81.2869,115.0803,52.0816,143.7984
2021-09-01,4552.2255,81.3088,115.819,52.0683,143.8746
2021-09-02,4552.8055,81.864,116.8384,52.4957,143.9444
2021-09-03,4553.2738,82.0104,118.3232,52.6263,143.9699
2021-09-06,4554.5542,81.9726,118.4129,52.6746,144.0148
2021-09-07,4555.0241,81.7986,117.1723,52.6217,144.0042
2021-09-08,4555.4089,82.0739,117.2561,52.6958,144.0275
2021-09-09,4555.6384,82.255,117.5904,52.9306,144.0574
2021-09-13,4557.4219,82.6854,118.0007,52.8952,144.1118
2021-09-14,4557.8197,83.0189,119.6825,53.0232,144.1251
2021-09-15,4558.2018,83.3885,120.1809,53.7101,131.1996
2021-09-16,4558.655,83.8102,120.0889,54.0656,131.2345
2021-09-17,4559.0493,83.7154,118.2959,53.7179,131.2591
2021-09-20,4560.2789,83.2059,116.2739,53.1463,131.3222
2021-09-21,4560.6421,84.2897,116.8253,53.5857,131.3316
2021-09-22,4560.91,84.2283,119.0567,53.8415,131.3513
2021-09-23,4561.2573,85.1846,121.3543,54.5914,131.3554
2021-09-24,4561.1966,84.766,120.4051,54.4681,131.2694
2021-09-27,4562.3518,84.3182,120.5259,54.5839,131.258
2021-09-28,4562.483,83.2962,118.9551,54.1376,131.3044
2021-09-29,4562.4166,82.9626,119.5144,54.349,131.2328
2021-09-30,4563.0293,82.8497,119.6375,54.23,131.2526
2021-10-01,4563.6192,82.3533,119.6067,53.9989,131.2393
2021-10-04,4564.9696,83.6199,121.3677,54.7566,131.3094
2021-10-05,4565.2211,83.9434,122.8085,55.2462,131.2616
2021-10-06,4565.1852,83.3956,121.0031,54.5693,131.2459
2021-10-07,4565.7022,84.116,123.9085,55.1058,131.2265
2021-10-08,4566.5165,84.2722,124.4168,55.3313,131.2335
2021-10-11,4568.1669,84.9535,125.0833,55.6508,131.2562
2021-10-12,4568.8408,85.2721,125.3865,55.7014,131.2981
2021-10-13,4569.5195,86.6202,126.7329,56.2755,131.3582
2021-10-14,4569.9784,87.4659,128.1077,56.8622,131.3603
2021-10-18,4571.3598,86.906,128.1334,57.047,131.3686
2021-10-19,,86.1444,125.353,56.4937,
2021-10-20,4571.9803,84.8923,123.8136,56.3476,131.3437
2021-10-21,4572.1817,84.6113,124.0566,56.2027,131.4413
2021-10-22,4572.6342,83.9738,123.5795,55.9366,131.4697
2021-10-25,4573.4961,82.4621,122.3886,55.9012,131.5009
2021-10-26,4573.5217,83.7637,124.2359,56.315,131.4286
2021-10-27,4573.0305,84.0077,125.1766,56.1918,131.4254
2021-10-28,4573.4098,83.2316,120.5865,55.0676,131.396
2021-10-29,4573.74,82.6397,121.125,54.5479,131.3687
2021-11-01,4574.986,83.4744,122.3731,55.6464,131.3951
2021-11-02,4575.5992,83.3971,124.3528,55.7095,131.3907
2021-11-03,4576.4689,83.3546,123.9671,55.5728,131.4386
2021-11-08,4579.5727,84.5536,126.5553,56.3817,131.6163
2021-11-09,4580.4955,84.4667,129.4627,56.5542,131.6599
2021-11-10,4581.0272,84.6363,128.5292,56.4731,131.659
2021-11-11,4581.6809,84.2245,126.7011,56.0398,131.6866
2021-11-12,4582.2852,85.3485,127.8162,56.6546,131.6894
2021-11-15,4583.8046,85.4638,127.9441,56.5221,131.7417
2021-11-16,4584.2467,85.7294,128.2358,56.0445,131.7479
2021-11-17,4584.6403,85.3839,127.615,55.7898,131.7489
2021-11-18,4585.2098,84.4609,127.7737,55.1957,131.7944
2021-11-22,4586.9664,81.8661,124.8428,54.0495,131.858
2021-11-23,4587.4715,82.4535,126.6971,54.7064,131.8686
2021-11-24,4587.9394,82.3818,126.7601,54.5854,131.8645
2021-11-25,4588.3537,82.6405,127.3085,54.8638,131.8704
2021-11-26,4588.7366,80.5581,124.5182,52.9581,131.8818
2021-11-29,4590.1587,80.6496,123.4947,52.7408,131.9194
2021-11-30,4590.8319,80.8104,123.2882,52.6169,131.9668
2021-12-01,4591.4405,81.2494,125.2689,53.2262,131.9697
2021-12-02,4591.9844,82.3468,126.1115,53.7638,132.0146
2021-12-03,4592.389,81.7367,125.6791,53.399,132.0162
2021-12-06,4593.7536,80.1411,123.5684,52.5657,132.0903
2021-12-07,4594.1589,81.2636,125.9046,53.4281,132.0998
2021-12-08,4595.1205,82.3253,127.8777,54.3811,132.1611
2021-12-09,4595.4849,82.4078,128.936,54.5585,132.162
2021-12-10,4595.9446,82.4418,130.5146,54.5616,132.1656
2021-12-13,4597.4011,81.7787,130.5165,54.2816,132.1789
2021-12-14,4597.7966,81.5686,129.4064,54.1071,132.2368
2021-12-15,4598.1811,81.0588,128.0305,53.8186,132.2563
2021-12-16,4598.1818,81.036,127.2077,53.6826,132.2637
2021-12-17,4598.6221,79.6694,123.6749,52.7535,132.2288
2021-12-20,4599.9703,77.5931,119.71,51.4184,132.1983
2021-12-21,4600.15,78.0346,121.795,51.9621,132.1135
2021-12-22,4600.4721,79.1261,123.2628,52.5914,120.8645
2021-12-23,4600.6583,79.6287,124.1931,52.8344,120.8813
2021-12-24,4601.4172,79.1895,122.874,52.588,120.886
2021-12-27,4603.0952,79.5375,123.3188,52.7089,120.9367
2021-12-28,4603.583,80.3139,124.576,53.2426,120.8977
2021-12-29,4604.2224,80.2977,124.4717,53.1347,120.9039
2021-12-30,4604.8427,80.2221,123.8013,53.1015,120.9049
2021-12-31,4605.4674,81.2402,125.2807,53.6105,120.9424
2022-01-03,4607.4503,82.4289,126.5068,54.3991,120.9791
2022-01-04,4607.9349,83.287,126.4906,54.9154,120.9326
2022-01-05,4608.5927,83.8475,127.2368,55.148,120.9314
2022-01-06,4609.1648,83.5037,127.2091,54.8331,120.9577
2022-01-07,4609.615,83.8626,126.9977,54.8875,120.9547
2022-01-10,4611.0181,83.7001,128.6834,55.5418,120.9198
2022-01-11,4611.553,83.932,128.9376,55.7781,120.9723
2022-01-12,4612.1668,83.6159,130.4142,56.42,121.0236
2022-01-13,4612.896,83.4606,130.9552,56.5521,121.0679
2022-01-14,4613.4875,83.7325,131.3247,56.628,121.0906
2022-01-17,4614.8942,84.1011,131.6676,56.5581,121.0746
2022-01-18,4615.3083,83.0109,129.7285,55.9155,121.0769
2022-01-19,4615.2395,81.8537,129.4117,55.6133,121.0829
2022-01-20,4615.744,81.238,129.1206,55.2412,121.1056
2022-01-21,4616.2092,79.7572,126.9673,54.656,121.133
2022-01-24,4617.7111,76.6805,122.3992,53.1466,121.1248
2022-01-25,4618.0168,76.7127,124.1798,54.0577,121.1535
2022-01-27,4618.7539,75.3274,124.5614,53.7011,121.1095
2022-01-28,4619.2857,75.6428,126.2127,53.7749,121.1287
2022-01-31,4620.7865,76.8741,128.1208,54.7458,121.2264
2022-02-01,4620.5663,77.887,129.7313,55.3735,121.041
2022-02-02,4619.9429,79.1057,132.0523,56.0001,120.9797
2022-02-03,4620.4475,78.1087,131.6462,55.544,121.0079
2022-02-04,4620.8555,78.1271,130.6492,55.2995,121.0091
2022-02-07,,76.5225,129.3986,54.5047,
2022-02-08,4622.9825,76.2751,128.2557,54.5086,121.1629
2022-02-09,4623.3864,77.128,129.718,55.0412,121.2257
2022-02-10,4625.1949,77.5656,130.321,55.4149,121.4458
2022-02-11,4625.8896,76.053,128.1104,54.5917,121.5265
2022-02-14,4627.9324,74.1305,123.3325,52.6686,121.6236
2022-02-15,4628.7003,76.0554,126.5317,54.2458,121.6181
2022-02-16,4629.5429,75.8994,126.5886,54.128,121.6448
2022-02-17,4630.1005,75.8591,126.1227,54.0568,121.6561
2022-02-18,4630.4697,75.2152,125.0481,53.9536,121.6824
2022-02-21,4631.8507,74.9357,124.0226,53.7433,121.7193
2022-02-22,4632.2755,74.6777,122.14,53.1845,121.6893
2022-02-23,4632.8729,74.8289,122.4841,53.1129,121.7264
2022-02-24,4633.3979,71.3778,115.354,50.5103,121.7161
2022-02-25,4633.8466,73.9328,120.143,51.9245,121.7161
2022-02-28,4635.194,74.4883,121.3314,52.1261,121.7348
2022-03-02,4636.0196,73.8204,120.9498,51.4979,121.665
2022-03-03,4635.5449,73.3142,121.306,51.257,121.6296
2022-03-04,4635.9975,71.6986,118.5841,50.5231,121.6603
2022-03-07,4637.2965,69.7358,116.5848,49.4198,121.6023
2022-03-08,4637.4429,70.6214,118.3143,50.1075,121.5935
2022-03-09,4637.9572,71.7508,121.8261,51.1626,121.6144
2022-03-10,4638.5529,73.0061,122.1145,51.7675,121.6699
2022-03-11,4639.5085,73.1308,122.6214,51.9161,121.6652
2022-03-14,4641.6497,73.5318,122.8303,52.6659,121.7179
2022-03-15,4642.8394,73.1899,122.4305,52.1763,121.8177
2022-03-16,4643.7689,74.358,124.5593,53.1544,121.7919
2022-03-17,4644.4722,75.7167,125.8022,53.9074,121.8816
2022-03-21,4646.9229,74.8165,126.3259,53.3653,121.9474
2022-03-22,4647.284,75.2075,126.368,53.9773,121.9441
2022-03-23,4648.1251,75.0377,127.2515,53.9523,112.8231
2022-03-24,4649.185,74.6781,130.0787,53.9304,112.8542
2022-03-25,4649.9585,74.332,130.6546,53.8267,112.9034
2022-03-28,4651.7928,74.1641,130.1468,54.1012,112.9448
2022-03-29,4652.382,74.6649,132.7146,54.5227,112.9912
2022-03-30,4653.235,75.6682,134.3213,55.0212,113.0255
2022-03-31,4654.7981,75.5061,135.6836,54.959,113.0782
2022-04-01,,76.3631,137.1696,55.7151,
2022-04-04,4657.4126,77.7401,138.1757,56.8326,113.1171
2022-04-05,4657.8426,77.8618,138.396,56.5848,113.1661
2022-04-06,4658.9033,77.2841,139.2868,56.4694,113.1607
2022-04-07,4659.715,76.7796,138.7343,56.1015,113.1825
2022-04-08,4657.34,77.5007,141.3035,56.5618,112.9062
2022-04-11,4658.4514,77.4023,141.742,56.2116,112.8479
2022-04-12,4659.2025,76.6442,140.066,55.6751,112.8405
2022-04-13,4658.6761,76.3584,139.5462,55.633,112.6844
2022-04-18,4661.7632,75.4011,138.4153,54.7058,112.8584
2022-04-19,4663.0264,74.1182,136.215,53.9044,112.9046
2022-04-20,4664.1992,74.5345,136.0407,54.1133,112.936
2022-04-21,4665.1007,75.4805,138.0841,54.8144,112.956
2022-04-22,4665.5094,75.0345,136.7078,54.2467,112.959
2022-04-25,4667.0374,74.1743,133.3753,53.4328,113.0615
2022-04-26,4667.5017,75.2145,135.9278,54.1408,113.0579
2022-04-27,4667.9813,73.9744,135.4855,53.7566,113.0954
2022-04-28,4668.3986,74.7458,136.1467,54.449,113.0848
2022-04-29,4668.6368,74.2535,135.4238,54.0345,113.0956
2022-05-02,4670.3438,74.1048,135.1252,53.9804,113.1319
2022-05-04,4663.213,71.9729,130.5776,52.716,112.4331
2022-05-05,4659.8157,71.8904,130.9687,52.8648,112.3588
2022-05-06,4659.6753,68.9738,129.5722,52.1522,112.244
2022-05-09,4661.0231,68.3816,127.1131,51.7456,112.2672
2022-05-10,4661.6695,67.7491,124.5986,51.4411,112.3479
2022-05-11,4661.465,66.8623,122.6652,51.1851,112.3991
2022-05-12,4661.152,65.4083,120.1196,50.2057,112.433
2022-05-13,4660.4211,65.4373,120.7455,50.0751,112.3647
2022-05-16,,66.2938,123.2696,50.3452,
2022-05-17,4663.1568,67.8271,126.9614,51.6228,112.4137
2022-05-18,4663.6769,67.772,127.1144,51.348,112.4368
2022-05-19,4663.7603,65.8496,123.9027,50.0608,112.4539
2022-05-20,4664.2514,66.8472,127.5141,51.3877,112.4374
2022-05-23,4666.596,66.6512,126.5524,51.2103,112.5061
2022-05-24,4667.5383,66.3628,125.0677,51.0128,112.5432
2022-05-25,4668.4291,65.4557,122.4912,50.6071,112.5511
2022-05-26,4669.0501,66.161,123.7339,51.1683,112.5751
2022-05-27,4669.7316,67.2291,125.3669,51.8461,112.5875
2022-05-30,4671.509,68.533,128.3099,52.9636,112.6166
2022-05-31,4672.3555,69.1361,127.6661,52.9128,112.6801
2022-06-01,4673.3433,68.8319,127.7555,52.8958,112.5519
2022-06-02,4673.7496,68.8276,128.9305,53.0168,112.579
2022-06-03,4674.391,68.0717,127.1436,52.7132,112.5469
2022-06-06,4675.7967,67.548,126.8011,52.5736,112.53
2022-06-07,4674.5003,66.7412,126.1756,52.1924,112.4553
2022-06-08,4677.4139,66.9337,125.6039,52.1342,112.5902
2022-06-09,4678.2477,67.2604,126.4198,52.3177,112.6487
2022-06-10,4678.9235,66.1339,125.7057,51.6231,112.6848
2022-06-13,4680.1182,64.4339,121.5062,50.2444,112.5985
2022-06-14,4680.7705,64.3993,121.4934,50.1911,112.583
2022-06-15,4681.0599,64.8568,120.9835,50.1985,112.5757
2022-06-16,4681.3669,63.7459,117.8647,49.0656,112.5715
2022-06-17,4681.5415,62.9852,117.286,48.8704,112.5783
2022-06-20,4683.6357,63.378,115.4594,48.831,112.7336
2022-06-21,4684.3607,64.4233,119.1233,50.0441,112.757
2022-06-22,4685.4043,63.7074,116.656,49.3373,105.1767
2022-06-23,4686.3543,64.47,118.0699,49.9249,105.2106
2022-06-24,4687.3746,65.2431,119.9259,50.3956,105.1971
2022-06-27,4689.5122,65.5288,120.9324,50.894,105.2922
2022-06-28,4690.0126,65.4275,121.3901,51.1004,105.2771
2022-06-29,4690.6171,64.8133,121.3045,50.9696,105.2859
2022-06-30,4691.8689,64.3604,119.9835,50.8161,105.3199
2022-07-01,4693.1419,65.0877,120.3586,51.062,105.3963
2022-07-04,4695.8615,65.6105,121.6048,51.5891,105.4884
2022-07-05,4697.1427,65.7151,121.5446,51.558,105.5371
2022-07-06,4698.6958,67.1482,123.1503,52.1807,105.7065
2022-07-07,4699.4328,67.537,125.0387,52.812,105.7041
2022-07-08,4699.9447,67.7009,125.3723,53.0855,105.6723
2022-07-11,4701.8292,67.7432,126.5195,53.1047,105.672
2022-07-12,4702.207,66.9495,126.1713,52.5995,105.7093
2022-07-13,4703.3254,67.1057,125.9255,52.3834,105.7695
2022-07-14,4703.9887,67.0015,125.1583,52.1586,105.776
2022-07-15,4704.6836,67.5691,125.9286,52.456,105.776
2022-07-18,4706.4281,68.6155,127.6418,53.1627,105.788
2022-07-19,4706.7889,68.925,128.5486,53.3869,105.7996
2022-07-20,4707.0615,69.1252,128.3494,53.9525,105.8304
2022-07-21,4707.005,69.9609,130.3175,54.4328,105.8401
2022-07-22,4707.6646,69.9601,130.4869,54.701,105.8449
2022-07-25,4709.8015,69.7673,130.5051,54.6553,105.9141
2022-07-26,4709.6138,69.1326,129.8095,54.1738,105.9161
2022-07-27,4709.4904,69.8525,130.9163,54.7223,105.9293
2022-07-28,4710.3011,71.9063,131.0739,55.5448,105.9484
2022-07-29,4711.2872,72.9947,132.6375,56.0689,106.0066
2022-08-01,4714.5361,73.7095,134.3873,56.694,106.1219
2022-08-02,4715.8905,74.0304,134.5169,56.7489,106.1993
2022-08-03,4716.4678,73.8828,133.9674,56.7417,106.15
2022-08-04,4717.3196,74.2272,132.7787,56.6734,106.2254
2022-08-05,4717.2189,74.6044,133.3098,56.6969,106.1086
2022-08-08,4719.2694,74.8976,134.0048,57.1191,106.1541
2022-08-10,4720.8499,74.4544,133.684,57.141,106.2542
2022-08-11,4721.6218,75.3237,134.6731,57.7547,106.3209
2022-08-12,4722.2678,75.3228,134.4421,57.8835,106.3294
2022-08-16,,75.8512,136.1543,58.4553,
2022-08-17,4726.2839,76.5286,136.0795,58.8383,106.5092
2022-08-18,4727.0674,76.6729,136.2458,58.8693,106.5141
2022-08-19,4727.9443,75.7918,135.94,58.113,106.5072
2022-08-22,4730.0494,74.4093,134.4195,57.305,106.5568
2022-08-23,4730.9164,74.7255,135.7256,57.6726,106.5597
2022-08-24,4731.7676,75.1045,137.2337,57.8701,106.599
2022-08-25,4732.2661,74.9546,136.5525,57.6711,106.5824
2022-08-26,4732.6881,75.2754,138.0588,57.835,106.6296
2022-08-29,4734.7974,74.3321,137.4254,57.0299,106.6906
2022-08-30,4735.4654,76.2211,139.8072,58.3873,106.7038
2022-09-01,4737.0132,76.0456,140.3487,58.1166,106.7475
2022-09-02,4738.0271,76.2954,141.5479,58.3472,106.7705
2022-09-05,4740.6276,76.3428,142.5414,58.8258,106.8191
2022-09-06,4741.5332,75.9521,142.6098,58.7072,106.8291
2022-09-07,4742.3355,76.0521,143.2948,58.716,106.8681
2022-09-08,4743.0082,76.6277,144.5818,59.143,106.9005
2022-09-09,4743.7475,76.641,145.2952,59.2261,106.9116
2022-09-12,4745.6667,76.9253,146.6505,59.5275,106.954
2022-09-13,4746.1654,77.3455,147.0281,60.0168,106.9983
2022-09-14,4746.0148,77.092,147.7233,59.9678,106.9625
2022-09-15,4746.1608,76.9184,148.0874,59.8214,106.9084
2022-09-16,4746.4594,74.951,144.6279,58.5408,106.8585
2022-09-19,4748.6951,75.4771,146.4419,58.8468,106.8748
2022-09-20,4748.1787,76.1536,148.0999,59.4954,106.824
2022-09-21,4748.1439,75.5546,147.089,59.3053,106.8072
2022-09-22,4748.3794,75.5508,147.0275,59.0847,106.7549
2022-09-23,4748.4249,74.1328,143.7564,58.0424,106.6333
2022-09-26,4748.9929,72.7149,138.9011,56.7917,106.6784
2022-09-27,4747.9878,72.7936,139.239,56.8673,106.6575
2022-09-28,4748.7921,72.5238,137.5252,56.3003,106.6485
2022-09-29,4751.0903,72.1439,138.4288,56.3687,106.7145
2022-09-30,4753.1669,73.174,140.7102,57.2955,106.7948
2022-10-03,4756.8968,72.5115,137.917,56.8006,106.8261
2022-10-04,4758.2177,74.1916,141.5815,58.0773,106.8856
2022-10-06,4759.7043,74.0728,142.8724,58.4078,106.8875
2022-10-07,4759.8123,73.8803,142.9606,58.3747,106.8408
2022-10-10,4760.9666,73.3259,142.0986,58.0159,106.8233
2022-10-11,4759.9544,72.1344,139.2999,57.2407,106.782
2022-10-12,4760.2893,72.7405,140.5843,57.76,106.808
2022-10-13,4760.9857,72.2693,139.159,57.3017,106.812
2022-10-14,4761.2049,72.6922,139.0192,57.6903,106.7922
2022-10-17,4763.8856,72.939,140.1157,58.0779,106.9437
2022-10-18,4764.8776,73.3122,142.0911,58.7943,106.9767
2022-10-19,4765.3101,73.525,142.1461,58.8804,106.997
2022-10-20,4765.9275,74.0023,142.4291,58.9149,106.9757
2022-10-21,4766.0779,73.1574,141.3402,58.7779,106.9649
2022-10-25,4769.6382,73.2124,142.4703,59.1957,107.112
2022-10-27,4771.9116,73.0833,143.6154,59.4758,107.2349
2022-10-28,4772.4939,73.0108,143.3029,59.3351,107.2137
2022-10-31,4775.3215,73.9984,144.5066,60.0929,107.2729
2022-11-01,4776.3935,74.829,144.4554,60.4832,107.2818
2022-11-02,4777.494,74.5626,144.3572,60.4681,107.303
2022-11-03,4778.3629,74.4512,145.4311,60.3416,107.2944
2022-11-04,4779.3106,74.6355,145.65,60.3565,107.307
2022-11-07,4782.0135,74.3683,146.1047,60.7799,107.3633
2022-11-09,4783.6951,74.0695,147.5742,60.6581,107.4581
2022-11-10,4784.6486,73.2877,146.8062,60.1695,107.5243
2022-11-11,4785.9519,74.2379,146.303,61.031,107.6105
2022-11-14,4788.6422,74.4336,145.9642,60.8177,107.6593
2022-11-15,4789.6235,74.2266,145.8004,60.9913,107.709
2022-11-16,4790.8597,73.9799,144.3685,60.9049,107.7065
2022-11-17,4792.1498,73.3032,144.0831,60.6965,107.7346
2022-11-18,4792.9297,73.0331,144.3165,60.4063,107.7527
2022-11-21,4795.592,72.5227,145.1487,60.0089,107.8002
2022-11-22,4796.1731,72.8393,146.2966,60.2946,107.8369
2022-11-23,4797.0432,73.0808,147.0259,60.3964,107.8393
2022-11-24,4797.8653,73.4842,147.5941,61.0913,107.8882
2022-11-25,4798.8306,73.4058,149.2333,61.3614,107.9066
2022-11-28,4801.6441,73.7588,149.9924,61.4737,107.9959
2022-11-29,4802.6233,73.8042,149.7115,61.5472,107.99
2022-11-30,4803.702,74.3607,149.665,62.0074,108.0334
2022-12-01,4804.6714,74.7124,151.3128,62.1939,108.0832
2022-12-02,4805.6153,74.5548,152.3886,61.9567,108.0988
2022-12-05,4808.5531,74.5897,153.079,61.9412,108.1499
2022-12-06,4809.7359,74.5749,152.9156,61.7369,108.1762
2022-12-07,4809.8806,74.2084,152.6613,61.6493,108.1551
2022-12-08,4810.9594,74.0809,154.7371,61.965,108.1783
2022-12-09,4812.0976,73.7258,152.6343,61.5993,108.1868
2022-12-12,4814.8064,73.8144,153.6017,61.7656,108.2614
2022-12-13,4815.7694,74.2943,155.1466,61.9566,108.2884
2022-12-14,4816.8856,74.7981,155.6215,62.2139,108.3488
2022-12-15,4817.6496,74.0003,153.8581,61.5309,108.3336
2022-12-16,4818.3944,73.0535,151.1821,60.9743,108.3466
2022-12-19,4821.0899,73.7565,152.521,61.3839,108.3837
2022-12-20,4821.9236,73.6085,152.0756,61.1708,108.4123
2022-12-21,4822.8082,72.9939,148.566,60.3715,108.3843
2022-12-22,4823.8607,72.4265,146.8345,59.9458,108.3903
2022-12-23,4824.8666,70.9687,140.3861,58.7086,108.4095
2022-12-26,4827.4361,71.8064,145.8291,59.7394,108.4303
2022-12-27,4828.4262,72.2696,148.0385,60.1591,108.472
2022-12-28,4829.6393,72.239,148.2089,60.2411,108.4921
2022-12-29,4830.6366,72.326,148.6537,60.3423,108.4982
2022-12-30,4832.4416,72.1133,150.2585,60.2066,108.5225
2023-01-02,4835.6726,72.1487,152.1024,60.5329,108.5922
2023-01-03,4836.6654,72.4388,152.9569,60.6308,108.627
2023-01-04,4837.2825,71.6233,150.964,59.942,108.6262
2023-01-05,4838.2055,70.7817,151.8208,59.9027,108.6405
2023-01-06,4839.1205,70.0052,150.5603,59.6299,108.6235
2023-01-09,4841.5665,70.68,152.2843,60.3555,108.7189
2023-01-10,4842.2513,70.3295,150.9817,59.9286,108.7409
2023-01-11,4842.8852,70.0302,151.3555,59.9785,108.7682
2023-01-12,4843.8117,70.1017,150.5384,59.9049,108.8154
2023-01-13,4844.4447,70.263,151.2559,60.0927,108.8441
2023-01-16,4846.8968,69.659,151.418,59.8648,108.8945
2023-01-17,4847.748,69.8692,150.919,60.2145,108.9098
2023-01-18,4848.4779,70.0482,150.7411,60.5831,108.929
2023-01-19,4849.4433,69.4972,150.8009,60.5459,108.9578
2023-01-20,4850.3717,69.0239,150.0517,60.3714,108.9335
2023-01-23,4852.3769,69.3624,150.2557,60.6805,108.9803
2023-01-24,4853.5428,69.2382,149.1414,60.6472,108.9995
2023-01-25,4854.3406,68.4487,146.0043,59.7049,108.9962
2023-01-27,4856.2499,68.0593,141.3707,58.8704,108.9787
2023-01-30,4858.6105,68.4819,141.1836,58.9542,109.0072
2023-01-31,4859.608,68.3442,144.6578,59.33,109.0678
2023-02-01,4860.9087,68.5751,141.189,59.4179,109.1849
2023-02-02,4862.0712,68.5272,141.4343,59.4591,109.2186
2023-02-03,4863.0655,68.936,141.8329,60.0787,109.2425
2023-02-06,4865.8858,68.7995,142.1399,59.9718,109.2662
2023-02-07,4866.7645,68.8848,141.3997,59.7885,109.2826
2023-02-08,4867.0541,69.6656,142.2113,60.1886,109.2472
2023-02-09,4867.6435,69.8143,142.1272,60.2739,109.2446
2023-02-10,4868.889,69.8154,142.8888,60.2259,109.2412
2023-02-13,4871.84,68.9661,141.6187,59.9403,109.2826
2023-02-14,4872.3521,69.1866,141.9587,60.3002,109.248
2023-02-15,4873.2698,70.0632,143.1622,60.5621,109.2929
2023-02-16,4874.1626,70.5816,144.3178,60.6047,109.3243
2023-02-17,4875.0045,70.0019,143.2164,60.3654,109.2924
2023-02-20,4877.4781,69.9459,143.177,60.1557,109.378
2023-02-21,4878.2092,69.9427,142.6417,60.1318,109.4182
2023-02-22,4878.6066,68.9248,141.1745,59.2641,109.3818
2023-02-23,4879.256,68.7063,141.2408,59.3036,109.409
2023-02-24,4879.8682,68.7126,139.7942,59.1105,109.4234
2023-02-27,4881.9457,68.4824,139.1144,58.8267,109.4341
2023-02-28,4883.0447,68.3805,139.4266,58.6303,109.4442
2023-03-01,4883.7542,68.9211,141.0957,59.1352,109.43
2023-03-02,4884.191,68.5425,141.2125,58.8032,109.447
2023-03-03,4884.9987,68.7209,143.2378,59.6132,109.4874
2023-03-06,4887.7219,69.1585,143.9738,59.9573,109.5313
2023-03-08,4889.4136,69.0308,144.8362,60.262,109.5103
2023-03-09,4890.7312,68.4496,144.0023,59.8804,109.541
2023-03-10,4892.7144,67.9665,142.5247,59.342,109.5769
2023-03-13,4897.8864,67.0393,139.6585,58.4031,109.7345
2023-03-14,4899.157,66.4865,137.9846,58.1564,109.7889
2023-03-15,4899.9024,66.4041,137.8601,57.9036,109.8123
2023-03-16,4900.3,66.6861,137.7193,58.0008,109.7988
2023-03-17,4900.9665,66.8784,137.9719,58.3714,109.8366
2023-03-20,4904.6736,66.3291,136.2904,57.9134,109.9509
2023-03-21,4906.6467,66.5076,137.424,58.3986,109.981
2023-03-22,,66.8934,137.8024,58.5299,
2023-03-23,4909.366,66.7888,136.7699,58.2979,110.0625
2023-03-24,4909.7777,66.2364,135.3902,57.7885,110.0794
2023-03-27,4911.3784,66.0237,135.0155,57.7058,110.1469
2023-03-28,4911.9693,65.9999,134.8072,57.6287,110.1156
2023-03-29,4915.7024,66.7265,137.2099,58.1541,110.2525
2023-03-31,4921.7155,67.5488,139.1977,59.0553,110.3887
2023-04-03,4924.5576,68.1351,140.0803,59.1936,110.4369
2023-04-05,4926.3066,68.808,140.1858,59.6706,110.5493
2023-04-06,4930.1761,69.073,140.8973,59.8319,110.7692
2023-04-10,4935.0426,68.8753,141.253,59.9027,110.8339
2023-04-11,4935.9458,69.4778,141.9336,60.0753,110.847
2023-04-12,4937.7767,69.8881,142.1034,60.3205,110.9134
2023-04-13,4938.9491,70.0008,142.5051,60.3609,110.9273
2023-04-17,4942.8765,69.9252,142.8324,60.1619,110.9947
2023-04-18,4944.4691,70.2852,142.8466,60.0999,111.029
2023-04-19,4945.6851,70.0991,142.7704,59.9873,111.0669
2023-04-20,4946.6385,69.884,142.8697,60.0665,111.0695
2023-04-21,4947.616,70.0472,142.112,60.0348,111.1177
2023-04-24,4950.3,70.1351,143.0605,60.4513,111.2444
2023-04-25,4951.2321,70.2622,143.2685,60.5932,111.2845
2023-04-26,4952.2917,70.2651,143.8899,60.8636,111.3157
2023-04-27,4952.9107,70.8328,143.9685,61.2076,111.3747
2023-04-28,4953.5802,71.9798,146.3658,61.8378,111.3814
2023-05-02,4956.5376,71.9451,147.4707,62.2082,111.4551
2023-05-03,4957.8892,72.0198,146.9304,62.1695,111.534
2023-05-04,4958.7909,72.9185,148.1713,62.6908,111.556
2023-05-05,,72.7981,146.2396,62.233,
2023-05-08,4962.7655,73.7065,147.3298,63.0419,111.6462
2023-05-09,4963.4563,73.7085,146.9646,62.9979,111.6494
2023-05-10,4964.5985,74.1124,146.4076,63.1904,111.6632
2023-05-11,4965.4888,74.2638,146.0869,63.2204,111.6912
2023-05-12,4966.2931,74.2078,145.3671,63.281,111.7357
2023-05-15,4969.7348,73.9206,146.1892,63.6571,111.8017
2023-05-16,4971.8411,73.873,146.0016,63.5284,111.8439
2023-05-17,4973.2457,73.2558,145.5436,63.3543,111.8786
2023-05-18,4974.5789,73.0567,144.5564,63.3171,111.9625
2023-05-19,4975.8054,73.2915,144.5852,63.419,111.9729
2023-05-22,4981.3721,73.7622,145.2982,63.4405,112.1196
2023-05-23,4981.1777,74.1111,145.2943,63.4799,112.1072
2023-05-24,4981.7631,73.9094,145.2001,63.3853,112.1392
2023-05-25,4982.3941,74.2147,145.579,63.5885,112.1468
2023-05-26,4983.2404,75.2549,146.9907,64.2631,112.1609
2023-05-29,4985.5343,75.5785,147.2131,64.536,112.1994
2023-05-30,4986.4929,75.6253,148.2581,64.7799,112.2149
2023-05-31,4987.2829,75.5768,148.2521,64.6705,112.2328
2023-06-01,4988.8385,75.9464,148.8214,64.62,112.3041
2023-06-02,4990.0511,76.1186,149.2749,64.8709,112.3136
2023-06-05,4993.0346,76.1444,149.8771,65.1536,112.35
2023-06-06,4994.3002,76.5604,149.9541,65.2544,112.3976
2023-06-07,4995.4622,77.6009,151.5583,65.8209,112.4241
2023-06-08,4995.9409,76.8357,150.4792,65.5102,112.3995
2023-06-09,4996.2044,76.9204,150.4985,65.3566,112.3662
2023-06-12,4998.8233,77.4286,151.3219,65.5378,112.4181
2023-06-13,5000.2152,77.9565,153.7676,66.0458,112.4564
2023-06-14,5001.8616,77.9651,154.3517,66.1179,112.4522
2023-06-15,5002.8186,78.5273,153.6912,65.8556,112.4579
2023-06-16,5003.9814,79.3826,154.8056,66.4095,112.4688
2023-06-19,5006.9865,79.3349,154.5752,66.2177,112.5427
2023-06-20,5007.8745,79.259,154.9588,66.528,112.5543
2023-06-21,5008.6614,79.2999,156.3535,66.5774,112.5483
2023-06-22,5009.8954,78.3375,154.5586,66.0767,112.5347
2023-06-23,5010.3598,77.6483,153.1875,65.6157,112.5447
2023-06-26,5012.8809,77.8,153.8963,65.7673,112.5988
2023-06-27,5013.5975,78.1501,154.6907,66.2575,112.6073
2023-06-28,5014.8176,78.6424,155.6911,66.822,112.6521
2023-06-30,5016.9921,79.0815,156.8776,67.5552,112.6635
2023-07-03,5020.3836,79.1417,158.3986,68.0211,112.6779
2023-07-04,5022.0079,79.7879,158.4254,68.092,112.7332
2023-07-05,5023.1911,79.9962,159.31,68.231,112.7734
2023-07-06,5024.0604,80.3788,160.4979,68.5885,112.7607
2023-07-07,5025.1711,79.6889,160.1835,68.2028,112.7417
2023-07-10,5027.7619,78.8891,160.0343,68.2229,112.7947
2023-07-11,5028.798,79.1498,161.057,68.6673,112.879
2023-07-12,5029.9035,79.3202,161.5415,68.7079,112.8785
2023-07-13,5031.2973,79.508,159.8087,68.6128,112.9794
2023-07-14,5032.5397,80.2997,161.9301,69.1092,113.0224
2023-07-17,5035.2332,80.1899,163.2076,69.6452,113.0933
2023-07-18,5036.279,79.8305,162.7716,69.622,113.1539
2023-07-19,5037.1063,80.4138,164.0955,70.0835,113.185
2023-07-20,5038.5536,80.242,164.8306,70.5303,113.2135
2023-07-21,5039.6374,79.9104,164.2707,70.0801,113.1867
2023-07-24,5042.5025,79.672,164.4436,70.0057,113.252
2023-07-25,5043.5119,79.7352,165.269,70.1493,113.2068
2023-07-26,5044.5696,79.7424,168.3166,70.4141,113.25
2023-07-27,5045.4077,79.2279,169.3005,70.1686,113.302
2023-07-28,5046.2306,79.5813,170.6053,70.3768,113.2233
2023-07-31,5048.9266,79.6969,171.122,70.8107,113.2955
2023-08-01,5049.9681,79.8018,170.487,70.8398,113.3502
2023-08-02,5050.6815,79.1648,167.2217,69.9106,113.371
2023-08-03,5051.485,78.6486,167.6171,69.5471,113.3366
2023-08-04,5052.3465,79.4055,168.0284,70.0645,113.3024
2023-08-07,5055.1632,79.6001,168.9046,70.2492,113.4145
2023-08-08,5056.1337,79.3359,169.607,70.2574,113.4097
2023-08-09,5057.0763,79.1715,170.3286,70.6852,113.4446
2023-08-10,5057.6916,78.8457,170.7599,70.5498,113.4695
2023-08-11,5057.8363,78.0866,170.0636,70.33,113.4328
2023-08-14,5060.4159,77.6284,169.3751,70.11,113.4717
2023-08-16,,77.5465,169.9728,70.2973,
2023-08-17,5062.4447,77.1435,170.2875,70.0785,113.448
2023-08-18,5063.5186,76.6833,170.2542,69.9331,113.5055
2023-08-21,5066.7137,77.3089,171.144,70.284,113.5726
2023-08-22,5067.7783,77.6152,172.4517,70.5786,113.5608
2023-08-23,5068.5481,77.7681,172.3817,70.942,113.6358
2023-08-24,5069.6703,77.9647,171.3185,70.8594,113.6982
2023-08-25,5070.6754,77.7906,170.4103,70.2294,113.708
2023-08-28,5073.6043,77.9343,171.586,70.4455,113.8221
2023-08-29,5074.6012,78.4579,171.7431,70.6185,113.8467
2023-08-30,5075.8053,78.8146,172.8789,70.9019,113.8834
2023-08-31,5076.7648,78.33,172.7257,70.7276,113.9005
2023-09-01,5077.8025,78.7931,175.3529,71.3664,113.9205
2023-09-04,5080.6577,79.2103,177.596,71.717,113.9843
2023-09-05,5081.8207,79.6322,179.1531,71.8802,113.9984
2023-09-06,5082.772,79.9096,178.4506,72.046,113.9571
2023-09-07,5083.722,80.2445,179.0615,72.6174,114.0437
2023-09-08,5084.7079,80.6406,180.5312,73.1125,114.0015
2023-09-11,5087.4868,81.2572,182.7023,73.7256,114.0239
2023-09-12,5088.2771,80.9115,178.5377,73.0049,114.0096
2023-09-13,5089.1732,80.88,180.7573,73.1441,114.1471
2023-09-14,5090.1453,81.4094,181.7795,73.3808,114.2468
2023-09-15,5091.1568,81.6974,181.8206,73.6158,114.1634
2023-09-18,5093.8039,81.6682,181.3955,73.4681,114.2257
2023-09-20,5095.7244,81.0945,179.8008,72.7731,114.3068
2023-09-21,5096.3256,80.4578,178.7128,72.0463,114.3346
2023-09-22,5097.3696,80.1359,178.4228,72.0196,114.3437
2023-09-25,5100.2951,80.5412,180.2127,71.8946,114.3926
2023-09-26,5100.8639,80.8138,180.7082,71.9923,114.3858
2023-09-27,5102.1423,80.9407,182.1994,72.2487,114.4022
2023-09-29,5104.5685,80.2623,182.3211,72.2725,114.3746
2023-09-30,5105.5501,,,,
2023-10-03,5108.6726,80.4898,182.3246,72.158,114.4257
2023-10-04,5110.153,80.1873,179.6064,71.4828,114.4301
2023-10-05,5111.21,80.5885,179.3514,71.8691,114.5152
2023-10-06,5111.5197,81.281,180.1273,72.2666,114.2282
2023-10-09,5114.2686,80.6672,177.6778,71.523,114.2335
2023-10-10,5115.025,81.3312,180.4485,72.2501,114.2773
2023-10-11,5116.1458,81.9337,181.7082,72.6358,114.3772
2023-10-12,5117.0745,81.5568,184.6935,72.8206,114.4277
2023-10-13,5117.9674,81.8571,183.7232,72.6009,114.4576
2023-10-16,5120.5154,81.4291,184.1322,72.7253,114.515
2023-10-17,5121.4613,81.6217,184.7153,73.0238,114.5336
2023-10-18,5122.5565,81.0883,182.6142,72.3949,114.5264
2023-10-19,5123.2239,80.7616,182.8728,72.2182,114.5085
2023-10-20,5124.0558,80.6656,180.2728,71.7026,114.5203
2023-10-23,5126.8681,79.3914,175.6322,70.5159,114.5561
2023-10-25,5128.7631,78.9728,174.6533,70.0111,114.6385
2023-10-26,5129.78,77.8286,173.6302,69.2151,114.6543
2023-10-27,5130.8988,78.5618,175.7887,70.0343,114.6755
2023-10-30,5133.2666,78.6548,176.3726,70.2094,114.7213
2023-10-31,5134.2875,78.7876,176.4723,70.1022,114.7532
2023-11-01,5135.4541,78.4438,176.6655,69.8843,114.7619
2023-11-02,5136.4273,79.0811,179.9886,70.5127,114.8598
2023-11-03,5137.6592,79.4676,180.4761,70.9984,114.9185
2023-11-06,5140.8425,80.2539,182.0635,71.6717,114.9939
2023-11-07,5141.9136,80.4516,182.9201,71.692,115.0481
2023-11-08,5142.8513,80.8372,184.4927,71.8582,115.097
2023-11-09,5143.6261,80.9422,184.0495,71.6223,115.1482
2023-11-10,5144.3649,81.0978,184.5793,71.6976,115.1099
2023-11-13,5147.5146,81.1712,185.9812,71.9087,115.1762
2023-11-15,5149.5885,81.9033,186.2844,72.4739,115.3184
2023-11-16,5150.4705,82.5266,188.056,72.7496,115.359
2023-11-17,5151.4842,82.6567,187.8988,72.556,115.4046
2023-11-20,5154.4694,82.2374,187.4619,72.4675,115.4124
2023-11-21,5155.3252,82.3562,187.9369,72.7049,115.3462
2023-11-22,5156.2053,82.7354,187.7058,72.6229,115.3956
2023-11-23,5157.1238,82.3248,187.2964,72.6659,115.3838
2023-11-24,5158.0903,82.1289,188.3907,72.6677,115.3487
2023-11-28,5162.1408,82.5944,190.1236,73.0792,115.4606
2023-11-29,5163.0656,83.5921,191.4374,73.7259,115.5248
2023-11-30,5163.9629,84.2614,193.1175,73.9678,115.5118
2023-12-01,5164.7124,84.5496,195.4307,74.703,115.4928
2023-12-04,5167.6094,85.3715,197.1594,76.0297,115.5786
2023-12-05,5168.7266,85.591,198.5721,76.3652,115.6087
2023-12-06,5169.7717,86.0435,198.8836,76.7791,115.6714
2023-12-07,5170.8441,86.3885,200.4017,77.1094,115.7012
2023-12-08,5171.7529,85.9606,197.9955,77.2576,115.6975
2023-12-11,5174.6676,86.2758,199.035,77.584,115.7213
2023-12-12,5175.2278,85.7571,197.3596,77.3349,115.7387
2023-12-13,5176.1125,85.5812,198.1083,77.7474,115.7767
2023-12-14,5177.1524,86.9194,200.3266,78.5552,115.9449
2023-12-15,5178.0931,87.4489,201.5599,79.423,116.0675
2023-12-18,5180.8939,87.7642,202.5117,79.4904,116.1498
2023-12-19,5182.0673,87.7026,202.1036,79.6031,116.146
2023-12-20,5183.1792,85.8692,195.5966,77.874,116.1637
2023-12-21,5184.3051,86.3297,200.3601,78.4313,116.1666
2023-12-22,5185.1321,86.9823,200.7116,78.7363,116.1862
2023-12-26,5189.3786,87.1531,201.2701,78.9312,116.29
2023-12-27,5190.1856,87.8865,201.6236,79.6145,116.2785
2023-12-28,5191.4852,88.2002,204.9905,80.057,116.2869
2023-12-29,5193.5766,88.6224,204.9528,80.2143,108.2404
2024-01-01,5197.2106,88.5872,205.9027,80.3877,108.2962
2024-01-02,5198.237,88.7896,206.992,80.3585,108.302
2024-01-03,5199.3473,88.276,207.2425,80.1318,108.3033
2024-01-04,5200.3198,89.3141,210.044,80.9262,108.3068
2024-01-05,5201.3986,89.3931,210.1649,81.059,108.2934
2024-01-08,5204.44,88.4806,207.5449,80.3728,108.4013
2024-01-09,5205.5933,88.7379,208.2746,80.6145,108.4351
2024-01-10,5206.6308,88.6949,208.8334,80.8502,108.4687
2024-01-11,5207.6081,88.8697,210.0325,81.1364,108.4768
2024-01-12,5208.7335,89.2661,211.1379,81.7745,108.5277
2024-01-15,5211.8996,89.4426,213.8548,82.2457,108.6546
2024-01-16,5212.6448,89.0802,212.2606,82.0535,108.6565
2024-01-17,5213.6768,87.7973,209.5256,80.4761,108.6641
2024-01-18,5214.4832,87.3317,212.8968,80.2485,108.6691
2024-01-19,5215.4828,87.7628,217.1791,81.0521,108.6634
2024-01-23,5218.8964,86.1726,210.7529,79.3097,108.756
2024-01-24,5219.4493,87.1611,214.264,80.3079,108.7584
2024-01-25,5220.4806,86.7929,216.4988,80.1233,108.7795
2024-01-29,5224.7227,87.625,221.2243,81.478,108.8663
2024-01-30,5225.6473,86.7464,220.0328,80.7813,108.9094
2024-01-31,5226.6958,87.6883,222.4922,81.5148,108.9501
2024-02-01,5227.8426,87.5274,221.5425,81.3917,109.1334
2024-02-02,5228.987,88.0783,224.8078,81.7841,109.2484
2024-02-05,5232.0589,87.9175,227.471,81.5416,109.2279
2024-02-06,5233.0702,88.8898,229.7084,82.272,109.2489
2024-02-07,5234.3976,89.1219,230.5055,83.0313,109.2938
2024-02-08,5235.5175,88.8906,230.7531,82.5897,109.2929
2024-02-09,5236.1159,88.9904,229.718,82.8752,109.2569
2024-02-12,5239.0724,88.4978,223.6698,81.6287,109.3183
2024-02-13,5240.0332,88.5891,224.633,82.1878,109.3221
2024-02-14,5241.2555,88.6018,226.8667,82.8433,109.2938
2024-02-15,5242.6289,89.2836,230.8369,83.1557,109.3771
2024-02-16,5244.0761,89.9501,231.4292,83.5478,109.393
2024-02-19,,90.4864,233.2058,83.7003,
2024-02-20,5248.6377,90.5408,232.8586,84.0611,109.5383
2024-02-21,5250.0855,89.9277,229.8352,83.7597,109.5846
2024-02-22,5252.4138,90.5233,232.5025,84.4739,109.6091
2024-02-23,5253.4712,91.0211,233.061,84.6745,109.6186
2024-02-26,5256.6,90.4475,231.8795,84.4802,109.7161
2024-02-27,5257.5008,90.9648,230.4211,84.5543,109.7147
2024-02-28,5259.1081,89.799,227.1551,83.6231,109.7569
2024-02-29,5260.251,89.9973,228.3154,84.0569,109.7711
2024-03-01,5261.5919,90.8589,231.8163,85.3718,109.7834
2024-03-04,5265.3638,90.746,237.4278,85.8389,109.8436
2024-03-05,5266.8776,90.0501,237.785,85.8536,109.8552
2024-03-06,5268.4947,90.5435,235.9664,85.81,109.9177
2024-03-07,5269.8128,90.9543,236.2258,86.2429,109.9624
2024-03-11,5274.1498,91.2347,235.0175,85.4384,110.12
2024-03-12,5275.5439,91.1882,233.8408,85.1058,110.1246
2024-03-13,5276.9295,89.3397,222.2214,83.42,110.1303
2024-03-14,5277.4985,90.2709,226.1193,84.0568,110.1196
2024-03-15,5278.4609,90.1664,223.9447,83.6902,110.1319
2024-03-18,5282.1891,90.5286,227.5049,83.9851,110.144
2024-03-19,5283.2986,90.1635,223.281,83.1639,110.114
2024-03-20,5284.6048,90.1357,224.0817,83.3538,110.1485
2024-03-21,5285.8535,91.6362,228.5007,84.4561,110.2046
2024-03-22,5286.4682,92.3497,228.6795,84.8535,110.1729
2024-03-26,5289.8511,93.5808,230.4922,85.0202,110.1903
2024-03-27,5290.4767,93.9876,231.2945,85.4068,102.5361
2024-03-28,5297.0087,94.7358,233.2261,86.2356,102.7096
2024-03-31,5300.0371,94.7314,233.2192,86.2324,102.7632
2024-04-01,,95.504,237.4406,87.1447,
2024-04-02,5304.0112,95.7608,240.2601,87.1671,102.7608
2024-04-03,5304.7841,95.9101,243.228,87.3591,102.7932
2024-04-04,5306.7555,96.4476,242.4742,87.5846,102.831
2024-04-05,5308.5645,96.6215,242.7884,87.8656,102.8278
2024-04-08,5311.3856,97.5362,242.6806,88.4212,102.7894
2024-04-09,,97.5888,242.3212,88.3609,
2024-04-10,5315.0084,97.6149,244.7396,88.6487,102.8998
2024-04-12,5317.4247,97.352,242.7975,87.8748,102.7853
2024-04-15,5320.2438,95.7903,239.8675,86.7351,102.8695
2024-04-16,5321.3584,95.2528,240.657,86.4844,102.834
2024-04-18,5322.9549,94.7785,241.6394,85.9544,102.878
2024-04-19,5323.488,95.0403,240.6565,86.5741,102.785
2024-04-22,5326.3075,95.5704,242.4256,87.4154,102.8818
2024-04-23,5327.986,95.9438,244.5888,87.5655,102.9532
2024-04-24,5328.1588,96.3725,247.1766,87.7308,102.9549
2024-04-25,5328.7384,96.2399,249.7039,88.6125,102.9493
2024-04-26,5329.7189,95.5204,254.0366,88.1658,102.9593
2024-04-29,5331.6499,96.2744,252.8921,89.083,103.0161
2024-04-30,5332.5376,96.3277,252.92,89.0926,103.0514
2024-05-02,5334.9028,96.6825,255.2092,89.3246,103.1097
2024-05-03,5336.1567,96.2268,254.9479,88.739,103.16
2024-05-06,5339.654,96.1226,252.0095,88.3316,103.3135
2024-05-07,5341.0415,95.2615,246.4945,87.7561,103.3251
2024-05-08,5341.9087,95.1781,248.6217,87.904,103.3191
2024-05-09,5342.3428,94.1648,243.9372,86.3547,103.3271
2024-05-10,5342.7724,94.944,246.5479,86.9891,103.3607
2024-05-13,5346.0212,94.9181,247.7744,87.174,103.4188
2024-05-14,5347.522,95.0867,252.3782,87.6274,103.4525
2024-05-15,5348.7106,95.3403,253.3955,87.8377,103.5312
2024-05-16,5349.5038,95.8039,254.8362,88.7259,103.618
2024-05-17,5350.4153,96.5667,258.8589,89.1256,103.6086
2024-05-21,5355.2502,96.6377,263.7411,89.5067,103.7247
2024-05-22,5356.3608,96.6311,262.3579,89.864,103.7992
2024-05-23,,97.6268,264.2809,90.9572,
2024-05-24,5358.5147,97.1641,264.4223,90.914,103.871
2024-05-27,5361.4316,97.2496,261.4705,90.7877,103.9153
2024-05-28,5362.1042,96.9662,259.1987,90.4202,103.9118
2024-05-29,5363.2902,96.422,259.0983,89.6503,103.8954
2024-05-30,5364.7137,95.26,258.6151,88.9933,103.9279
2024-05-31,5365.8097,95.3435,260.132,89.4481,103.9547
2024-06-03,5369.1209,97.572,269.8003,92.4271,104.0983
2024-06-04,5369.0379,93.8529,246.1066,86.3042,103.8414
2024-06-05,5369.9555,97.1538,256.1055,89.1172,103.9001
2024-06-06,5371.2112,97.7973,260.5948,90.1267,103.9979
2024-06-07,5372.2291,99.5188,264.4803,91.8562,104.0351
2024-06-10,5375.5307,99.7429,264.3561,92.0097,104.0928
2024-06-11,5377.1007,99.8719,266.9125,92.1206,104.1556
2024-06-12,5378.4232,100.2724,270.1379,92.5612,104.1778
2024-06-13,5379.5388,101.0481,271.1238,93.04,104.2366
2024-06-14,5380.5567,101.7146,272.7989,93.6567,104.2704
2024-06-18,5384.8341,102.2403,273.3525,93.803,104.3524
2024-06-19,5386.0054,101.7992,271.0897,93.5849,104.3994
2024-06-20,5387.3667,101.8546,273.0696,93.8753,104.432
2024-06-21,5388.5437,101.2079,272.385,93.5537,104.4713
2024-06-24,5391.5451,101.9085,269.8448,93.7392,117.8708
2024-06-25,5392.2884,102.2506,270.0778,94.3814,104.5405
2024-06-26,5392.8702,102.4418,269.6398,94.643,104.5187
2024-06-27,5393.747,103.0033,269.7836,95.1237,104.5382
2024-06-28,5395.8631,102.6191,270.8515,94.9416,104.574
2024-06-30,,,,,104.6136
2024-07-01,5399.8431,103.1944,272.8824,95.6996,104.6276
2024-07-02,5402.0965,102.868,273.4437,95.5824,104.6724
2024-07-03,5403.6893,103.5393,275.9579,96.3988,104.7114
2024-07-04,5404.8862,103.5511,276.7635,96.6688,104.745
2024-07-05,5405.9933,103.8188,278.4743,96.8297,104.7786
2024-07-08,5408.9972,103.2534,277.6996,96.8647,104.8485
2024-07-09,5410.0477,103.826,279.5706,97.3311,104.8761
2024-07-10,5411.1036,103.6139,277.7518,96.9845,104.9009
2024-07-11,5412.4014,103.391,278.2463,97.096,104.9227
2024-07-12,5413.3353,103.8648,278.2819,97.3785,104.9292
2024-07-15,5416.6718,104.2503,281.1083,97.7671,105.0151
2024-07-16,5417.6751,104.2689,281.0543,97.4713,105.0855
2024-07-18,5419.9047,104.7371,278.1595,97.7055,105.1452
2024-07-19,5421.0041,103.1529,272.5587,96.409,105.1758
2024-07-22,5424.1728,103.7408,273.1838,96.7013,105.223
2024-07-23,5425.4758,103.4111,271.8225,96.5445,105.2253
2024-07-24,5426.637,103.5237,272.8352,96.7617,105.2595
2024-07-25,5427.5873,103.9297,271.9495,96.7323,105.3408
2024-07-26,5428.5956,105.5663,275.7654,98.3111,105.4135
2024-07-29,5431.7904,106.152,276.5895,98.4839,105.5119
2024-07-30,5432.772,106.1309,276.394,98.6802,105.5094
2024-07-31,5433.6933,107.2541,278.0632,99.038,105.5109
2024-08-01,5434.8589,106.8677,277.2299,99.1905,105.5455
2024-08-02,5435.8684,106.2855,274.6382,98.3992,105.5909
2024-08-05,5439.0651,103.3697,265.4979,95.6995,105.7262
2024-08-06,5439.9349,102.7567,263.3229,95.1642,105.7253
2024-08-07,5441.0345,104.7231,269.1662,96.5617,105.7549
2024-08-08,5441.9641,104.0397,269.6324,95.9036,105.7637
2024-08-09,5442.9315,105.1196,267.936,96.6915,105.7861
2024-08-12,5445.8783,104.7072,267.8991,96.4431,105.8262
2024-08-13,5446.294,103.6796,266.6449,95.363,105.8532
2024-08-14,5447.357,103.5686,264.9184,95.3783,105.8943
2024-08-16,5449.5862,105.3212,268.1138,96.8796,105.9116
2024-08-19,5452.8782,105.1849,270.7532,97.0611,105.9818
2024-08-20,5454.3508,106.4228,272.1785,97.6125,106.0252
2024-08-21,5455.8625,106.4116,273.4851,97.8326,106.0518
2024-08-22,5457.1012,106.7491,274.1903,97.9738,106.0858
2024-08-23,5458.18,106.6293,273.0467,97.9385,106.1127
2024-08-26,5461.0959,107.2803,275.7407,98.6268,106.1703
2024-08-27,5461.7292,107.7123,274.5194,98.8747,106.1953
2024-08-28,5462.7689,107.8057,273.5284,98.7789,106.2365
2024-08-29,5463.5324,107.8731,272.5436,98.9127,106.2648
2024-08-30,5464.4471,108.8193,271.8752,99.3996,106.2668
2024-08-31,,108.8172,,,
2024-09-02,5467.6346,108.9623,271.6547,99.5227,106.3054
2024-09-03,5468.8173,108.8271,271.965,99.6805,106.3329
2024-09-04,5469.7871,108.8874,271.3858,99.2067,106.3754
2024-09-05,5470.9194,108.8654,270.8388,99.3569,106.4059
2024-09-06,5471.7431,108.1266,269.5129,98.076,106.4146
2024-09-09,5475.0575,108.295,268.7608,98.4675,106.4667
2024-09-10,5475.9756,108.8255,270.5326,99.2319,106.4902
2024-09-11,5477.0398,108.7761,268.7056,98.7724,106.5512
2024-09-12,5477.9222,110.5163,271.53,100.2373,106.5827
2024-09-13,5479.344,110.5442,274.1736,100.089,106.6573
2024-09-16,5482.4736,110.7179,273.4417,100.114,106.7623
2024-09-17,5483.7926,110.9778,272.8506,100.0653,106.7639
2024-09-18,,111.2418,270.8616,99.968,
2024-09-19,5486.1019,111.1788,268.5655,99.8842,106.8809
2024-09-20,5487.3347,112.7908,270.5107,100.9598,106.929
2024-09-23,5490.5892,113.547,272.0416,101.6433,107.0237
2024-09-24,5491.7099,113.5942,273.07,101.7456,107.0466
2024-09-25,5492.655,113.1368,273.8049,102.0413,107.1126
2024-09-26,5493.8571,113.6849,275.1799,102.6658,107.1966
2024-09-27,5495.2936,113.6083,276.8504,102.7061,107.1769
2024-09-30,5500.7013,112.3338,274.5914,101.4475,107.225
2024-10-01,5501.9906,112.3285,274.7178,101.4323,107.3237
2024-10-03,5504.5299,110.1986,270.3234,99.4889,107.3076
2024-10-04,5506.0251,109.2162,268.0292,98.7098,107.2257
2024-10-07,5509.299,107.8549,262.0336,97.3987,107.2487
2024-10-08,5510.3208,109.2294,266.6238,98.6381,107.3126
2024-10-09,5511.8431,110.5143,267.5266,98.9923,107.4772
2024-10-10,5512.9468,110.2257,265.5001,99.2685,107.504
2024-10-11,5514.3907,110.2456,266.9949,99.139,107.5265
2024-10-14,5517.3612,110.681,266.9509,99.6839,107.6186
2024-10-15,5518.1759,110.569,265.9668,99.6355,107.6534
2024-10-16,5519.2375,110.0784,265.5359,99.5525,107.6535
2024-10-17,5520.2522,108.5302,262.7987,98.6003,107.6503
2024-10-18,5521.333,108.7862,263.2812,98.9248,107.6158
2024-10-21,5524.1631,108.0928,260.1379,98.4247,107.6357
2024-10-22,5525.1776,106.4297,254.9976,96.8263,107.5869
2024-10-23,5526.2009,106.768,254.7688,96.7928,107.6336
2024-10-24,5527.3884,106.5309,254.332,96.5901,107.674
2024-10-25,5528.4234,105.8433,249.7438,95.6705,107.6909
2024-10-28,5531.4854,105.3964,250.392,96.0172,107.6861
2024-10-29,5532.5972,105.9613,251.7044,96.8881,107.725
2024-10-30,5533.6549,105.6041,255.0505,96.533,107.7881
2024-10-31,5535.049,105.222,253.5332,96.3789,107.8015
2024-11-04,5539.5214,104.8151,251.6918,95.6366,107.8739
2024-11-05,5540.8795,104.9973,252.3112,96.3891,107.8874
2024-11-06,5541.99,106.7263,256.9198,97.5614,107.8879
2024-11-07,5543.2316,105.9354,253.7427,96.8112,107.9237
2024-11-08,5544.3048,105.3856,250.1345,96.4406,107.9884
2024-11-11,5547.5341,105.1594,248.0054,96.5738,108.0457
2024-11-12,5548.5622,104.013,244.9038,95.3799,108.0534
2024-11-13,5549.7643,102.2523,240.373,93.9405,108.0513
2024-11-14,5550.9097,102.3533,240.3952,93.9927,108.0265
2024-11-18,5555.0635,102.287,239.481,93.7894,108.1144
2024-11-19,5556.1305,102.9426,240.0088,94.0998,108.1459
2024-11-21,5557.9843,102.6084,236.6909,93.5182,108.1547
2024-11-22,5559.0282,104.0153,240.6317,95.4297,108.1301
2024-11-25,5562.2563,105.6098,244.5513,96.8798,108.2199
2024-11-26,5563.3251,105.3089,245.178,96.7895,108.234
2024-11-27,5564.3652,105.5935,246.6074,97.2127,108.2186
2024-11-28,5565.3431,104.5539,247.0727,96.1824,108.248
2024-11-29,5566.4874,105.2259,249.1551,96.7197,108.3481
2024-11-30,,105.2243,,,
2024-12-02,5569.9305,106.339,250.6584,97.1205,108.547
2024-12-03,5570.896,107.207,252.2592,98.2022,108.5772
2024-12-04,5572.0927,107.6559,252.6181,98.6536,108.6652
2024-12-05,5573.6012,108.3787,253.0051,99.4147,108.7127
2024-12-06,5575.0097,108.4356,253.4045,99.6509,108.6492
2024-12-09,5578.25,108.3583,253.7464,99.5074,108.7124
2024-12-10,5579.1651,108.5727,253.2317,99.546,108.7512
2024-12-11,5580.1419,108.7957,254.5099,99.6289,108.7714
2024-12-12,5580.6696,108.5429,252.263,99.2226,108.76
2024-12-13,5580.9232,108.8347,252.2245,99.7847,108.7654
2024-12-16,5584.4671,108.7447,253.2194,99.805,108.8176
2024-12-17,5585.572,107.6416,250.2968,98.876,102.2788
2024-12-18,5586.4179,107.2865,249.1512,98.1827,102.3051
2024-12-19,5587.01,106.5383,247.0122,97.4275,102.2319
2024-12-20,5588.072,104.3714,242.1542,95.8415,102.2299
2024-12-23,5590.4471,104.9395,244.1149,96.1694,102.2971
2024-12-24,5590.9435,104.7647,244.3331,96.1467,102.276
2024-12-26,5592.9244,104.9719,244.0038,96.1901,102.3057
2024-12-27,5594.0951,105.0556,244.066,96.1819,102.3377
2024-12-30,5597.3384,104.8623,243.4722,95.6777,102.3935
2024-12-31,5600.5771,104.8418,246.4922,95.6932,102.4261
2025-01-01,5602.0594,105.2098,248.1978,96.1113,102.4373
2025-01-02,5603.5453,107.1106,251.2933,97.5681,102.4411
2025-01-03,5604.3724,106.6103,251.7558,97.1671,102.4734
2025-01-06,5607.5187,104.6558,245.1046,95.3266,102.5428
2025-01-07,5608.3364,104.7743,246.128,95.7436,102.5942
2025-01-08,5608.6713,103.8402,245.6596,95.4138,102.5842
2025-01-09,5608.9131,103.1098,243.7067,94.581,102.5669
2025-01-10,5610.3063,102.1012,240.3735,93.7271,102.5788
2025-01-13,5613.1264,99.3562,232.2336,91.922,102.479
2025-01-14,5613.9876,100.491,237.2368,92.5951,102.5067
2025-01-15,5615.6509,100.6352,236.8193,92.9463,102.5547
2025-01-16,5617.329,101.4904,239.087,93.5764,102.6846
2025-01-17,5618.584,101.1868,241.8513,93.4158,102.6971
2025-01-20,5621.8468,101.7412,243.3888,93.6339,102.7722
2025-01-21,5622.9541,99.7482,240.1773,91.9008,102.833
2025-01-22,5623.6568,99.589,238.0652,91.9229,102.882
2025-01-23,5624.5255,100.7177,240.142,92.2667,102.8828
2025-01-24,5625.5281,99.8878,236.8418,91.4588,102.9
2025-01-27,5629.0101,98.2629,230.121,89.9694,103.0191
2025-01-28,5630.4184,98.499,228.974,90.2227,103.0551
2025-01-29,5632.2632,100.3048,232.2161,91.4688,103.0631
2025-01-30,5633.6602,100.5817,234.0211,91.7379,103.0995
2025-01-31,5634.8733,101.3764,238.7459,92.8772,103.1194
2025-02-03,5638.0374,101.8419,229.5876,92.4237,103.2079
2025-02-04,5639.5493,103.0829,233.8514,93.9231,103.2096
2025-02-05,5641.2929,103.119,234.77,93.8883,103.2887
2025-02-06,5644.1449,102.6583,233.5121,93.4896,103.3557
2025-02-07,5644.185,102.7818,232.7949,93.319,103.2983
2025-02-10,5646.022,101.4198,228.5437,92.1773,103.3119
2025-02-11,5647.2714,99.5049,223.6698,90.5443,103.3491
2025-02-12,5648.4814,99.4579,223.747,90.3408,103.3327
2025-02-13,5650.1659,99.6044,224.7555,90.3684,103.3413
2025-02-14,5651.0746,98.4378,220.1629,89.5741,103.3587
2025-02-17,5654.1189,98.3385,221.5414,89.5693,103.4024
2025-02-18,5655.0607,98.3192,219.7878,89.5354,103.428
2025-02-19,,98.672,221.7637,90.0404,
2025-02-20,5657.2867,98.9287,223.4854,90.3489,103.4473
2025-02-21,5658.526,98.1576,222.1916,89.8495,103.4606
2025-02-24,5662.8036,97.2366,219.5091,88.9334,103.523
2025-02-25,5663.4085,97.3105,217.6951,88.7605,103.5311
2025-02-27,5665.5035,96.8975,215.2527,88.4321,103.475
2025-02-28,5666.3039,94.9501,209.9337,86.9222,103.4542
2025-03-03,5668.836,95.4362,208.6743,86.983,103.4915
2025-03-04,5669.5153,95.5268,208.1479,87.1643,103.4961
2025-03-05,5669.8421,96.6508,214.3513,88.2535,103.5156
2025-03-06,5670.7057,97.2896,217.3614,89.174,103.577
2025-03-07,5671.5,97.102,217.7349,89.1195,103.5932
2025-03-10,5675.2614,96.3467,215.3282,88.5879,103.6318
2025-03-11,5676.1432,96.6916,215.8426,88.5042,103.6633
2025-03-12,5677.2615,96.5719,216.5917,88.3738,103.6937
2025-03-13,5679.1086,96.1511,215.2816,88.0656,103.7314
2025-03-17,5683.8145,96.9284,216.0426,88.6746,103.8183
2025-03-18,5685.3043,98.7757,219.8179,90.2544,103.8685
2025-03-19,5687.3531,99.6691,224.1758,90.9711,103.9843
2025-03-20,5689.694,100.6482,226.422,91.6767,104.0851
2025-03-21,5693.8851,101.6223,228.9535,92.543,104.1787
2025-03-24,5700.1857,102.5148,231.563,93.8123,104.2711
2025-03-25,5701.1631,102.1034,228.5638,93.5158,104.3152
2025-03-26,5704.2365,101.5005,226.7785,92.657,104.4275
2025-03-27,5705.1533,101.9948,228.4303,93.3884,104.5887
2025-03-28,5713.7697,101.5135,227.7198,92.8735,104.798
2025-03-31,5716.824,101.5097,227.7234,92.8702,104.8517
2025-04-01,,100.0834,226.6597,91.6629,
2025-04-02,5726.3244,101.0307,229.4658,92.4165,105.2693
2025-04-03,5730.5444,100.777,230.6728,92.2243,105.407
2025-04-04,5732.122,99.3327,223.1421,90.4333,105.4731
2025-04-07,5735.1937,96.4224,216.2363,87.7802,105.4895
2025-04-08,5736.6882,98.1202,221.4525,89.2409,105.4798
2025-04-09,5740.7071,97.7243,220.3787,88.641,105.595
2025-04-11,5744.5695,99.4468,223.7678,90.0693,105.7166
2025-04-15,5749.0705,101.8933,229.1942,92.3268,105.8256
2025-04-16,5750.2512,102.318,231.0771,92.8983,105.9138
2025-04-17,5751.9598,103.6475,233.07,94.1055,106.0393
2025-04-21,5758.0083,104.8758,236.1813,95.3869,106.1959
2025-04-22,5759.3888,105.2172,237.2151,95.6204,106.2867
2025-04-23,5760.6599,105.8792,239.1752,96.1708,106.3557
2025-04-24,5762.4655,105.5627,239.2636,96.0597,106.3431
2025-04-25,5762.4356,104.075,234.1117,94.8844,106.2928
2025-04-28,5765.5012,104.9692,237.8403,96.0282,106.3422
2025-04-29,5766.6546,104.8552,237.5659,96.0929,106.4231
2025-04-30,5767.1752,104.6451,236.4184,95.8147,106.4272
2025-05-02,5769.7362,104.4724,234.7715,95.9389,106.4573
2025-05-05,5773.1211,105.2187,238.1259,96.5552,106.5451
2025-05-06,5774.9972,104.2762,233.2886,95.5648,106.5085
2025-05-07,5776.0155,104.8398,235.412,96.0208,106.5585
2025-05-08,5774.8342,103.5049,231.2396,95.1487,106.3466
2025-05-09,5773.3156,102.6314,231.1589,94.3482,106.2789
2025-05-12,,106.1881,239.4642,97.9099,
2025-05-13,5780.0491,105.499,239.3958,97.054,106.6661
2025-05-14,5783.7466,106.0607,242.8323,97.6473,106.7901
2025-05-15,5784.8317,107.2349,244.8228,98.9453,106.9055
2025-05-16,5787.4816,107.4778,245.9744,99.2225,107.0688
2025-05-19,5791.2421,107.379,244.8396,99.1325,107.1766
2025-05-20,5793.6894,105.8304,241.4405,97.9113,107.2867
2025-05-21,5795.4048,106.6077,243.7466,98.6038,107.4878
2025-05-22,5795.8073,106.1852,242.5125,97.9101,107.5193
2025-05-23,5797.5783,107.0146,243.1778,98.8611,107.5534
2025-05-26,5800.4584,107.4818,244.6617,99.6536,107.6218
2025-05-27,5801.7666,107.03,244.8471,99.2431,107.6329
2025-05-28,5803.8799,106.7675,244.1898,99.1118,107.6822
2025-05-29,5805.6326,107.1679,245.5956,99.4341,107.6883
2025-05-30,5806.6169,106.9783,243.2881,99.1611,107.657
2025-05-31,,106.9766,,,
2025-06-02,5810.056,107.0707,242.9849,99.2736,107.7103
2025-06-03,5812.5765,106.5283,242.9149,98.7161,107.7345
2025-06-04,5814.4359,107.0655,244.5563,99.1551,107.7469
2025-06-05,5816.4301,107.5533,246.359,99.6617,107.7812
2025-06-06,5825.1945,108.4007,246.8539,100.6269,108.0092
2025-06-09,5829.1614,108.9621,249.3853,101.3481,107.886
2025-06-10,5827.1891,108.8321,248.9619,101.2256,107.6421
2025-06-11,5825.4478,108.7816,248.6657,101.3151,107.5439
2025-06-12,5826.0507,107.5691,245.0736,100.0453,107.4825
2025-06-13,5826.4969,107.014,243.6935,99.3528,107.3575
2025-06-16,5829.3242,107.9842,245.615,100.0818,107.4387
2025-06-17,5830.1383,107.5374,243.2315,99.7999,107.5644
2025-06-18,5831.6321,107.2775,241.9956,99.7448,107.5716
2025-06-19,5832.8313,106.6482,238.563,99.3123,107.4465
2025-06-20,5833.9386,108.1514,241.4383,100.4075,107.4384
2025-06-23,5837.2267,107.9543,242.2674,99.9129,107.4577
2025-06-24,5838.486,108.5319,242.5875,100.5325,107.5733
2025-06-25,5838.0925,109.3692,243.8775,101.2439,107.511
2025-06-26,5839.2453,110.2355,246.3223,102.1458,107.5011
2025-06-27,5840.5596,110.74,247.1461,102.6148,107.4878
2025-06-30,5843.7929,110.6845,247.8273,102.3501,107.5767
2025-07-01,5847.481,110.588,248.2882,102.2738,107.6624
2025-07-02,5851.0981,110.2267,249.1057,101.8391,107.7677
2025-07-03,5852.4845,109.8742,248.6183,101.5231,107.8552
2025-07-04,5853.3606,110.133,250.2343,101.7883,107.8466
2025-07-07,5856.2977,109.9783,249.6877,101.754,107.9243
2025-07-08,5856.9332,110.1649,249.0142,102.0364,107.9198
2025-07-09,5857.2164,110.2936,248.2505,102.039,107.8924
2025-07-10,5858.4766,109.7323,247.9259,101.799,107.8928
2025-07-11,5858.9296,108.6737,245.4267,101.2686,107.9125
2025-07-14,5862.5908,108.827,246.3603,101.0587,107.9617
2025-07-15,5863.6201,109.4895,247.6496,101.4168,107.962
2025-07-16,5864.3753,109.4752,247.8651,101.623,107.9658
2025-07-17,5865.3853,109.3117,247.6199,101.4318,108.0272
2025-07-18,5866.4951,108.78,246.0588,100.9286,108.1161
2025-07-21,5869.1171,109.7098,246.4861,101.3735,108.1729
2025-07-22,5869.8417,109.7437,244.27,101.3272,108.1979
2025-07-23,5871.1828,110.268,245.9123,101.7894,108.2277
2025-07-24,5872.0366,109.8416,244.7259,101.3281,108.2573
2025-07-25,5872.8052,108.763,242.2285,100.2598,108.1982
2025-07-28,5875.1043,107.8724,240.377,99.6981,108.2193
2025-07-29,5875.6626,108.5168,243.0613,100.2101,108.1828
2025-07-30,5876.5092,108.8599,243.4561,100.6886,108.1757
2025-07-31,5877.5109,108.4305,240.1581,100.5941,108.2167
2025-08-01,5878.7932,107.3597,235.534,99.9113,108.2952
2025-08-04,5882.1589,108.1149,237.9836,100.2779,108.4355
2025-08-05,5883.4482,108.0923,236.2507,100.1112,108.4412
2025-08-06,5883.3045,107.5084,235.1393,99.7886,108.2153
2025-08-07,5884.0837,107.8011,235.6791,99.9091,108.2611
2025-08-08,5884.8484,106.5285,232.4897,98.9884,108.2726
2025-08-11,5887.2286,107.3883,234.2709,99.916,108.2018
2025-08-12,5887.3908,106.9215,233.816,99.7536,108.049
2025-08-13,5888.1247,107.7607,235.0528,100.5914,107.9901
2025-08-14,5889.2636,107.8455,235.4145,100.5741,108.1543
2025-08-18,5892.9896,109.045,235.8966,101.6867,108.1271
2025-08-19,5894.2742,109.5723,238.1606,102.2421,108.0083
2025-08-20,5895.2164,110.0113,237.6875,102.6558,108.0899
2025-08-21,5896.2147,110.1151,235.9925,102.728,108.0985
2025-08-22,5897.2374,109.6513,234.6473,102.052,108.1096
2025-08-25,5899.9888,109.9294,234.8266,102.3387,108.1037
2025-08-26,5900.7107,108.7132,231.5244,101.34,107.9266
2025-08-28,5902.4099,107.4756,228.6161,100.5523,108.066
2025-08-29,5902.9876,107.1259,228.1841,100.3496,108.0297
2025-08-31,,107.1217,,,
2025-09-01,5905.5718,108.3462,230.56,101.1664,108.0373
2025-09-02,5905.9868,108.2047,230.2564,100.9907,108.0088
2025-09-03,5906.7644,108.7666,231.8308,101.5909,108.0471
2025-09-04,5907.6123,108.9265,230.3147,101.4965,108.1379
2025-09-05,5908.5683,108.7583,230.0261,101.5517,108.245
2025-09-08,,108.9657,230.3334,101.6765,
2025-09-09,5911.3924,109.2062,231.7601,101.9677,108.3519
2025-09-10,5912.0041,109.7209,232.9172,102.3512,108.3574
2025-09-11,5913.2938,109.7409,234.5814,102.4033,108.369
2025-09-12,5913.8365,110.0814,235.5009,102.9764,108.4006
2025-09-15,5916.611,110.1522,236.803,103.15,108.3802
2025-09-16,5918.118,110.8008,238.5553,103.9014,108.3787
2025-09-17,5919.7048,111.2323,238.4804,104.2438,108.4538
2025-09-18,5921.2244,111.5335,239.2009,104.5531,108.4552
2025-09-19,5922.1357,111.231,238.7551,104.3509,108.4428
2025-09-22,5924.9723,110.7182,236.6308,103.8105,108.5131
2025-09-23,5925.9531,110.3401,236.4453,103.8134,108.5708
2025-09-24,5926.6741,109.7608,235.1127,103.3338,108.5859
2025-09-25,5927.3108,108.9191,233.8771,102.4742,108.617
2025-09-26,5928.0474,107.2246,229.743,101.3125,108.6702
2025-09-30,5933.5373,107.3134,229.5282,101.3,108.7397
2025-10-01,5935.6,107.8239,231.3691,102.0581,108.8285
2025-10-03,5938.4748,108.1386,233.3789,102.3835,108.9591
2025-10-06,5941.7936,108.9326,233.8185,102.8296,109.0926
2025-10-07,5942.4446,109.3201,233.9591,102.7883,109.2045
2025-10-08,5943.1699,109.065,232.7811,102.3564,109.2524
2025-10-09,5943.9808,109.5882,235.938,102.7968,109.2597
2025-10-10,5944.8495,109.959,238.7569,103.236,109.2852
2025-10-13,5947.7955,109.9552,237.2262,102.968,109.3763
2025-10-14,5948.725,109.6634,236.6668,102.5439,109.4088
2025-10-15,5949.6158,110.7365,238.4586,103.2825,109.4754
2025-10-16,5949.9941,111.5399,239.7386,104.1594,109.5131
2025-10-17,5950.679,111.7489,237.9585,104.4673,109.5844
2025-10-20,5953.5542,111.9025,238.5658,104.88,109.6155
2025-10-23,5956.2661,111.8587,238.1741,105.0429,109.5817
2025-10-24,5957.0133,111.6549,238.5586,104.6441,109.5673
2025-10-27,5959.9594,112.2705,241.1116,105.1974,109.6125
2025-10-28,5961.2816,111.9031,240.5906,105.143,109.6404
2025-10-29,5962.2436,112.4068,242.1269,105.7985,109.6934
2025-10-30,5962.9105,111.8699,241.5912,105.2376,109.6521
2025-10-31,5963.9425,111.0948,241.241,104.5102,109.6768
2025-11-03,5966.9646,111.7992,242.436,104.8494,109.7548
2025-11-04,5967.9587,111.4046,241.3991,104.296,109.7941
2025-11-06,5969.9256,110.4409,238.3367,103.6683,109.8337
2025-11-07,5971.0247,110.4431,238.5395,103.6712,109.8609
2025-11-10,5973.9734,110.9776,239.0148,103.8912,109.925
2025-11-11,5975.0374,111.1622,239.2695,104.1242,109.961
2025-11-12,5976.3688,111.5788,240.8333,104.6829,109.9947
2025-11-13,5977.4171,111.4226,240.6851,104.6624,109.9907
2025-11-14,5978.3518,111.2034,240.1422,104.6864,109.9725
2025-11-17,5981.2066,111.7933,242.3625,105.1203,109.9756
2025-11-18,5982.3808,111.1769,241.3464,104.6087,110.0205
2025-11-19,5983.4016,111.7018,241.8587,105.1392,110.0771
2025-11-20,5984.2663,112.0795,242.1044,105.6047,110.0882
2025-11-21,5985.1789,111.1918,240.214,104.8664,110.0708
2025-11-24,5988.0799,110.661,238.0858,104.323,110.1322
2025-11-25,5989.3488,110.5608,237.4439,104.1712,110.1924
2025-11-26,5990.4554,111.8355,240.6092,105.5755,110.2658
2025-11-27,5991.5695,111.8115,240.9565,105.684,110.2743
2025-11-28,5992.5375,111.8357,240.0428,105.6844,110.2615
2025-11-30,,111.8311,,,
2025-12-01,5994.9936,111.6365,240.1195,105.5389,110.211
2025-12-02,5995.7798,111.2677,239.2874,105.2367,110.2349
2025-12-03,5996.3511,110.7813,238.6028,105.0214,110.2362
2025-12-04,5996.9391,110.8486,238.0141,105.0426,110.235
2025-12-05,5999.0953,111.1487,238.011,105.4142,110.3373
2025-12-08,6002.0388,109.6141,234.3084,104.3721,110.3299
2025-12-09,6002.302,109.7035,234.7247,104.2635,110.1852
2025-12-10,6002.278,109.0886,234.2746,104.014,110.0466
2025-12-11,6003.0596,109.7762,236.1615,104.659,110.0609
2025-12-12,6004.0068,110.519,238.1125,105.2738,110.0652
2025-12-15,6006.304,110.3582,238.3773,105.1821,109.9944
2025-12-16,6007.2035,109.7392,235.7084,104.4782,110.0261
2025-12-17,6007.8902,109.3091,234.3133,104.1918,110.0266
2025-12-18,6008.9502,109.2532,234.7045,104.0678,110.0195
2025-12-19,6009.9347,110.1534,236.9631,104.7495,110.0403
2025-12-22,6012.9635,110.7862,238.0447,105.338,110.0241
2025-12-23,6013.8267,110.852,238.7629,105.5381,109.9954
2025-12-24,6015.9944,110.6485,237.653,105.3548,110.2079
2025-12-26,6017.7227,110.2666,236.9848,104.9912,110.2247
2025-12-29,6020.5172,109.8211,235.9854,104.7188,110.2799
2025-12-30,6020.3988,109.5506,234.3754,104.5935,110.2176
2025-12-31,6023.5454,110.2419,235.5063,105.3421,110.3212
2026-01-01,6024.7187,110.5516,235.259,105.4001,110.3493
2026-01-02,6025.268,111.5357,236.4132,106.1272,110.3333
2026-01-05,6027.6905,111.1802,234.5069,105.7109,110.2498
2026-01-06,6028.7271,111.2492,233.0409,105.7006,110.2647
2026-01-07,6028.3846,111.3106,233.3132,105.6078,110.2175
2026-01-08,6028.086,110.0573,229.2263,104.3327,110.2218
2026-01-09,6028.4591,108.8498,227.0265,103.4654,110.2327
2026-01-12,6031.2329,108.8931,226.2587,103.6218,110.2974
2026-01-13,6030.9953,108.8425,225.4815,103.3735,110.1878
2026-01-14,6031.499,108.5048,225.3953,103.3177,110.1286
2026-01-16,6031.7639,108.6446,224.9528,103.2136,110.0107
2026-01-19,6033.5639,108.3617,224.6687,102.9226,109.9742
2026-01-20,6033.4329,106.5056,220.3003,101.2908,109.9385
2026-01-21,6034.6246,106.0731,216.4631,100.8963,109.9438
2026-01-22,6037.506,106.8714,218.2378,101.5393,110.0539
2026-01-23,6037.6453,105.7171,214.913,100.5127,110.0766
2026-01-27,6041.4977,105.945,214.5324,100.8952,110.1078
2026-01-28,6040.7842,107.0296,216.5481,101.8416,110.0855
2026-01-29,6041.3173,107.1759,215.8206,102.3949,110.0922
2026-01-30,6043.7838,107.1918,217.3627,102.2355,110.1903
2026-01-31,,107.1897,,,
2026-02-02,6047.2159,106.1596,215.3687,101.2456,110.1537
2026-02-03,6050.7733,109.0955,220.1536,103.8538,110.296
2026-02-04,6053.3313,109.288,220.8543,104.0764,110.4477
2026-02-05,6055.7449,109.0137,220.8275,103.759,110.5985
2026-02-06,6054.9686,109.1756,221.7398,103.9204,110.4173
2026-02-09,6057.5032,110.3845,224.5198,104.8998,110.4233
2026-02-10,6058.8643,110.6519,225.1996,105.3572,110.4293
2026-02-11,6061.1204,110.8392,225.6929,105.5426,110.5056
2026-02-12,6063.705,110.5365,225.4245,104.9922,110.6309
2026-02-13,6066.864,109.3409,222.5748,103.8148,110.7584
2026-02-16,6069.3783,109.8444,222.4954,104.5361,110.8409
2026-02-17,6069.7063,110.0806,222.9773,104.7084,110.8682
2026-02-18,6069.767,110.6303,223.2608,105.2559,110.8613
2026-02-19,,109.0091,220.4132,103.5918,
2026-02-20,6071.6571,109.5273,221.3408,104.2351,110.807
2026-02-23,6074.6388,110.291,221.7051,104.8203,110.8829
2026-02-24,6076.1758,109.3681,220.5605,103.9564,110.9394
2026-02-25,6077.5886,109.9293,222.6482,104.4641,110.9826
2026-02-26,6078.8123,110.2945,223.828,104.5075,111.0069
2026-02-27,6079.9195,108.9345,221.2108,103.3052,111.0261
2026-02-28,,108.9325,,,
2026-03-02,6081.764,107.5231,217.4449,101.8541,111.0653
2026-03-04,6081.0589,105.4928,213.8632,99.951,110.9499
2026-03-05,6082.3927,106.7297,216.0433,101.1422,111.0534
2026-03-06,6084.2962,105.405,215.1244,100.0829,111.0395
2026-03-09,6085.2288,103.3882,213.7211,98.2895,110.9193
2026-03-10,6086.6516,104.7593,217.2151,99.4725,111.0484
2026-03-11,6088.3404,102.9776,217.2638,98.1139,111.1072
2026-03-12,6087.112,101.9718,216.8313,97.31,110.9898
2026-03-13,6083.6197,99.7111,212.7884,95.1844,110.9287
2026-03-16,6086.3434,100.396,213.4091,95.9441,110.9159
2026-03-17,6089.0993,101.2496,215.8723,96.6146,110.9316
2026-03-18,6093.8586,102.4592,219.4077,97.5488,110.9985
2026-03-19,,99.1597,214.0899,94.5458,
2026-03-20,6093.5261,99.6142,215.8819,94.8276,110.9352
2026-03-23,6090.1601,96.713,210.115,92.1523,110.6625
2026-03-24,6089.2045,98.6597,214.9164,93.8354,103.9816
2026-03-25,6090.541,100.7319,218.6866,95.6217,103.9713
2026-03-27,6095.1859,98.6739,215.979,93.579,103.9102
2026-03-30,6101.3858,96.2768,212.3561,91.455,103.9921
2026-03-31,6102.5131,96.2753,212.3571,91.4539,104.0116
2026-04-01,,97.7184,216.7627,92.9211,
2026-04-02,6104.7264,97.52,216.2795,93.2361,103.8813
2026-04-06,6107.3346,98.8014,217.6413,94.353,103.9142
2026-04-07,6110.1834,99.3876,217.9604,94.7584,103.9918
2026-04-08,6119.1243,103.2833,224.5909,98.1861,104.3919
2026-04-09,6126.1544,102.5494,224.6235,97.4948,104.515
2026-04-10,6129.7674,104.1348,228.6993,98.8886,104.5956
2026-04-13,6133.4071,103.2303,226.9809,98.1851,104.6113
2026-04-15,6137.6962,104.9259,231.5434,99.8843,104.7901
2026-04-16,6139.7004,105.117,233.318,99.9263,104.7959
2026-04-17,6139.2351,105.9826,236.2133,100.7903,104.7821
2026-04-20,6142.2537,106.2063,235.1961,100.9566,104.8369
2026-04-21,6142.9601,107.2434,236.4598,101.9645,104.847
2026-04-22,6143.3663,106.8299,238.5702,101.5803,104.8473
2026-04-23,6141.9603,106.1301,239.7583,100.8016,104.7652
2026-04-24,6142.2018,105.0928,238.1456,99.76,104.7091
2026-04-27,6142.5902,106.0528,241.2517,100.6093,104.7771
2026-04-28,6143.001,105.6212,242.6241,99.9782,104.7428
2026-04-29,6141.8799,106.0698,242.345,100.3928,104.6594
2026-04-30,6140.1614,105.2845,240.5353,99.5502,104.5706
2026-05-04,6145.7049,105.7449,242.7655,100.0932,104.6544
2026-05-05,6146.0001,105.8387,242.9594,99.9072,104.6166
2026-05-06,6149.0307,107.3354,245.3878,101.1725,104.8043
2026-05-07,6149.9098,107.6729,245.6055,101.2917,104.8762
2026-05-08,6151.3707,107.15,244.6201,100.4981,104.8696
2026-05-11,6151.8671,105.6066,242.7219,99.2007,104.8053
2026-05-12,6150.5076,103.3384,238.1528,97.1846,104.7585
2026-05-13,6150.1257,103.396,240.0746,97.169,104.7371
2026-05-14,6148.9361,104.5531,243.5314,98.0606,104.7318
2026-05-15,6148.3016,104.2918,242.0952,98.0059,104.5968
2026-05-18,6148.4847,104.1556,241.2615,97.9372,104.3791
2026-05-19,6149.7598,104.2767,241.6771,98.1289,104.4216
2026-05-20,6147.5856,104.6046,244.7199,98.3933,104.3826
2026-05-21,6142.8808,104.4915,248.8853,98.3781,104.285
2026-05-22,6142.638,104.7708,247.8039,98.7497,104.3467
2026-05-25,6144.8478,105.9217,249.2266,99.8047,104.5215
2026-05-26,6144.0004,105.5115,251.2702,99.4356,104.5269
2026-05-27,6146.6118,105.9296,251.2273,99.8092,104.5833
2026-05-29,6151.1139,104.3129,248.6673,98.4656,104.657
2026-05-31,,104.3083,,,
2026-06-01,6156.7532,103.0948,246.9814,97.1944,104.7025
2026-06-02,6158.9665,103.5959,246.8566,97.4783,104.7663
