date,Axis Bluechip,ICICI Bluechip,Kotak Bluechip,Nippon Large Cap,SBI Bluechip
2012-12-31,,,,,
2013-01-01,0.0002459153051017626,,,,
2013-01-02,0.00023752078306849,,,,
2013-01-03,0.0002332983385826548,0.0032212335194639063,,0.0022998360176094135,0.00023979208957936038
2013-01-04,0.0002290788531063015,-0.00023219249421180255,,0.0049692814228980975,0.0003037932420075773
2013-01-06,0.000462216892153533,,,,
2013-01-07,0.00023308276935640748,,,,
2013-01-08,0.0002288672320380769,0.0015439359100937189,0.0005325474718695933,-0.003526990617257253,0.0002472348478972375
2013-01-09,0.00022881486381365335,-0.004161539174043605,0.000826152123015067,0.0003532680693221213,0.00022681825363513042
2013-01-10,0.00022876251954873084,0.0006776643169874585,0.0009527165472507093,-0.003157916182792375,0.00022773590775049257
2013-01-11,0.0002287101992275442,-0.011505852515286907,-0.0015613591321580467,-0.002473021582733881,0.0002451236857301531
2013-01-13,0.0004531583892506408,,,,
2013-01-14,0.0002285543315201366,,,,
2013-01-15,0.00023265669012606516,0.000307143763312423,0.0004269019950335906,0.0031857904277481364,-0.0038733092985554496
2013-01-16,0.0002284489561961145,-0.007082162429161709,-0.0006156492167574967,-0.009702322758992743,0.00019237813379602287
2013-01-17,0.0002242441104776116,-0.003616758094008743,-0.0007789989700264233,0.005630599961872651,0.00026228336122935403
2013-01-18,0.00022834557403994538,-0.0017542202490992143,4.892926459310054e-05,0.006438596372450034,0.0002340507977636186
2013-01-20,0.00045658688848493334,,,,
2013-01-21,0.00023233815158407722,,,,
2013-01-22,0.00022813625126527626,-0.0031585083165014405,0.00017287832627688182,-0.004762702213886194,0.00023965179661233904
2013-01-23,0.00022808421698683468,-0.0007547323759791169,0.00019893877577636943,-0.003957623810357136,0.00022892418244491175
2013-01-24,0.0002280322064396323,-0.0056953885724784215,-0.0003717132721202665,-0.011893016907004728,0.00025796565953362105
2013-01-25,,0.010751142864964036,0.00012068864287262393,0.009430607415917835,
2013-01-27,,,,,
2013-01-28,0.00022782534494814044,,,,
2013-01-29,0.00022363211688514184,0.0011978155093423926,-0.00044969010486251015,-0.006274663760601706,-0.0028740224981619322
2013-01-30,0.00022772252631231282,-0.001622213510334869,-0.0009747669035664597,-0.0015462161978065936,0.0002001196832279728
2013-01-31,0.00022353121365026318,-0.0025726781579624713,0.00105077323204128,-0.0027561176944120858,0.00018259695606981374
2013-02-01,0.00022761980043961572,-0.0024774988800347897,0.00142781235025069,-0.0034751913749581087,0.00019227445138669808
2013-02-03,0.0004509984028864267,,,,
2013-02-04,0.00022332968010085885,,,,
2013-02-05,0.00022327981509140393,-0.004283820079556744,-0.001816222972291115,-0.008014902494518084,0.00022024743392323742
2013-02-06,0.00023149774909780874,0.0040359203742275085,0.0012847560756896748,0.003201374789519873,0.00022601917185816056
2013-02-07,0.00022317830706852781,-0.0013875096921632801,-0.0006024743785558728,-0.005021585218442315,0.00022984737940046074
2013-02-08,0.00022312850962569186,-0.0046110255956192114,-0.00022484212172746432,-0.005803621015217142,0.0002307641590295617
2013-02-10,0.00044202638112578185,,,,
2013-02-11,0.0002312386961440538,,,,
2013-02-12,0.0002229286215580384,0.00039178219659219415,0.0039359645076118,0.00272902846586609,0.00021311572280624524
2013-02-13,0.0002228789354641325,0.0038475808335507455,0.0002737529575096431,0.0022261301623192065,0.00021500731702817077
2013-02-14,0.00022282927151340282,-0.007248162293129634,-0.0014661323428795114,-0.014455113252609397,0.00018591230168141237
2013-02-15,0.00022277962969075027,-0.002626734782518736,-0.0001239885147480413,-0.0012505210504376585,-0.003306106761593375
2013-02-17,0.0004454600199632619,,,,
2013-02-18,0.00022675363011948058,,,,
2013-02-19,0.00022670222456722122,0.008273815685056807,0.0006197241901184647,0.0076352023011356795,
2013-02-20,0.0002266508423167668,0.0003079787015618507,0.0008475184009284487,-0.0010075143780697848,
2013-02-21,0.00022247949274678547,-0.013656360538865209,-0.0006416143930066953,-0.014728747321090863,0.00023284581241367341
2013-02-22,0.0002265490808286419,0.0018035140778147607,-0.00018576396244307514,0.0021751647367411753,0.00025316087355053973
2013-02-24,0.00045299553593491915,,,,
2013-02-25,0.00022639521194700585,,,,
2013-02-26,0.00022222862386978015,-0.013617109922921977,-0.00044710113233226156,-0.013882182520521535,0.00017249415894071696
2013-02-27,0.00022629367982318627,0.005843054157368188,0.0005672296826431111,0.007200823774239806,0.00021800276524408524
2013-02-28,0.0002262424825794085,-0.012507086415778468,0.00042437121791305543,-0.019296075725837025,0.0002111744203843191
2013-03-01,0.00022619130849621527,0.009128795395911826,-0.0001683812410345764,0.007822182046160364,-0.0027369399732698474
2013-03-03,0.00045228031511590494,,,,
2013-03-04,0.00022603792505404563,,,,
2013-03-05,0.00023009569515597406,0.010711131522238349,0.0008058095959302403,0.016209104719538958,0.00029889041784492143
2013-03-06,0.00023004276330662599,0.004320137573313065,0.00027162050734830245,0.00695244158017827,0.00021925016443780088
2013-03-07,0.00023409681751540568,0.008714475634966634,3.8792392811570764e-05,0.004183862649969061,0.00026963798675483375
2013-03-08,0.00022583002800291574,0.014145637968272284,0.0003361876961769372,0.009655650500820734,0.0001667814096906195
2013-03-10,0.0004638733010127183,,,,
2013-03-11,0.00022977752611663682,,,,
2013-03-12,0.0002338269680437488,-0.002776476657909588,-0.00013245674964046383,-0.004351035040241813,0.0003012984899231075
2013-03-13,0.00022556976872945,-0.010319945541184539,-0.00017770942247674615,-0.01454329808113175,0.00036222409468189554
2013-03-14,0.00023371958570117535,0.008969350134815368,0.0004912115150319529,0.012429613284999919,0.0004995720719849217
2013-03-15,0.00022956558811837446,-0.0012611801919720778,0.0010336217784108204,-0.005285838622710037,-0.0033143023030772767
2013-03-17,0.0004795180229104634,,,,
2013-03-18,0.0002457888182474388,,,,
2013-03-19,0.00023753747358412625,-0.0134508221471904,-0.00016135069897116328,-0.01851984422427122,0.00026883938060184853
2013-03-20,0.00023338656184757056,-0.012785553298644947,-4.841302116620483e-05,-0.01630185046060939,0.0003725869175419394
2013-03-21,0.00023333210526965686,-0.004446229512817257,0.00016138455033409826,0.0003114202245191322,0.0005373340471921395
2013-03-22,0.00023737026487258284,-0.004593487015790543,-0.00018394870090254756,-0.00255729830699436,0.00031117616836473516
2013-03-24,0.0004746278672023152,,,,
2013-03-25,0.00024129102969916438,,,,
2013-03-26,0.00025758759000238385,0.005234967299284632,-0.00025485432978145095,0.005746182892792717,0.00016567937262745858
2013-03-27,0.00024117069980378325,,,,
2013-03-28,0.0003923187262719896,,,,
2013-03-29,,,0.00015799520210491025,,
2013-04-01,,,0.0011767171204282167,,
2013-04-02,0.0005343383789560008,0.010245239266390316,0.0007245210111093137,0.013203837915554129,
2013-04-03,0.0002812950989425911,-0.005835790996605583,0.0004633577346955242,-0.011402797486316674,0.0006275263260850927
2013-04-04,0.00022823327070486954,-0.01628780723296175,0.00024765292568162955,-0.01744428739866266,0.0007955295497612536
2013-04-05,0.00024855451289429453,-0.0008677036436440799,-0.00015112734568933917,0.004583839543255808,6.575791802698738e-05
2013-04-07,0.00044810167834463677,-1.0,,,
2013-04-08,0.00022395048658330197,inf,,,
2013-04-09,0.00023204217468308919,-0.00595475810132351,0.0006491273735726999,-0.009366219169528622,9.278769016640709e-05
2013-04-10,0.00022791837266278314,0.0031351110919799474,-0.0005266724258082833,0.009852475500127689,-6.088627217515352e-05
2013-04-11,0.00023193548124567087,0.00835323902564622,0.000478753313519098,0.005476337318600866,
2013-04-12,0.0002318816996522699,-0.004028540221569621,0.000289041474240026,-0.012422773360134753,
2013-04-14,0.00046365588598962226,,,,
2013-04-15,0.0002398510484336036,,,,
2013-04-16,0.00023572923652159794,0.01849124061494467,0.0003272534770681901,0.01872361301064407,-0.005779817133222287
2013-04-17,0.00023567368134491673,0.0016428431014630096,0.0005484513465923158,0.00037940972602235057,0.0001426188903086434
2013-04-18,0.00023561815234751649,0.012132894091259505,0.001442501875252411,0.01502476168248168,0.000701352067096872
2013-04-19,,,0.00016004711787154235,,
2013-04-21,,,,,
2013-04-22,0.00023539725315768756,,,,
2013-04-23,0.0002312842361533729,-0.003131431228163728,-0.00034855684674373055,-0.004286802771467868,0.0003109982948379386
2013-04-24,0.0002352874360567192,,0.0001535464430006961,,
2013-04-25,0.0002352320889014159,,0.0012025958158621286,,
2013-04-26,0.0002351767677792882,-0.0035775751087501195,0.0007826650864286577,-0.0004409892384400482,0.00018587594523244988
2013-04-28,0.0004661891268480378,,,,
2013-04-29,0.00023906384220162558,,,,
2013-04-30,0.00023495574324994273,0.004423794077780485,0.00033503723699568333,1.4175951915218477e-05,-0.0030855689199058567
2013-05-01,0.0002349005520163594,,,,
2013-05-02,0.00023484538670537347,,,,
2013-05-03,0.00023883835501092854,-0.003403252290905212,-0.0005671788270232847,-0.008257783400098417,2.4223468277462246e-05
2013-05-05,0.0004654212264456614,,,,
2013-05-06,0.00023057972597406717,,,,
2013-05-07,0.00023457089703149414,0.007967154465104986,0.0010318635647064145,0.010508865098766362,0.00025754704832681163
2013-05-08,0.00023047250907737293,0.005847914920368735,0.001374399893102396,-0.002321830770514066,0.00030684734199537544
2013-05-09,0.00023041940373924596,-0.006269653704173872,0.0006894338699479086,-0.0045569196895163255,0.0005273832886267815
2013-05-10,0.0002384493517408881,0.00474337303615191,4.444895989430542e-05,0.006068708701982395,0.00020117046392020832
2013-05-12,0.0004565822595570257,,,,
2013-05-13,0.00023020629715198027,,,,
2013-05-14,0.00023015331440956466,0.0069538087305993646,0.0026232298756030392,0.0056493579953618145,0.00032372654673640255
2013-05-15,0.00023413720440190744,0.021537916185274675,0.0006144977114712624,0.021408834923469566,-0.00389215569782031
2013-05-16,0.0002300464936071389,0.0019278099436437213,-0.00022792094941737062,0.004136953109942443,0.00027154674968254966
2013-05-17,0.00023402855955434454,0.005733819917007166,7.599096973986974e-05,0.004394112848495668,0.00032479809193231013
2013-05-19,0.0004558455127454675,,,,
2013-05-20,0.00022983500266127166,,,,
2013-05-21,0.0002297821906709352,-0.007758250354250595,-0.0003417840494447377,-0.007754609684645919,8.524191267356152e-05
2013-05-22,0.00022569906254266137,-0.004290708419222966,0.0003165749127043149,-0.00796109760333441,0.0002460181859742505
2013-05-23,0.0002256481339706351,-0.012298087468930241,0.0004177466366648286,-0.024712192935772093,6.778361147263823e-06
2013-05-24,0.0002215687064415217,0.00919878576027977,6.959536621398144e-05,0.003345898402441261,0.00012491466585329292
2013-05-26,0.0004551221378659154,,,,
2013-05-27,0.00022947044662191551,,,,
2013-05-28,0.0002253929282967082,0.00355945318545281,-0.00048050174498004417,0.005464133231543489,0.00012288459491616166
2013-05-29,0.00022936610451851358,0.0023388506219801375,-5.6928876856598976e-05,-0.005061831680035933,-0.0026508851924842425
2013-05-30,0.0002252904637765063,0.0038975358342521194,0.000683185415256693,-0.0029182948113708473,0.00026676315409113194
2013-05-31,0.0002212175815687889,-0.014488774233097468,-0.001062007320264735,-0.013776681690619963,0.00013964963458334978
2013-06-02,0.00045037980689977,,,,
2013-06-03,0.00022508852812186397,,,,
2013-06-04,0.0002250378746779802,-0.0028575548244176296,0.001158235178703615,0.0009754828640178292,0.0002577559342005209
2013-06-05,0.00022096961466933074,0.002063861392646249,-0.00021810319758241992,0.0019346269346269818,0.00033712763380977506
2013-06-06,0.00022493753966523755,-0.0004263525213831221,0.0008631182914684565,-0.000742096314014784,0.0003476667589903393
2013-06-07,0.00022488695414724091,-0.0024673373099461937,-0.00022428040736910404,-0.009063182712898299,0.00022943839869427052
2013-06-09,0.0004496727827518754,,,,
2013-06-10,0.00022072220304836243,,,,
2013-06-11,0.00022067349550836113,-0.015214576396596402,-0.0015743252214488468,-0.018508194075617324,0.00012382654996012654
2013-06-12,0.00022062480946027918,-0.0036091637876093374,-0.00042744785136217267,-0.0028924847714787427,7.83492869247393e-05
2013-06-13,0.00022057614489057187,-0.010711857103422262,0.00010453193450610243,-0.010629047733269337,0.00013830950960103117
2013-06-14,0.00021250831990116126,0.013039690749714117,0.0003072284195788644,0.019213576786120123,0.0002040508444416389
2013-06-16,0.0004489787737267381,,,,
2013-06-17,0.00022038170110616484,,,,
2013-06-18,0.000224339200871837,-0.0005413968037536465,0.0005474233132718442,-0.005050953904490951,0.0006495143183977703
2013-06-19,0.00022028372543836383,0.004527459005430279,-0.00010120209108821498,0.0025829599082936028,0.0003797676829326857
2013-06-20,0.00022023521120573264,-0.019472867804192773,-0.020077996754879646,-0.024270727379370305,3.873709328483521e-05
2013-06-21,0.00022419011321606064,0.00014937128269187916,0.018672192473670135,0.0039035154466595667,0.0003389364368289183
2013-06-23,0.0004442772289907637,,,,
2013-06-24,0.00021603888699961438,,,,
2013-06-25,0.000223991936290302,0.0016032396497749346,0.00015192998559832027,0.0003698253345763014,0.00012191947702344663
2013-06-26,0.0002239417751384032,-0.0019180482823808465,-0.0009525828921175261,-0.002780366453838945,0.00017124695843162563
2013-06-27,0.0002238916364480925,0.008260692239096867,-0.0005448520979974836,0.012812987534561726,0.00017895628823372256
2013-06-28,0.00031977360029089574,0.023763163668275578,0.0017463788786409307,0.025263655566316157,0.00011122319400125313
2013-07-01,0.0007472318456627214,0.00884665354067038,0.0009270362366757823,0.012168092227593741,
2013-07-02,0.0002475603328488951,-0.0015798941869187288,0.0002939744716361492,-0.006238701997266394,
2013-07-03,0.0002235475397796005,-0.010179182872909864,-0.0009417058780776255,-0.01796106095225425,0.0001860329917884318
2013-07-04,0.00022748860561461193,0.013225949460617725,0.002707584082189296,0.007047768206734473,0.000371028038288701
2013-07-05,0.00024738746862773553,0.004169898503742164,0.000955820886105796,0.001981397296327403,0.0001975499927371338
2013-07-07,0.00040689162720730643,,,,
2013-07-08,0.0002193131113352731,,,,
2013-07-09,0.00021926502364078004,0.013953889762943206,0.0005678985859325358,0.006454343455718936,0.00024094496874971227
2013-07-10,0.00021921695702942223,-7.201733653705578e-05,-3.153201445416087e-05,-0.00434038207377152,0.000199287980806373
2013-07-11,0.00022315380078752334,0.012957506711189781,0.0013937589869075229,0.0138396560826608,0.0001905432513835681
2013-07-12,0.00023904001529850838,0.008486901214538323,0.0015146266964762845,0.011924865166449639,0.0002233863239218259
2013-07-14,0.00042220310359120106,,,,
2013-07-15,0.00021897519608216065,,,,
2013-07-16,-0.002272862971439915,-0.015982376604303683,-0.008309422268874544,-0.014523473646510188,-0.008646418581732207
2013-07-17,0.0003710293871233006,-0.0036078828346538527,-0.0006433232239683173,-0.005703647664397127,0.0009521990242151723
2013-07-18,0.0004466653638925955,0.006558081679702399,0.0026827674998255446,0.009018551810050957,0.0014342424658455588
2013-07-19,0.0003667398817661649,-0.007330581399862868,-0.00010436696690618863,-0.0026318513151863954,0.00017112366017957292
2013-07-21,0.0005459233077373948,,,,
2013-07-22,0.00027480405276247843,,,,
2013-07-23,0.00017120765099121193,0.0021544407594076276,-0.0010920347931780983,0.0060600195052225025,-0.0009035494921663112
2013-07-24,-0.0010549363057326122,-0.010846764211541182,-0.005916109753817511,-0.018655142559032667,-0.002042118201691312
2013-07-25,0.0003068523721281302,-0.010392723776154633,0.007098867751313298,-0.00529347891657117,0.0007278970693129772
2013-07-26,0.0003107421159149748,-5.9896578574303305e-05,-9.178987082947287e-05,-0.008937641190472578,0.0005667040899093312
2013-07-28,0.0005814648134134792,,,,
2013-07-29,0.0002945437755734748,,,,
2013-07-30,0.0002984361943416669,-0.008345277483825186,-0.0009411123504359242,-0.01970269085539822,0.0003120886215015606
2013-07-31,0.0002983471567516993,-0.003329731190057972,-0.0020838156980782507,0.012104714013383422,0.00017494836593368035
2013-08-01,0.0003022349479042674,-0.00035238230769751855,0.002812827765947379,-0.010494985040383265,0.0005257250584274065
2013-08-02,0.0002822657591754485,-0.00593837914788331,-0.00046590494905163204,-0.008170139432868595,0.0004904836460126738
2013-08-04,0.0005603977631782886,,,,
2013-08-05,0.00033366700033354846,,,,
2013-08-06,0.00028590488897362043,-0.021260212738410722,-0.0004405942633992632,-0.027845950538040287,7.950443528081941e-05
2013-08-07,0.0002778836382113514,-0.008967298601296414,0.0009196306256025188,0.009936239764378296,0.00030441961043981003
2013-08-08,0.0003055870843817754,0.010882012013066822,0.002011823821261194,0.019212280476861743,0.00032080326812278237
2013-08-11,0.000900611384203831,,,,
2013-08-12,0.00025368839137795973,,,,
2013-08-13,0.00028532705613804055,0.01283211939152018,0.00023726368536935993,0.013414776485235258,0.00018781015297819614
2013-08-14,0.00028524566783150185,0.00239035191668302,-0.001448546551162444,0.004676018704074858,0.000472340952734962
2013-08-15,0.0002891249415808428,,,,
2013-08-16,0.00028112243079836396,,,,
2013-08-18,0.0005818786367413065,,,,
2013-08-19,0.0002769239289968084,,,,
2013-08-20,0.0002808022242699604,-0.007545029073890319,0.0005467713312763411,-0.00184133927279162,1.550282442086548e-05
2013-08-21,0.00029653879913649206,-0.01219669038840776,0.005950478722724251,-0.015676228682826365,0.0010163881692029086
2013-08-22,0.0002885455328804909,0.00502716113678936,-2.5414736735007715e-05,0.01676882912816824,0.00020326482018329095
2013-08-23,0.0002963653750405193,0.012350299401197695,0.0034406074276456255,0.012226336123631887,0.0004093502170137153
2013-08-25,0.0005846544020922106,,,,
2013-08-26,0.0002842602718633458,,,,
2013-08-27,0.0002841794909240747,-0.028801298563816635,-0.005324489802382648,-0.03017995993880418,0.0001014712362870096
2013-08-28,0.00029199038799210264,-0.009417646460389228,-0.003101614495430338,-0.004358467705868452,-0.0001623375054716769
2013-08-29,0.00029190515449273313,0.01960856233219399,0.0011371767351529005,0.01964179250753406,-0.003020161146134237
2013-08-30,0.0003075940232115659,0.01802994438488814,0.0018984595356910106,0.01094130462642573,0.0005350973450641838
2013-09-01,0.0005716335710541642,,,,
2013-09-02,0.00028762352051181495,,,,
2013-09-03,0.0002836019017082858,-0.02353808871562524,-0.001964318581374913,-0.0333828357042365,0.0005439132526110502
2013-09-04,0.00031896168128242586,0.007855323924208957,0.0021589619176924923,0.01593770467942668,0.0005736035944534645
2013-09-05,0.0003582254064480317,0.021576520634376983,0.004476778496234068,0.01984240687679084,0.0010025057810845173
2013-09-06,0.0003030052612731371,0.008069643468479493,-0.0002779593989760132,0.013025528162144084,0.00032160085760235546
2013-09-09,0.000826127664261822,,,,
2013-09-10,0.0002948020502500093,,,,
2013-09-11,0.00029471516761425676,0.005685909038913195,0.0010462294772004554,0.008024214998014534,0.00031722064576089615
2013-09-12,0.00029069995835917517,-0.004168395134419023,0.00038090800914170053,-0.008056963624741731,0.000355675677759848
2013-09-13,0.0002945427126206379,0.0005307891289012545,0.0006954431168437747,0.0014611338398595741,0.00019752734308386977
2013-09-15,0.0005692815666626938,,,,
2013-09-16,0.0002942884497669773,,,,
2013-09-17,0.0002981245611488603,0.0017407902784591922,-0.001069998619356527,0.0046810560221559605,-0.00643727459191934
2013-09-18,0.00029803570938380375,0.005991599683310644,0.0017213704370333538,0.006966396500322158,0.0008205289166207663
2013-09-19,0.0003489115136878773,0.02685830526561528,0.0036876879513576544,0.027985241169994346,0.0013909484777969716
2013-09-20,0.00032527589666409007,-0.012327717228926671,-0.0022963367960634473,-0.013199218467327634,0.0007742534157528791
2013-09-22,0.000575903718300852,,,,
2013-09-23,0.0002897438507740713,,,,
2013-09-24,0.00028183127700875943,0.004641578136566515,-0.0004990818776777761,-0.0032965393794749387,5.7918412263324726e-05
2013-09-25,0.0002817518705191535,-0.00450064721696708,0.0013346900064692413,-0.0006584953381522096,0.000515444015444011
2013-09-26,0.00029340886329487503,-0.001086905785939618,0.0009691046915329959,-0.0008685885436165997,0.000320298224660176
2013-09-27,0.00029723377044943433,-0.00277028650770339,0.0011655595939339403,-0.0036647331264896277,0.00036070234726581774
2013-09-29,0.0005630124292814731,,,,
2013-09-30,0.00029697824634355996,,,,
2013-10-01,0.0003125158699464059,0.00830507674780745,0.00120575882944296,0.010884633548131406,-0.004761009835243968
2013-10-02,0.00028898686671841034,,0.00016891574857824665,,
2013-10-03,0.0002849992777416155,,0.002917995871645873,,
2013-10-04,0.0002966270383351066,0.004976434345296266,0.0009854275227412224,-0.00045720016518202566,0.000627997867323149
2013-10-06,0.0005618635139879036,,,,
2013-10-07,0.00028857327811437905,,,,
2013-10-08,0.00030798259703401776,0.002802416595520052,0.003822151672191243,0.000565772941357956,0.001846000477197407
2013-10-09,0.00028060657788597787,0.014421358428273301,0.002170455144443695,0.007350889303391117,6.653026355629699e-05
2013-10-10,0.00027663163964630755,0.0022999846240581157,-0.000628068796737713,0.0015527610716239426,0.00019764922757725678
2013-10-11,0.00027655513574575963,0.006187398927432364,0.0009504349710534044,0.013298104637959662,0.00016965556065384746
2013-10-13,0.0005412751507976044,,,,
2013-10-14,0.00027632910407104916,,,,
2013-10-15,0.0002801436514390243,-0.0033942691515598256,-0.0006499676563713752,-0.0036451830484636183,-0.0055032105271775045
2013-10-16,0.0002761753986066928,,0.00017034033999929754,,
2013-10-17,0.00027609914681470116,,0.000777238974663863,,
2013-10-18,0.0002682476431139502,0.015155706226319232,0.0033386037272309377,0.019383106520036053,0.0003348410859689288
2013-10-20,0.0005285782023676244,,,,
2013-10-21,0.00027191857980812806,,,,
2013-10-22,0.00027184466019414266,-0.0007803944768209892,0.0002986683088292974,-0.0002691446865172864,0.0003315560126668782
2013-10-23,0.0002717707807584624,-0.0005857529760031621,0.0011112068753231785,-0.003917817924194211,0.00012272203266339154
2013-10-24,0.00027169694146866874,0.004650957605702111,0.00034744321763158226,-0.004011465393998437,0.0002531435207819843
2013-10-25,0.00026774281168751024,-0.004641972210896128,-0.0005317415920281787,-0.003806245670663344,0.0003100706304188794
2013-10-27,0.0005353422893252802,,,,
2013-10-28,0.00026752792565054584,,,,
2013-10-29,0.0002713325529291044,0.02143570552612606,0.003167590419191013,0.01851050323176362,-0.0029477746954530426
2013-10-30,0.00027513407942469925,0.0013429464368597266,-0.001194432108785226,0.006133578865358702,0.00024290636008217348
2013-10-31,0.00026343621550628527,0.005772487361095591,0.0012050594097356981,0.009552570817142447,0.0002776780695279424
2013-11-01,0.00026723987683729966,0.0013457378822143706,-0.00019600757079241138,0.005996666968824282,0.00010446308874145771
2013-11-04,0.0007821454016045948,,0.0005023678680609045,,
2013-11-05,0.0002553527349826723,,0.0017022944234548198,,
2013-11-06,0.0002591555397397638,0.00388080047650341,-0.002778338132003122,-0.002597366616566288,0.0002676426767358464
2013-11-07,0.0002590883955466694,-0.00233048903569133,-0.0008643280768699801,-0.00834710629019042,-0.0001603494458767285
2013-11-08,0.0002590212861375285,-0.00244629193643342,-0.0020461189693942172,-0.006862745098039191,0.00024442720465134293
2013-11-10,0.000517908422968949,,,,
2013-11-11,0.0002549571787828775,,,,
2013-11-12,0.00025489219218877146,-0.000184729064039435,-0.003101967964795116,-0.005060182819508374,8.977050604519476e-05
2013-11-13,0.00026641029502050273,-0.0041263780254970905,0.0011575967673724818,-0.00689059925387514,0.00023743615283922104
2013-11-14,0.0002508993777694535,0.005646258503401169,0.00029600212134850423,0.014156940204704593,0.0003734389383913683
2013-11-15,,,0.00017261680917823874,,
2013-11-17,,,,,
2013-11-18,0.00025064686170850337,,,,
2013-11-19,0.00025443919288803407,0.0006536501519132099,0.0008190890867156853,0.003840031278800282,0.0003820263839993121
2013-11-20,0.0002505203114160359,-0.005407236261144144,0.0011507090398348296,-0.013625172140383057,0.00031517225710708807
2013-11-21,0.0002543107600423422,-0.015245682315738196,-0.0015704183582212483,-0.016951184255988294,5.70224059395219e-05
2013-11-22,0.00025039388884828817,0.0059530793599822385,0.0006648608717063631,0.0009826776171861784,0.00029089433094298123
2013-11-24,0.0004968111655421215,,,,
2013-11-25,0.00025020690186106087,,,,
2013-11-26,0.0002462959399653908,0.0022085711871975278,0.000654211061388299,-0.009110188897265559,0.0003870652634505589
2013-11-27,0.0002500827196689759,0.005430986729606735,0.002599786369384516,-0.002808669188543389,0.0008268992147835164
2013-11-28,0.00025002019393860486,0.003688932006276069,0.0013531592594975272,0.00869931047268624,8.387490491768013e-05
2013-11-29,0.0002461121963974744,0.006604933115356593,0.0013819037864775119,0.012837460501480935,-0.0037692341803025053
2013-12-01,0.000492103280175904,,,,
2013-12-02,0.00024593061682476325,,,,
2013-12-03,0.0002612370341912307,-1.1751295580286758e-05,-2.4395301464918973e-05,0.0019042343246893356,0.00039544264438018395
2013-12-04,0.00024196521845998298,-0.00924250258531556,-0.0009697368902551462,-0.004215909876287283,0.00025998049663034095
2013-12-05,0.0002419066854559837,0.0069446503656172,0.0015170662319983208,0.010903664630760757,0.0005633057059100111
2013-12-06,0.00024568704077654324,0.0017433299958773407,-0.00023468240156288012,0.002732559337045526,4.635240380657102e-05
2013-12-08,0.0004912533869618763,,,,
2013-12-09,0.0002493421204052826,,,,
2013-12-10,0.00024544488803490694,-0.0008282249738992276,-0.0001125995897723886,-0.0035470558088096515,0.00012353066069592522
2013-12-11,0.00024538465962464784,0.0017804085015964422,-0.0006756736192060631,-0.0038303804664130414,0.00032326296815243794
2013-12-12,0.0002414912660657631,-0.0022900229584998932,0.00028019820977709387,-0.007377717391304439,0.0006829737913631728
2013-12-13,0.0002490975005939866,-0.008626278318664249,-0.0010991654259189243,-0.012462871456533908,-0.00010025536197488805
2013-12-15,0.000494239618094694,,,,
2013-12-16,0.00024125359965676552,,,,
2013-12-17,0.0002488524075512366,-0.0008604736141071267,-0.0007121683395520106,0.0038812502580618524,-0.00416177353208369
2013-12-18,0.000244962949353944,0.011290170355339635,0.004486203325820615,0.01414880927898654,0.0003637422499198628
2013-12-19,0.0002410763484967937,-0.002338983446296905,0.00066098061628872,-0.002818672182341775,0.00025239948746458296
2013-12-20,0.00024484393112222946,0.013838787191375213,0.0024603749344758175,0.015475343162175914,0.0002397673483278684
2013-12-21,,,0.00017228715735262412,,
2013-12-22,,,,,
2013-12-23,0.0002408422597885984,,,,
2013-12-24,0.00024460624128108677,-0.002164839542093011,-0.00015684003522875578,0.0018837029739875444,0.00010046018492415598
2013-12-25,0.000248367461569865,,,,
2013-12-26,0.0002406656123221662,,,,
2013-12-27,0.000240607706321061,0.007963312090123686,0.0011210086667230446,0.00510729300187962,0.0001255113380183026
2013-12-29,0.0004925544100802259,,,,
2013-12-30,0.00024424777410136933,,,,
2013-12-31,0.0002899734063863679,0.002144836865893174,0.000733997942399256,0.006999601540709222,-0.0024005503512541937
2014-01-01,0.00025174601116084716,0.0018763017919540825,-0.0002765503351669363,4.6163789123809806e-05,0.0005019628779592278
2014-01-02,0.00024024253055454636,-0.012261892489376036,-0.001091473278449051,-0.015714747330866863,0.00033640740096285704
2014-01-03,0.00024399728553015088,0.00346157191314167,0.0011468476739460165,0.001896045773090771,0.00024352343623168515
2014-01-05,0.0004840640031711363,,,,
2014-01-06,0.00024381974101772563,,,,
2014-01-07,0.00024376030744277521,-0.0017153448533897553,-1.2077914627206532e-05,-0.0045230676449895535,6.371794191029068e-05
2014-01-08,0.00024370090283576396,0.005610397398344125,-0.0003955564815402157,-0.0013664512654819605,6.178315849014737e-05
2014-01-09,0.00023983462831345115,-0.0024827839289913722,0.0002628017689279005,-0.002891673463335076,4.247329732764982e-05
2014-01-10,0.0002397771214566191,-0.002862595419847236,-6.039832696647096e-06,-0.0017035314477312768,0.00047104747251180967
2014-01-12,0.0004832443580269352,,,,
2014-01-13,0.00024340709075287847,,,,
2014-01-14,0.00023954554787497528,-0.0023497127176057564,-0.0001235345339283267,-0.005157152877517612,
2014-01-15,0.0002432895792230383,0.00946683170586371,0.0014795841494650297,0.008702483833927577,
2014-01-16,0.00024323040380047622,-0.003389041531369874,0.0005837377873931793,0.0009053448631664018,-0.003671397405160426
2014-01-17,0.00023937170626431303,-0.015123121002056261,-0.001795299742884171,-0.011585913338432396,0.0001856970700484517
2014-01-19,0.00048242748393190205,,,,
2014-01-20,0.0002429958348995065,,,,
2014-01-21,0.00023914091473287158,-0.0010555300596604145,0.00037582003932579156,0.0017663604975137748,0.0003961754574135501
2014-01-22,0.00024287872002903832,0.0006718886387651057,-6.311404708303492e-05,0.005449428109467691,0.00021925905892472564
2014-01-23,0.00023902568577605088,0.001933969572977201,0.00034564635869061,-0.0007676527033287917,0.0002510786726048764
2014-01-24,0.00023896856615057693,-0.013156538175153276,-0.0015083001577405053,-0.011172629376001608,0.00020853607674142793
2014-01-26,0.00048161519325296,,,,
2014-01-27,0.00024258688590461652,,,,
2014-01-28,0.00023494905016163692,-0.002719924479320457,-0.002203061954327179,-0.005767928130110178,3.7618715986509343e-05
2014-01-29,0.0002348938620717611,0.0016920173461358878,-0.00011190858580822916,0.00445943156011297,-0.0025454373589954837
2014-01-30,0.00023105097893649784,-0.005977025071612019,-0.003354608427357131,-0.009489031091135858,0.00013634807633167156
2014-01-31,0.00023478445272506754,0.008033130722565618,0.002109378082499669,0.012070026906822129,0.00016436888632331836
2014-02-02,0.0004694586838498438,,,,
2014-02-03,0.0002308350172937068,,,,
2014-02-04,0.0002345650520771958,0.0012867418155511068,-0.00046347063777207875,0.000989571439445891,0.00029945238851913913
2014-02-05,0.00023451004421648491,0.004518536065379664,0.0009273710848121119,0.0014586933978568695,0.00026363235164894583
2014-02-06,0.00023445506214958556,0.0007251375108328073,0.0002422253240521588,0.0003106426160250919,0.00033886654450743237
2014-02-07,0.00023818075272674655,0.003552366476971658,0.0019010083214521245,0.0024843691772598042,0.00019977667477033556
2014-02-09,0.0004686885791176376,,,,
2014-02-10,0.0002342345065207141,,,,
2014-02-11,0.00023417965356520298,0.004374051994779471,-0.0008275545461134959,0.005680759275237257,0.00022564243003397877
2014-02-12,0.0002341248262944795,0.0038984300916657944,0.00021159415032845352,0.004879957171683769,0.00020631019991834698
2014-02-13,0.00023407002469055804,-0.010973504991137362,-0.0015291998597728451,-0.012478741061000331,0.00010313382239979241
2014-02-14,0.00023401524873545299,0.00772895025409448,0.00021792690973576612,0.005111286328865372,0.0002467246341053553
2014-02-16,0.00047169455324858056,,,,
2014-02-17,0.00023385019254917871,,,,
2014-02-18,0.00023756641489658392,0.012864609185669451,0.0038349319759705125,0.009514852368758708,0.00022999146712332497
2014-02-19,0.00023373999065046114,0.006399612563996238,-0.0018244774540272513,0.007745506722066198,
2014-02-20,0.00023368536903434212,-0.005476689696261472,-0.00014754991854637467,-0.0037586374433167258,
2014-02-21,0.00023363077294091816,0.010011405398555384,0.002767722155631036,0.010769803908287301,0.0002510459443043622
2014-02-23,0.0004709197628069983,,,,
2014-02-24,0.00023346625847731062,,,,
2014-02-25,0.0002447058823529247,0.0038342127139778803,0.0012064892957752704,0.002690212686616844,0.00023537900843706439
2014-02-26,0.00023711844630969203,0.00522796284090199,0.002825703435696658,0.005611709545883192,0.00020349706327693617
2014-02-27,0.00023706223448094477,,,,
2014-02-28,0.00023700604929732805,,,,
2014-03-02,0.0004738997814794921,,,,
2014-03-03,0.00023683765342763508,,,,
2014-03-04,0.0002405400123275392,0.007749040435597543,0.005065378021754885,0.014131585914747058,4.15507513438218e-05
2014-03-05,0.00024048216674432688,0.006200280119798229,0.002026637505274431,0.008341219854452797,0.0005729900417617007
2014-03-06,0.0002404243489759761,0.008929504778357966,0.003024911032028621,0.011307955700258443,0.0003322018512526004
2014-03-07,0.00024787801397119225,0.008354237103282758,0.0015167642362958755,0.01057987711213526,0.0004768988829562115
2014-03-09,0.0004956331713765749,,,,
2014-03-10,0.00024394088374157796,,,,
2014-03-11,0.0002476334125010027,-0.0002210266417966844,0.0028480348854729165,-0.003404153193209414,0.0010342567424286297
2014-03-12,0.00025132319788157,0.005812668165666501,-0.0007747987143643664,-0.00029785103645818545,2.8886901042080027e-05
2014-03-13,0.00025501020040796796,-0.0009703272844238109,-0.0013915914853469546,-0.002129952456418338,0.0006152732188609011
2014-03-14,0.00025494518678481626,0.0015132489777518465,-0.0015263885116384435,-0.0006924415871524259,0.0003483442102691914
2014-03-17,0.0007533959039252025,,,,
2014-03-18,0.00025843374170841926,,,,
2014-03-19,0.0002583669709657066,0.0027726776828715938,0.0013081854611278754,0.001822653884964609,0.00028540705099566743
2014-03-20,0.0002620437163787237,-0.00197424983813288,-0.00015630529668508863,-0.0076676592235394025,5.379876954525464e-05
2014-03-21,0.00025823256649504245,0.0011326533867932476,0.0011267539163546392,0.002829392695599342,0.0010538227733312144
2014-03-23,0.00052007333408155,,,,
2014-03-24,0.0002804692437428091,,,,
2014-03-25,0.0002616978959488758,0.00524771855435846,-0.0002999655921822608,0.00309452069382421,0.0012310229282814777
2014-03-26,0.0002616294280779474,-0.0012424370559460662,0.00012649402683440059,0.0004871011859040042,-0.0003686612998518024
2014-03-27,0.0002615609960243681,0.0020541393783222173,0.003338431672451403,0.005230667440655701,0.000297911553795549
2014-03-28,0.0003100555111432701,0.006739205274523652,0.004130571801298721,0.01181642626065682,0.0020713529870863834
2014-03-31,0.0010195050359067537,0.0061448866874604935,0.003480048113416956,0.008511813439705529,0.0009508719352298023
2014-04-01,0.00030218242865132083,-0.007121817582598666,0.001949283710970695,-0.0020628342978150638,
2014-04-02,0.0002610664190265677,0.0036409088787348054,0.0008043300250299978,0.010756228734496887,
2014-04-03,0.000264726828013373,-0.0009301796797079875,-0.0002205052471543345,-0.0043496096813503415,0.00014716295621708397
2014-04-04,0.00024229140573739372,-0.005467307364054541,0.001802157365193624,-0.0047624529662326776,-0.0004204037213372258
2014-04-06,0.000521732001177666,,,,
2014-04-07,0.0002421064001758566,,,,
2014-04-08,0.0002606668603049034,,,,
2014-04-09,0.0002457075633255368,,,,
2014-04-10,0.0002568129880378134,0.0012115798282226198,0.001908782710644985,0.0025907670113007875,0.00014614213420993671
2014-04-11,0.0002493051085221687,-0.0018356809196864443,0.0037699413468605947,-0.006673021925643452,0.0008423433188899931
2014-04-14,0.000762609090300348,,,,
2014-04-15,0.0002490530408632008,,,,
2014-04-16,0.0002527073129037216,-0.010488718708827283,-0.0009385359413345284,-0.011948323047702214,0.0007788570344517964
2014-04-17,0.00024892812293320077,0.011010787138651779,0.006073176897796184,0.013849309684076161,-5.905943093376109e-05
2014-04-20,0.0007503129399266673,,,,
2014-04-21,0.000248679585633127,,,,
2014-04-22,0.00024861775947160325,0.0043391477913738985,0.00013628581406632811,0.0021315432373039123,0.0016433619304936364
2014-04-23,0.00024855596404460556,0.00905759348585189,0.001479067364279274,0.003888532722991389,0.0006304409953752366
2014-04-24,0.00024849419932948535,,,,
2014-04-25,0.00022989272908624514,,,,
2014-04-27,0.0005115791112610957,,,,
2014-04-28,0.000248248366933268,,,,
2014-04-29,0.0002444824750518215,-0.004945207906258631,-0.0031506555396202396,-0.00889863606320973,0.0008065150494191986
2014-04-30,0.0002444227179805303,-0.004166073208944687,-0.004641797131658354,-0.00276449084262409,0.000899614396860704
2014-05-01,0.00024806545966149507,,,,
2014-05-02,0.0002480039384507027,,,,
2014-05-04,0.0004884836283971516,,,,
2014-05-05,0.00024412256432260193,,,,
2014-05-06,0.00024406298304135987,0.0024114198317612967,-0.0015562738357872696,0.001340694967518541,0.00021795352023246117
2014-05-07,0.00024030640915673196,-0.0011544936248555349,-0.001381704406609341,-0.007485667685042108,0.00019526643964207224
2014-05-08,0.00024394480933498386,0.003380924255076412,-0.0006860906554453372,0.0023239557528635935,0.0001782519426158924
2014-05-09,0.00024758054682028074,0.01996346290469897,0.004505561149761972,0.025944709200247162,0.0009637090918692692
2014-05-11,0.00047656694472553163,,,,
2014-05-12,0.00024370880490387492,,,,
2014-05-13,0.00024364942539345513,0.006493506493506551,0.003313722862121171,0.016860740818799735,-5.363040185168977e-05
2014-05-14,0.00023989931610235438,-0.0037804700043789774,,0.0009614775664830155,
2014-05-15,0.00023984177822389263,0.0009328312649874437,,-0.005101864740190254,
2014-05-16,0.0002213393242509465,0.00950503552189863,0.0035696886992144794,0.023310265882720227,0.0019460191217530731
2014-05-18,0.000505279618790544,,,,
2014-05-19,0.0002359238260947194,,,,
2014-05-20,0.0002506099403694062,0.006424635548380131,0.006192983547589792,0.007452323387681092,5.6293680377628164e-05
2014-05-21,0.0002505471507632251,0.005281040308155349,0.004257818647840361,0.00408575696336011,0.0007383438768588935
2014-05-22,0.00024311720459424535,0.010864346303391947,0.005037346325955427,0.009418070444104032,0.0007977980399105356
2014-05-23,0.00023569271562196015,0.007394782673484146,0.0013616201330435285,0.018373229592223872,0.001666452778686045
2014-05-25,0.0004749561862122942,,,,
2014-05-26,0.0002392053964737073,,,,
2014-05-27,0.00023914819093584505,0.002657449220419661,-0.0018513184351603984,-0.003263592515636904,0.0005431002894042969
2014-05-28,0.0002390910127527679,-0.0007135708195872281,0.0036730817183634468,0.006178793822277928,0.0001223881573106933
2014-05-29,0.00024271130593400692,-0.005712642931995249,-0.0011165948323991204,-0.009751862760240537,0.0004904268675454126
2014-05-30,0.0002426524114502726,0.00670148766497225,0.0006930626662791095,-0.006615464050600317,0.0008253806414626474
2014-06-01,0.0004741601117401739,,,,
2014-06-02,0.0002314568186077004,,,,
2014-06-03,0.00024609552914212074,0.007657700775342224,0.0024944298465883197,0.005819217714990721,0.0017447498974225706
2014-06-04,0.00024236281713729824,0.0042204399571170725,0.00353443933330011,0.003837730842932041,0.0009225203890037559
2014-06-05,0.0002349615434036334,0.005328828828828902,0.0038915657001648007,0.01470487977554602,0.00121556292560987
2014-06-06,0.0002385767611552403,0.009575102046302852,0.005258386219401778,0.010047082779899519,0.0008165130711759172
2014-06-08,0.0004733701754771058,,,,
2014-06-09,0.00023840700109678536,,,,
2014-06-10,0.00023835017674578296,0.008352933418328101,0.002577893074422688,0.0012193270933469336,1.2050795028084593e-05
2014-06-11,0.00023829337947667284,-0.008009068515248519,-0.0033399374235387747,-0.0015564123684251863,-1.7612488181106833e-05
2014-06-12,0.00023457143066574204,0.007005731162757822,-0.0017190156259334621,0.002287646204379934,0.00043290404454743303
2014-06-13,0.0002235234626348781,-0.011129441956686748,-0.0072823523331002615,-0.012290756684424475,0.0004929449569508471
2014-06-15,0.00047991852375606214,,,,
2014-06-16,0.00023068979911666787,,,,
2014-06-17,0.00023795839022966447,0.013689800855557266,0.0027189314845694756,0.013517115528536072,-0.00010189562923323958
2014-06-18,0.0002342417521283835,-0.00020468600296141837,0.0007918953605854373,-0.006549566818225494,5.836435290595965e-05
2014-06-19,0.0002415052362725323,-0.005052859003454202,-0.0033751705320600456,-0.007234202863135697,-0.0004381702824205469
2014-06-20,0.00023047206532234021,-0.005660798641058062,0.0008404902768690548,-0.005076740834944249,-0.0004763599427626275
2014-06-22,0.00046449536418990967,,,,
2014-06-23,0.00023031198134115805,,,,
2014-06-24,0.00023025894994610496,0.005850010996261146,0.0039486510606165925,0.009500687786149653,0.00027345426500602343
2014-06-25,0.0002338600055542539,-0.000157425223018981,0.003479088544444453,0.0012304313119346766,0.0004318469519575263
2014-06-26,0.0002338053278387875,-0.0002274277916760603,-0.0015072842988945734,-0.004773487845379676,0.0005956174413088711
2014-06-27,0.0002337506756855401,0.008609225169734724,0.0021592435277288935,0.007199677519759584,1.4812140400666252e-05
2014-06-29,0.0004637405973855202,,,,
2014-06-30,0.0002554865741803969,,,,
2014-07-01,0.00027001682131810867,0.010651524667700585,0.0009420325163636001,0.006115630158509022,
2014-07-02,0.00023711291316930172,0.015286796536796432,0.012851509890145607,0.01023948130503971,
2014-07-03,0.00023340967774876376,0.007574117255163326,-0.0014739101876031224,0.0042851692054828305,0.00024387765470978984
2014-07-04,0.00022970903522212538,0.004082998937924298,0.002668720351265641,0.0007647270849771015,0.0005079545685433562
2014-07-06,0.000459312562198555,,,,
2014-07-07,0.00023319450972669742,,,,
2014-07-08,0.00022949732799548705,-0.022920700308959874,-0.009979843010110456,-0.027079811111758945,-1.8451920752671214e-05
2014-07-09,0.00022944467105645572,-0.01211285657669503,-0.004710311785474763,-0.013077867992929315,0.0002518733658216643
2014-07-10,0.0002257508948109166,0.003555073768847672,0.0032660107586237608,0.0012345491618726001,9.039331237059578e-05
2014-07-11,0.00022205962118815314,-0.011907495768586407,-0.009520701457233716,-0.01566550607164685,-0.002870189412210622
2014-07-13,0.00045857869719978517,,,,
2014-07-14,0.00022554640435368256,,,,
2014-07-15,0.00023276959447171564,0.0170178107398804,0.00867498223344021,0.018043254376930884,0.0006945383357379598
2014-07-16,0.00022907924687465275,0.012754237288135517,0.013516030546715019,0.014152470359729774,0.0007014595541012802
2014-07-17,0.00023266212733163982,0.013610309192084058,0.002927107304184773,0.003980010174462034,0.0007518296370687683
2014-07-18,0.0002326080082575288,0.0016552259321482854,-0.0009135451660449156,-0.00041728763040227435,0.0003511446854713718
2014-07-20,0.000454206863974127,,,,
2014-07-21,0.0002324483347255768,,,,
2014-07-22,0.00022513199270868256,0.0035679639586314593,-0.0004510540070842284,0.0018465570645698204,0.0008470244345326616
2014-07-23,0.0002214509758364791,-0.0031211088537912435,-0.002519078903709726,0.003978635273599318,0.0009532484198571112
2014-07-24,0.00022503148626040748,0.0021571028260101155,-0.004891211785744698,0.00402208941376192,0.001119967285166057
2014-07-25,0.0002322383055313182,0.0007010868896752953,-0.0017516272751098017,-0.008999931185670884,0.00019963899381947314
2014-07-27,0.00045711300486495077,,,,
2014-07-28,0.00022845207401855916,,,,
2014-07-29,0.00022839989558853802,,,,
2014-07-30,0.000231972308305739,,,,
2014-07-31,0.000228294782920635,-0.006042740137676472,-0.0034180405194137453,-0.0068836606519789845,0.00046249428778177837
2014-08-01,0.00023186557593235513,-0.016989673104887526,0.00026547818252020683,-0.009591495640913661,-0.00021597597244338296
2014-08-03,0.00046000159370640503,,,,
2014-08-04,0.0002317052419691379,,,,
2014-08-05,0.00023165156708659929,0.007830158552416089,0.000493700646614581,0.00755391909512837,-0.0008524139020623656
2014-08-06,0.00022797919961203839,-0.002172776915891239,-0.002968744165204096,-0.006753506914659035,-0.0007520144886898894
2014-08-07,0.00023154512959289164,-0.0028744757277949784,-0.0014018454064147479,-0.0026658545961030233,0.000514293968224111
2014-08-08,0.00022787447371852565,-0.01195705222059551,-0.0014493568981084337,-0.014966687856960537,-0.0001903472780337978
2014-08-10,0.0004628775797288487,,,,
2014-08-11,0.00023133171160161226,,,,
2014-08-12,0.00023127820961743595,0.010709777083817817,0.002694079732953325,0.006941251951279925,0.00022420350327156946
2014-08-13,0.00023122473237546792,0.0019598417335353613,-0.003329113957925789,0.002388107625388436,0.0008378186949320465
2014-08-14,0.00023117127985816666,0.005470262113309143,0.006871108318632579,0.004574643262911904,0.00039928294290803024
2014-08-18,0.0009316938410703912,0.009604482907690892,0.00799758925618943,0.014717678652390598,
2014-08-19,0.00023090272140491308,0.011132969505520007,0.0008862738665615932,0.007910048363734656,
2014-08-20,0.00023084941764617284,0.0031880595583859694,0.002376282637541527,-0.0010571133498313845,0.0005580086147733976
2014-08-21,0.00023440232815596929,0.006140808499962125,-0.0003164381719367171,0.0074125007924548125,-0.00018223610106316013
2014-08-22,0.00023434739658068082,0.0041480472909056765,0.008412006299112873,0.00660764162862626,0.0003672864128756448
2014-08-24,0.0004613759817757579,,,,
2014-08-25,0.00023418444366773983,,,,
2014-08-26,0.00023773160821827233,-0.0005293432614602578,0.0012386746959796024,-0.003022602133148644,0.00033406675477487546
2014-08-27,0.00023047282941424108,0.005982785270971069,0.004855199887956907,0.004286955682147431,0.0006349723366159132
2014-08-28,0.00024122064848741687,1.559922471860986e-05,-0.001752538470671472,0.0029082623492990844,0.0002551078722266009
2014-08-31,0.0007018907857938572,,,,
2014-09-01,0.00023379949355439855,,,,
2014-09-02,0.00023374484412808094,0.00990072205656567,0.0013858121683580915,0.0038120220229194146,0.0003031642310038496
2014-09-03,0.00023369022024422037,0.0071574368027818025,0.008161889916091791,0.01018005442522174,0.0006554396009670338
2014-09-04,0.00023723001606690275,0.0010266315837501594,0.0050978360987008475,-0.003135831763091179,0.00028006707013350507
2014-09-05,0.000233580209647144,0.0014737945651925877,0.0013149577715780847,0.005031246937146738,0.00046695176260613813
2014-09-07,0.0004670513253479669,,,,
2014-09-08,0.00023700767043011162,,,,
2014-09-09,0.00023336133669360493,0.0016569449234506983,0.0013237196522226657,-0.0007971814595750804,-0.000867812883879715
2014-09-10,0.00023689622868383609,-0.000909437944894842,0.0034701705541257954,-0.005910268460991852,0.0009423902443470578
2014-09-11,0.00023325163545284688,0.009582139311869131,-0.0007135906584494478,0.00825161665267582,0.00027498442968965087
2014-09-12,0.00023319724181480872,0.0027679555346125095,-0.0033707528514073104,0.0007959925890344,0.0003422706013220811
2014-09-14,0.0004698725605185583,,,,
2014-09-15,0.00023661850643530435,,,,
2014-09-16,0.00023656253136250527,-0.02399949506012866,-0.012424586344901734,-0.02219632574718955,0.00023735018974369027
2014-09-17,0.00023650658276674896,0.0006276747503566327,-0.001575132563156556,0.004201661034851867,0.000539138941469286
2014-09-18,0.00024003324639587653,0.01662864963503652,0.011063516143444474,0.01994303320270685,0.0009468466462818625
2014-09-19,0.0002399756442630352,0.007639839350221056,0.003390338284858352,-0.003974501133942043,0.00043484694567674786
2014-09-21,0.00047625527282613156,,,,
2014-09-22,0.00023622469979778238,,,,
2014-09-23,0.00023974722769892765,-0.013724438884172518,-0.009490547980959163,-0.015523772921928303,0.0002755355268619919
2014-09-24,0.00023968976274280074,-0.00636122709391973,0.0021531983025369072,-0.007045428139886067,0.0003570101756962263
2014-09-25,0.00023605572345730685,-0.010486282346951592,-0.00478545582030121,-0.015323482745870809,0.0003976434867989376
2014-09-26,0.00023600001430290618,0.005882330355051479,-0.0020230283022667495,0.012595955034817141,0.0012404442782469882
2014-09-28,0.0004683137487622169,,,,
2014-09-29,0.00023583388718551035,,,,
2014-09-30,0.0002786470613451719,0.005692016377828457,0.001683362101237984,0.001971860011990234,2.3506904701209308e-05
2014-10-01,0.00020714137756150386,-0.0028864983567711278,0.003323442434214563,-0.005011102021736491,0.0002667066877379831
2014-10-06,0.0012354495465258797,,,,
2014-10-07,0.00023893925236961877,,,,
2014-10-08,0.00024601298520710024,-0.004775077767191993,-0.002365413947440831,-0.0030546173177323777,0.0009352621800537975
2014-10-09,0.00023525889171671643,0.013601989934988845,0.003812182944679332,0.018364799054598757,-0.00035591453365735326
2014-10-10,0.00023520355798822834,-0.016275550262282446,-0.006169710740190459,-0.011487422325372587,0.001180795044626759
2014-10-12,0.00047029650056651384,,,,
2014-10-13,0.0002385988903370606,,,,
2014-10-14,0.00023854197448680559,-0.004204365041412528,0.0038303508270247644,-0.0019218389508357525,0.0012431970494310995
2014-10-15,0.0002349256068912009,,,,
2014-10-16,0.0002384290726888949,,,,
2014-10-17,0.00023837223781719707,-0.00012918885061063978,-0.0010010060235977614,0.005420067164821685,0.00017488961774514422
2014-10-19,0.0004695169666357746,,,,
2014-10-20,0.00023464831195441072,,,,
2014-10-21,0.00023459326504049471,0.011615159539562603,0.003911681373956366,0.011183440266004707,0.00099037119219747
2014-10-22,0.00022032380492098547,0.013485101138258404,0.0006663981181713741,0.012194444187145104,0.0006879221798097301
2014-10-26,0.0009521576318276548,,,,
2014-10-27,0.00023781297252023492,,,,
2014-10-28,0.00023420782750949165,0.006027736540168638,0.005411713981995581,0.006147765945767825,0.0008788247837512309
2014-10-29,0.00023770075957818548,0.0030922101516444034,0.00361303551668124,0.006492089470812923,0.0006801568907113253
2014-10-30,0.0002376442713543092,0.008771216511916702,-0.0015765472632661703,0.009404303756301191,0.0011678631845162268
2014-10-31,0.00024113389668833918,0.015235401239204638,0.004995363731839175,0.01838278068644561,0.0014378836061694766
2014-11-02,0.00047506106661843184,,,,
2014-11-03,0.00023741774538188487,,,,
2014-11-04,0.00023381868423855146,,,,
2014-11-05,0.0002408477842004153,,,,
2014-11-06,0.00023370773785069687,,,,
2014-11-07,0.0002407335292242685,,,,
2014-11-09,0.00046365444648155396,,,,
2014-11-10,0.0002370263453013166,,,,
2014-11-11,0.00023343330881120394,0.008388027510159102,0.002386559518318121,0.008624195854963101,0.0001519222582007096
2014-11-12,0.00023337883041851804,0.002840033853769963,0.0068204992818614585,0.0021549574862009813,0.00047071083518046564
2014-11-13,0.00023332437744816303,0.0010558170576251413,-0.0030335178462744805,-0.0028598871620919564,-0.0010601458428777244
2014-11-14,0.00023326994988237537,0.005079508416463208,0.0012064821874970821,0.006491167932936248,0.00014050131576381908
2014-11-16,0.00046643109540633887,,,,
2014-11-17,0.00023663874094070891,,,,
2014-11-18,0.00023305167038012442,0.0033585075784845486,0.002652194612895009,0.006800534786856494,0.0006423298928686094
2014-11-19,0.0002365276331350863,0.0009508881922675183,-0.0029713299039535457,-0.005439432051789539,0.0002786345496259557
2014-11-20,0.00023294227266945633,0.002870833376830806,0.002929673406358635,-0.0009286481536163738,0.00035701126039966447
2014-11-21,0.00023641662961626508,0.005562148245303655,-0.0003765313072590093,0.00857549174148442,0.00021324911461961804
2014-11-23,0.0004691937276206648,,,,
2014-11-24,0.00023272378507610547,,,,
2014-11-25,0.00023266963731738421,-0.011052807475115722,-0.007175479184397648,-0.006751621402513175,0.0005150581883686112
2014-11-26,0.00022909103725377022,0.0004389708572125617,0.00011832261990418758,-0.00036134385906727573,0.0002226369899478442
2014-11-27,0.00023256223682577293,-0.0004492253474532859,0.0009875148187583616,0.0036657764471736964,0.00020675117364277185
2014-11-28,0.00022898531323445326,0.011423813372724911,0.00330213710261007,0.016545909071649545,0.001733712034917012
2014-11-30,0.0004613878264054794,,,,
2014-12-01,0.00023586815322285126,,,,
2014-12-02,0.0002322929425180309,0.0016733947486458067,0.009279343551901187,-0.000616304587721328,0.0026061785372604174
2014-12-03,0.00023223899503843626,0.0073024128963368184,0.0042221608705173,0.010583642022892192,0.0003498524934424374
2014-12-04,0.00022866711696489794,0.005047275462923384,0.015227355677848387,0.0030428848857682045,9.61757883577441e-06
2014-12-05,0.00023213199165739162,-0.0017760478512203193,0.006377768388025951,-0.007131963941447994,0.0004738797814207718
2014-12-07,0.00045712356753280226,,,,
2014-12-08,0.00022845735052756666,,,,
2014-12-09,0.00023191909537501054,-0.010326196814433253,-0.007447055007183012,-0.013213950769411897,0.000738716885443802
2014-12-10,0.00022835221044936738,3.461824727768459e-06,-0.0018068660911463308,0.003162331601580304,-0.00047379098226552063
2014-12-11,0.0002318123865086008,0.0007477515526230771,-0.004742838967988217,-0.005450783629805556,0.000861608405526848
2014-12-12,0.00023527015685842478,-0.007347396240513171,-0.005576129559831111,-0.006681019752580175,0.0012123654296178898
2014-12-14,0.00045287629104850957,,,,
2014-12-15,0.00022458110360568107,,,,
2014-12-16,0.00022803897010570395,-0.017553959846756118,-0.009056308469391428,-0.019106544077879928,-0.0047186398896982285
2014-12-17,0.000227986980189554,-0.005632682342996964,-0.006121433152418421,-0.004834391223991985,-4.022994034591498e-05
2014-12-18,0.0002279350139742231,0.023372680679321967,0.010329434312984276,0.02017170996352169,0.0013774935913750674
2014-12-19,0.00022788307144328002,0.00492445790827456,0.0021615412480218144,0.005960966962687442,-0.0007336526469138294
2014-12-21,0.0004591673998155521,,,,
2014-12-22,0.00022071961601799472,,,,
2014-12-23,0.00023117904817282486,-0.0031325708102296623,-0.006184455644970721,-0.005050094368288738,0.0008392565985566591
2014-12-24,0.00022762371348816757,-0.00767800102327254,-0.0006708216375659326,-0.0040347730332632725,-0.00022948948624013088
2014-12-25,0.0002310730190739907,,,,
2014-12-26,0.00022401904161850617,,,,
2014-12-28,0.0004619357909250166,,,,
2014-12-29,0.00023086125238735988,,,,
2014-12-30,0.00023430505819166392,0.003926490054840137,0.0009215714217851723,0.004101715728075828,0.0013707642904137174
2014-12-31,0.00025173152832502765,0.0078393901098337,0.0034859328726555283,0.0025350533762493743,0.0009990357738349775
2015-01-01,0.00024118200153089298,0.00504628308118904,0.004984901046876544,0.0018340074969820375,0.00031819003769606446
2015-01-02,0.00023064020128593654,0.013899736611656,0.0008000282362907729,0.009119427721030915,-0.0002815868286892842
2015-01-04,0.00045768029459236637,,,,
2015-01-05,0.00023048153179416886,,,,
2015-01-06,0.0002304284222984787,-0.02389266311144911,-0.013949377977610422,-0.026443131388264374,-0.0005205540641889383
2015-01-07,0.0002303753372729922,0.00024258824574530102,-0.0018735162037699649,-0.004678553339800273,0.000752979311328339
2015-01-08,0.00023032227670083394,0.01462008280159055,0.00766096870179056,0.015822293521010167,0.0004952370360844505
2015-01-09,0.00023026924056512854,0.003965956071481536,0.0025192319541940122,0.005782040015792411,0.0005601224106279723
2015-01-11,0.0004604324576977792,,,,
2015-01-12,0.00023011027860775357,,,,
2015-01-13,0.00023005734004910572,0.0007957595008356577,0.007612265713456967,-0.001152759496642286,0.0014373405301439934
2015-01-14,0.00023000442584275582,0.004112036356256787,-0.0004736233579896165,-0.002551587817846812,0.0002059047958513638
2015-01-15,0.0002334356501532131,0.014449152963550649,0.00633190714441656,0.019131166508888242,0.003309367950509845
2015-01-16,0.00022989786961313818,0.006430899672739354,0.0016572647284209818,0.003913765058499941,0.0014147307873351167
2015-01-18,0.0004596900574613816,,,,
2015-01-19,0.00022973941980342083,,,,
2015-01-20,0.00022968665172529157,0.004231963275604267,-0.00239172711269231,0.007261423483769791,8.344588491349114e-05
2015-01-21,0.00022963390788199867,0.0012674556631784295,0.005402371592625688,0.002786429118184275,0.0007991212247113744
2015-01-22,0.0002295811882564447,0.000912441004584652,-0.004449835399738533,0.00492732200049284,0.0003051254194399444
2015-01-23,0.00022952849283242038,0.004403971277890051,-0.00038074580025848626,0.007467275409032137,0.00028784742539800234
2015-01-26,0.0006814736520033282,,,,
2015-01-27,0.00023279408494558673,,,,
2015-01-28,0.0002292661745548763,-0.0012236042081892329,-0.004746162982225854,0.003438080990293635,0.0004961816333819424
2015-01-29,0.0002292136236241582,-0.0032553645629412875,0.007107030166215278,-0.001416152000314641,0.00030545511954804816
2015-01-30,0.000232633234608981,-0.00989619136015607,-0.005670254313427048,-0.012708292298601598,7.891373527879608e-05
2015-02-01,0.0004582155973811286,,,,
2015-02-02,0.00022900286600568975,,,,
2015-02-03,0.00022548148970402693,-0.006340813961284719,-0.0043939096670575495,-0.0011826591114526552,-0.0006542686749175797
2015-02-04,0.000228898823251944,-0.007724364844500453,-0.005966893365841108,-0.006322957198443557,-0.00047217023493684174
2015-02-05,0.00022884644057108439,-4.5333998232033323e-05,-0.005039142101041061,-0.00413647561044117,-3.4293523410999782e-06
2015-02-06,0.00022879408185971783,-0.010012791243665164,-0.006009943978239951,-0.010712487158310413,-1.2860115381041481e-05
2015-02-08,0.0004574834942034922,,,,
2015-02-09,0.00022863714937959578,,,,
2015-02-10,0.00022858488638277663,0.0032080432589751684,0.0027968519590857444,0.007332922965062272,0.00018089414863164954
2015-02-11,0.00022853264727373812,0.01462409547200294,0.007029905738011433,0.008415561406530658,4.371532239200171e-05
2015-02-12,0.00022848043203560486,0.010745001965747347,0.006516525788680783,0.014055293916693135,-0.0001234261029064987
2015-02-13,0.0002284282406526117,0.009971775567542585,0.005191923571932655,0.011037049514321717,0.0007766517565530595
2015-02-15,0.0004567521462159885,,,,
2015-02-16,0.00022827180946904946,,,,
2015-02-17,0.00022476183889752477,,,,
2015-02-18,0.00022816842978645724,,,,
2015-02-19,0.0002281163808299791,0.0017054467706236753,0.0022894357589799963,0.003758597841862832,
2015-02-20,0.0002280643556145101,-0.005120148221405829,0.00552168175820178,-0.004003850611972282,
2015-02-22,0.0004594794408860903,,,,
2015-02-23,0.00022790763525115665,,,,
2015-02-24,0.00022785570519623377,0.0008753385221631493,0.003474177766619402,-0.0017928215425436766,0.0006239401564465119
2015-02-25,0.00022780379880082968,-0.004555988456899529,0.0034125615624753802,0.00038315552522227847,0.0005518000126418787
2015-02-26,0.00023465348926299257,-0.012255656029662276,-0.006801911184291742,-0.01452241598742443,-3.756317442960011e-05
2015-02-27,0.00023459843992035267,0.015031195912901918,0.00839325011704406,0.019898221507892444,0.00047553350248774606
2015-03-01,0.00047253600068986046,,,,
2015-03-02,0.0002275375609352981,,,,
2015-03-03,0.00023437930844316668,0.012962390201657792,-0.0001404954807285863,0.00274298466175682,-0.00041191043719646103
2015-03-04,0.0002515541220415862,-0.0018991728522096407,-0.0028727556596408466,-0.004477998307710784,0.0020390716848874835
2015-03-05,0.000244600697973274,0.012291634163278609,0.0061042987326143106,0.0007568054272650837,0.0002809725396171192
2015-03-08,0.0007095129847765058,,,,
2015-03-09,0.00022715852223043065,,,,
2015-03-10,0.0002339889612266166,-0.006556764553659278,0.0013049675765748336,-0.003650656605677871,-0.00022648128123703426
2015-03-11,0.0002270538048712023,-0.0005117265530591997,0.0010069685790159433,-0.004099284999228403,-8.85691316135917e-05
2015-03-12,0.00023044169137320658,0.008410799874161823,0.0049785900597341115,0.010334100146608405,0.0005510509998976065
2015-03-13,0.00023382723605891442,-0.012013959192911594,-0.007967915741173393,-0.016937221776540445,-0.0010299914791613851
2015-03-15,0.00048129647519079555,,,,
2015-03-16,0.00023366011387482288,,,,
2015-03-17,0.00023360552958040515,0.01184170490744596,0.0036843329724312035,0.01059344070793622,0.00047263929446450526
2015-03-18,0.00023355097078203713,-0.0010524830007117014,0.007698222544157751,-0.0029531221547498543,-8.42688021572835e-05
2015-03-19,0.00023349643746239934,-0.0021102554729951484,0.0065136277478330395,-0.004819985071545463,0.000603551676026326
2015-03-20,0.00023344192960350618,-0.003616875881132464,-0.0034653704672207297,-0.00876507057537479,0.0006338149192375298
2015-03-22,0.00047707139939801024,,,,
2015-03-23,0.00022641509433962703,,,,
2015-03-24,0.0002229340869648322,-0.0016758320195638943,0.008889468887964824,-0.002946986756851344,0.00032295514153091176
2015-03-25,0.00022974237992534619,-0.008781800999726364,0.005873364216545163,0.002939389862570252,0.00016652308298792384
2015-03-26,0.00023997421991239776,-0.01561172039402492,-0.009522543297167063,-0.017340758505751785,0.0001325167132457672
2015-03-27,0.000239916646102456,0.0008251429663730381,0.00033447980688183776,0.004434443047190539,0.0004433625567581423
2015-03-29,0.00047971819982306485,,,,
2015-03-30,0.00026714341491484994,,,,
2015-03-31,0.0004622401183334013,0.0012630853131072595,0.0014286400831844404,0.003915778402540315,0.0014905228367270151
2015-04-01,,0.012013910844135278,,0.006451144967421829,
2015-04-05,,,,,
2015-04-06,0.0002631686877110351,,,,
2015-04-07,0.0002391813165223411,-3.6711954942370006e-05,0.0006028516384262161,-0.0014680315248829512,5.6618490246851394e-05
2015-04-08,0.00022545988692845853,0.0073916116222081385,-0.0025943451851311305,0.01038296651632753,-0.00019012595633360885
2015-04-09,0.00023907022175473358,0.008227215714619707,0.0026505355887607163,0.003000859641789644,0.000846010103101591
2015-04-10,0.0002219407179271382,-0.0018735955563855544,0.0021718529571932432,-5.1109669556348436e-05,0.00019000136800984002
2015-04-12,0.0004676789469371112,,,,
2015-04-13,0.0002286119840448908,,,,
2015-04-14,0.00023197107184280696,,,,
2015-04-15,0.00023191727374438642,,,,
2015-04-16,0.0002284537432315492,-0.006810583483351618,-0.0008933417528504961,-0.006899368350931967,0.00014673044100077526
2015-04-17,0.00023181054260712486,-0.01585918650842011,-0.008544009469857117,-0.011918213505711539,-5.0589280805590775e-06
2015-04-19,0.0004669218263799735,,,,
2015-04-20,0.00023164865711899907,,,,
2015-04-21,0.0002315950084463836,-0.011435724639045186,-0.003245629404248551,-0.0035900071964634073,0.00042386592690957237
2015-04-22,0.000228136364255338,0.0001555096431846703,0.002452330678785364,0.0013247930268838193,0.0005340300994189917
2015-04-23,0.000231488573656069,-0.0012851349550361268,-0.0010221559792917834,-0.005560066440526978,-0.00023656524107340537
2015-04-24,0.00023143499909794585,-0.019346311364726754,-0.012224907473012414,-0.013279507945323732,-0.0001077847538465404
2015-04-26,0.00046276289866509224,,,,
2015-04-27,0.00022787332963747353,,,,
2015-04-28,0.00023122173484324549,0.008456137694492938,0.012438194282393455,0.014514599281891583,0.00019613108290439385
2015-04-29,0.00023456781729547238,0.00626036321857093,0.009632612590672718,-9.599171967067388e-05,-0.00045278039141094517
2015-04-30,0.0002277153354384165,0.0021927406013817485,-0.005769653217782222,-0.0029635071228520937,-0.0010853128294249226
2015-05-04,0.0009344397099499968,0.010981790876666064,0.005062309513546026,0.017247803207588897,
2015-05-05,0.00022405616341147905,0.0027820552633348594,0.003056139866891794,-0.003045380281574084,
2015-05-06,0.0002274000033939405,-0.026459958879793688,-0.014144760873395446,-0.03074084317505399,-0.0010114970408868773
2015-05-07,0.000223955046114499,-0.010605364989833999,-0.007807000146027199,-0.009382293316979151,-0.002013239494565555
2015-05-08,0.00022729739998905707,0.01780541321684015,0.005456498483207728,0.01331894531837774,8.278705142927834e-05
2015-05-10,0.00045788322281947735,,,,
2015-05-11,0.00023053191850008758,,,,
2015-05-12,0.00023047878578363878,-0.01581384624253024,-0.007593364407916581,-0.022188290907569685,-0.0006412687177154153
2015-05-13,0.0002304256775531588,0.01289860731485093,0.007184832263058549,0.015298984773745472,-0.00012901060669556763
2015-05-14,0.00023376042605383063,0.002200562830084518,-0.0017471314137259553,0.006013054269184304,0.00015854329075160045
2015-05-15,0.0002269317138763327,0.008763691264196183,0.007020275736131287,0.0036105619408235423,0.0003338999514328478
2015-05-17,0.000467305543327301,,,,
2015-05-18,0.00024031301616522782,,,,
2015-05-19,0.0002334875253369173,-0.0004036390583858074,0.0017009907411982272,0.0012793898548510985,0.0014853439055035889
2015-05-20,0.00022666684709804485,0.005246271929132629,0.0024806873026115284,0.002844035562810099,0.0004898986758450352
2015-05-21,0.00024014476332223644,0.0016601286678172844,0.0011891521943707684,0.003637439735638237,0.00028304461942263437
2015-05-22,0.00022994258198472117,0.005398224820555297,0.001100154662519559,0.0009214212000587807,0.0005701273424341124
2015-05-24,0.0004428757851748788,,,,
2015-05-25,0.0002331671876318886,,,,
2015-05-26,0.0002331128333683541,-0.00643128115004965,0.0009759605506471924,-0.001575956580956106,-0.00017950083669193706
2015-05-27,0.0002296808449553378,-0.007488145083993314,0.0022386719351361606,0.0018133561926114705,0.0003187970278049068
2015-05-28,0.00022962810377835652,-0.0035928371977775875,0.002828890524496863,-0.00023037303977213597,0.0008437042137405815
2015-05-29,0.00023632760407688025,0.015156442285007454,0.005852431918410561,0.012159092779432612,0.0009150579830010663
2015-05-31,0.0004421657345183849,,,,
2015-06-01,0.0002361673414303933,,,,
2015-06-02,0.00022599251188992753,-0.017120150606786178,-0.010514164680963778,-0.01897344613667573,-0.0028726401520474676
2015-06-03,0.00022931371127365985,-0.011537250213712213,-0.008778558141625648,-0.014731588628276393,-0.0008288715769197985
2015-06-04,0.00022926113855126218,0.0018662054256508576,0.002841964324277857,0.003455614319728406,-0.0015474469224866505
2015-06-05,0.00022246716081331108,-0.0011423008275190938,0.0020694437266353116,-0.0038090838460407284,0.0010057595713244272
2015-06-07,0.00044483536036721283,,,,
2015-06-08,0.00022231878492684487,,,,
2015-06-09,0.0002256370880018288,-0.0045287533111169065,-0.009662722801044632,-0.0032282793867121073,0.0011422533803560064
2015-06-10,0.00022558618739143554,0.013195774182898523,0.012381118576040517,0.014074396903119846,-0.0009052096957270495
2015-06-11,0.00022216911108796644,-0.015145146417201771,-0.012322350446871022,-0.021054538713048188,-0.0016155712858233473
2015-06-12,0.0002221197629377336,-0.004383802758652688,0.0044132051475032075,0.0008694192537628265,-0.00036081164959056444
2015-06-14,0.00044750557699613225,,,,
2015-06-15,0.0002186079048618339,,,,
2015-06-16,0.00021856012589061002,0.0027113369638984697,0.0011027300725585665,0.003883178891965322,-0.0007510774685161037
2015-06-17,0.00022187409653540158,0.00965055929002534,0.0025875835098581046,0.008872000683118442,0.0018269777265098597
2015-06-18,0.00021846389632029783,0.013802823349367443,0.0030641477378614557,0.012204927676070065,0.0029263936876504637
2015-06-19,0.0002251366781251818,0.004709252067555125,0.0013804873833391795,0.002872289720798449,0.002137138343307754
2015-06-21,0.0004333745431088776,,,,
2015-06-22,0.00021827242413352543,,,,
2015-06-23,0.0002182247916793223,0.003927772106794958,0.00019908463880069505,0.004881961010117619,-0.0003248078915792929
2015-06-24,0.00022153375200972825,-0.0018441037624138401,-0.0005307866986565823,-0.0039005103815789033,-0.0011543196780600118
2015-06-25,0.0002181288571054818,0.006001246437056462,-0.0014561557915385714,0.004560881606087808,-0.0010803940260565303
2015-06-26,0.00022479148073850652,-7.861684664689506e-05,-0.00012009358721687402,-0.0002004221135124551,0.0005223645702880919
2015-06-28,0.0004360645509708938,,,,
2015-06-29,0.00022129012140781334,,,,
2015-06-30,0.0002648189677423307,0.00711494647880162,0.0023001787111669447,0.00638998791530776,0.0010382197255045522
2015-07-01,0.00022118258957881665,0.009108889619088512,0.005708214322585059,0.015104535061602586,0.0015067451959940303
2015-07-02,0.0002211336786592799,0.0024390472999840096,-0.00020958173473795139,0.003127468654418708,0.0009277616371399233
2015-07-03,0.00022443455890241992,9.370139240272302e-05,0.0038096256684492236,0.0027461765549214867,0.0008968400167677082
2015-07-05,0.0004320233091645864,,,,
2015-07-06,0.00022428730199131053,,,,
2015-07-07,0.00021754336643331484,0.0027067013440065235,0.0004938576455337795,-0.0003601584697267013,-0.00013493466913105934
2015-07-08,0.0002174960516101443,-0.012751456865595534,-0.010450997121295158,-0.010244195356285068,0.0002832344373089324
2015-07-09,0.00021744875736384728,-0.0036372904074332135,0.0011976150903802996,-0.0033853608422551584,0.0001707253495497607
2015-07-10,0.00022074612189215692,0.004594790044937458,0.003249235474006129,0.007686563529812895,0.00043298550164694305
2015-07-12,0.0004413948075918661,,,,
2015-07-13,0.0002172576073586896,,,,
2015-07-14,0.00022055211546234688,-0.0015877997321558368,0.001242074860532627,-0.001763106888852617,0.0012129609251514406
2015-07-15,0.00021716252108983092,0.00791739024891247,0.0008581776470213409,0.005310623639451562,0.00030974213966872277
2015-07-16,0.00021711537176849482,0.011264056913129483,0.008160553856471742,0.0109894903827088,8.57353806609229e-05
2015-07-17,0.00022040775434550852,0.0007205886843151266,-0.0009452352983280177,0.0008394757591567714,0.0004161554890076413
2015-07-19,0.000440718370944726,,,,
2015-07-20,0.0002169248071872687,,,,
2015-07-21,0.0002202143419594016,-0.01525903166416731,-0.013076011182652114,-0.00929137565722371,0.0003925906826252046
2015-07-22,0.00021683001194228169,0.005788362605320563,0.005376355597426219,0.013786575416250946,0.00045229982822592163
2015-07-23,0.00021678300688043883,-0.004847168022847792,0.00028963531506365214,0.0011954385814128,0.0007113853231899281
2015-07-24,0.00022007042253524567,-0.0003772919714124523,-0.0019353107994174445,-0.011651364333402303,-2.6574938836065876e-05
2015-07-26,0.0004400440044005638,,,,
2015-07-27,0.00021326082465300544,,,,
2015-07-28,0.00021654684407956815,3.1320471058915444e-06,0.001647919528382058,0.0002700023373336524,0.0016422228012553663
2015-07-29,0.00021649996169603725,0.008838609250158891,0.00464252553389044,0.008561195424897194,0.0005923517857127081
2015-07-30,0.00021645309960849346,0.004039080666743411,0.0003428537356151562,0.003183695643489859,4.139867921582052e-06
2015-07-31,0.00021307693076000334,0.003914608353638105,0.006171380886388356,0.00973978139247822,0.0006681719164114419
2015-08-02,0.0004360489306813875,,,,
2015-08-03,0.00021293868696692364,,,,
2015-08-04,0.00021621981238761911,0.010601174691466486,0.003501627114773642,-0.00045321447291157835,-0.0005879959510152188
2015-08-05,0.00021617307148669163,0.013406557906638694,-0.0009545302257369936,0.007373002980743504,0.00013157012811948476
2015-08-06,0.00020947630922685256,0.0036719374958649187,-0.002944365000020932,0.0069941839075060575,0.0009531374106432899
2015-08-07,0.0002194054113353605,0.0013663207917469222,0.00035749793751183034,-0.002067745884913652,0.00014052002327669122
2015-08-09,0.0004387145663204972,,,,
2015-08-10,0.00021593895239724326,,,,
2015-08-11,0.00020924949182266062,-0.0028505929233280103,-0.001297791214397992,-0.008218878419975262,0.00022126195268623583
2015-08-12,0.00021584716692291117,-0.011711814729442716,-0.007211783061425336,-0.015561734910906955,0.00028394505333051434
2015-08-13,0.00020916056891673307,0.0013458294511330404,0.0010420091987204394,0.0025806090237294743,0.0017238163925119565
2015-08-14,0.0002157554594428568,0.018877104213291585,0.0032166274897935665,0.018297111570478863,0.0006491286601011392
2015-08-16,0.00043473643688685115,,,,
2015-08-17,0.00020234655662543233,,,,
2015-08-18,0.00020893859195281195,0.002825532320751556,-0.0006852526418292815,0.0030016832969077534,
2015-08-19,0.0002055791529476103,0.008000951078880103,0.0019128049660748214,0.006842134088615337,
2015-08-20,0.0002088520101177771,-0.012351394065197918,-0.005793146119079551,-0.018925986222223967,0.0004111612179582558
2015-08-21,0.00021543723816108695,-0.007117203989694398,-0.00232521957446985,-0.007302970297029754,-0.0008984290232851855
2015-08-23,0.000424154259602183,,,,
2015-08-24,0.00020536261406722822,,,,
2015-08-25,0.00020863206906707177,0.0034431511719525965,0.0033533004067534122,0.017366599735122,0.0015549804308268023
2015-08-26,0.000208588550806299,-0.00958220684415989,0.0006581215331096235,-0.008700946941860743,0.000802625697358339
2015-08-27,0.00020854505069634044,0.02573101676834666,0.012015122365889752,0.016160940088027376,0.0009130256683593796
2015-08-28,0.00020850156872609382,0.0017752167178284317,0.010079776122867035,0.0055069660410709265,2.6297450462342553e-05
2015-08-30,99.04235339273836,,,,
2015-08-31,0.0002063853783897951,,,,
2015-09-01,0.00020756629919582714,-0.01938635562937252,-0.015541003478444115,-0.02503519795997189,0.001059761512583579
2015-09-02,0.00020643221490423969,0.0005581556484390848,-0.00434085286828656,-0.010653750963778963,3.857059033518517e-05
2015-09-03,0.00020738123152241883,0.010942083580462558,0.004397864470497614,0.011836281280677818,-0.0002035135631942575
2015-09-04,0.00020647900584713774,-0.019497158514309,-0.012078533891273113,-0.01896587674094996,-0.00030204933910293885
2015-09-06,0.0004333578063531185,,,,
2015-09-07,0.00020641301116652855,,,,
2015-09-08,0.00020508266224705807,0.005844694374604664,0.006560848018885679,0.01635518149831139,0.0007220293707419501
2015-09-09,0.0002057338743861603,0.01559740065048909,0.009360762367134345,0.019071187502174736,0.00045309743811161596
2015-09-10,0.00019674701047533993,-0.00024387739384912344,-0.001423979820171617,-0.0029874569486114666,-0.0005940108283908341
2015-09-11,0.0001970053016204787,-0.0002535659720884764,0.0024943864986237685,0.0004665836233428422,0.00024053676641400124
2015-09-13,0.0004281134472921,,,,
2015-09-14,0.0002049619659516555,,,,
2015-09-15,0.00020821714882379716,-0.002494298518412319,-0.007530063223904815,-0.009675040683482572,0.0002681358653449095
2015-09-16,0.00020487730618423683,0.001566831770232202,-0.0031637725508930625,0.006145024284827771,-5.6563960723288176e-05
2015-09-17,0.0002051649222758467,,,,
2015-09-18,0.00021230625653645419,,,,
2015-09-20,0.0004233693280173423,,,,
2015-09-21,0.00020920761816056732,,,,
2015-09-22,0.00020735305950791982,-0.016368533738517876,-0.0036782588230021007,-0.014695662062952586,-0.00016838594712997867
2015-09-23,0.0002075734076147917,0.004324596902886446,0.0009336458984825491,0.0036506959406312767,2.6161445550565432e-05
2015-09-24,0.0002073657799401829,0.0055389778154881775,-0.002216183534160976,0.0021296351509059175,0.0003809660842082341
2015-09-27,0.0006395715535234547,,,,
2015-09-28,0.00021014966661292434,,,,
2015-09-29,0.00028496238253272743,0.0029447532455957326,-0.002854074445091226,0.0023229551768408907,0.005303954569730429
2015-09-30,0.0002538887040002269,0.005050104271480338,0.0038555438149521226,0.008297848642442762,0.00311603155997342
2015-10-01,0.00022044103123564085,0.00023055009885242228,0.005806182592721809,-0.0037345297424066226,-0.0005287924663675003
2015-10-04,0.0006459348187610736,,,,
2015-10-05,0.00020866152136767013,,,,
2015-10-06,0.0002070753467724451,-0.00023686785890142392,0.0018632312738595669,0.0009750096245584317,-4.284206152771475e-05
2015-10-07,0.00020775441465836764,0.0019234486155532693,-0.0029104563631042746,0.003331870153215899,-0.0002796978939395567
2015-10-08,0.00020662857784792266,-0.004004418239238139,-0.0037214968687405703,-0.005933283889300811,0.0006509242720362796
2015-10-09,0.00021176857958482564,0.0015963362365201128,0.002139932387954735,0.005155546613685891,0.0004589869318016859
2015-10-11,0.00041590466397289916,,,,
2015-10-12,0.00020583344235824974,,,,
2015-10-13,0.0002044145546833409,-0.0026030029842351032,-0.0004573340769661316,-0.0026627763100692814,0.00033857710346074654
2015-10-14,0.00020601116798779628,0.0010213608536822072,-0.004644622749946925,-0.0016220498183051602,0.0005339468201890352
2015-10-15,0.00020383926772482575,0.0021032337218473973,0.0015830874240969628,0.009374475230898405,0.0005328545177989419
2015-10-16,0.0002099883027573135,0.004572428009244733,0.0038283296393311073,0.008892290159836724,0.00012184572878282118
2015-10-18,0.00041998667635256837,,,,
2015-10-19,0.00020334206364314156,,,,
2015-10-20,0.00020411890146920797,0.005721878812904091,0.0041338319754240516,0.0038941640883387585,0.00032495859398551374
2015-10-21,0.00021016324314571122,-0.0033926035685619693,-0.0016693380509313904,-0.0034457810641453923,-8.222086620490732e-05
2015-10-22,0.0002101190838375011,,,,
2015-10-23,0.00020399150241456887,,,,
2015-10-25,0.0004074092967407683,,,,
2015-10-26,0.00020984850408889422,,,,
2015-10-27,0.00020274563471867069,0.0003602820138519647,0.0010315535329596948,0.004171152881999651,0.00045048529919000657
2015-10-28,0.00020878175259242404,-0.0028160180821270586,-0.00474158895420751,-0.011458832099462746,0.0005791647300761316
2015-10-29,0.0002024335604202676,-0.005651054396458077,,-0.0085322889800582,-0.00045565715260975637
2015-10-30,0.00021209254080267748,0.0024204356157864204,,0.00040084846257903983,-2.0135374147467466e-05
2015-11-01,0.0004213196424749377,,,,
2015-11-02,0.00020148111631046461,,,,
2015-11-03,0.00020193001760859808,0.0004927608101363834,0.0012095548072483808,0.005443723890325769,9.897237705103201e-05
2015-11-04,0.00020156299081630635,-0.005078897010383665,-0.0003014609608056329,0.001425020712510383,-0.000451365925010494
2015-11-05,0.0002034469132730088,-0.015563564358933135,0.0003465596082525835,-0.013472930041696918,-0.0003469279170721373
2015-11-06,0.0002097323986136601,-0.004929295517511978,0.0014240015117363836,0.0038618457190537914,2.013041286663686e-05
2015-11-08,0.0004184964815319159,,,,
2015-11-09,0.00020291929356064387,,,,
2015-11-10,0.00020805924067346382,-0.012060025522154127,-0.0057475909511365275,-0.01879294505942153,0.0008168552522824779
2015-11-12,0.0004066817919410326,,,,
2015-11-13,0.00020838731761108065,,,,
2015-11-15,0.0004139203029063232,,,,
2015-11-16,0.00020275753502163596,,,,
2015-11-17,0.00020551476551688985,0.006991062432117667,0.002008639406345436,0.0017127342851344096,-0.00026424875044073204
2015-11-18,0.00020117830497579092,-0.0032129897047883382,-0.0013671910193343573,-0.012141732349948753,1.6871399763696004e-05
2015-11-19,0.0002030568463218252,0.015520298281751055,0.005225895360298161,0.013500403858235144,0.00022012788305270092
2015-11-20,0.0001802848969645332,0.0034276251179450323,0.00071799428297048,0.0024752057751991074,-0.0005759013016012338
2015-11-22,0.00042097909046145965,,,,
2015-11-23,0.00019983867308948078,,,,
2015-11-24,0.0002021057403585047,-0.004406841677873641,0.0008076837648833823,-0.0015500163822869117,0.0005560363287782089
2015-11-25,0.00021018648153958708,,,,
2015-11-26,0.00020741403514845658,,,,
2015-11-27,0.00020539018533671793,0.007161351273792027,0.0010334275795427228,0.007418167813021848,-0.0007565219905362186
2015-11-29,0.00038501534185009234,,,,
2015-11-30,0.00019799937228248687,,,,
2015-12-01,0.0001965649480373255,0.0026798908809981814,0.0002495260119725895,0.0018019289774260372,0.0015019057086076426
2015-12-02,0.00019908914041910641,-0.004127382996205187,-0.0003318759006866179,-0.006316129754193156,4.011913779189413e-06
2015-12-03,0.00019966576418117832,-0.005258460728479797,-0.000336442267843573,-0.003908025842185747,0.0013118905425930638
2015-12-04,0.0002009230201196477,-0.0066320273671981456,0.0007355186409396808,-0.007901149791061268,-0.0009680045643659652
2015-12-06,0.00040811990010203303,,,,
2015-12-07,0.0001973978548741595,,,,
2015-12-08,0.00019946500866629968,-0.005984240743380664,-0.006063509749303697,-0.006802405121016153,-0.0006646968974129974
2015-12-09,0.00019514905578166264,-0.009879496866005866,-0.0157231928865611,-0.014493000080776364,0.00017811925324706657
2015-12-10,0.0001968275939265851,0.005705049281354846,0.010186416895967332,0.007777988680287118,0.00016765898323267692
2015-12-11,0.0001979870154324992,-0.008752892808159829,-0.005864871202828303,-0.010538887295546973,0.00017966180269768373
2015-12-13,0.0004146414436112522,,,,
2015-12-14,0.0001960534676448411,,,,
2015-12-15,0.00021216087909992076,0.00795950519505717,0.0026784679799263245,0.008181822106894776,6.336947532470383e-05
2015-12-16,0.00020567831969020567,0.0051034559272202795,0.01298271689973629,0.004980600070233709,0.0014309364612878905
2015-12-17,0.00020427762389929605,0.015021605529457194,0.004820101725395265,0.01242175148826652,0.0006872136609745727
2015-12-18,0.00020986241465359434,-0.00567727490804415,-0.004311716873571236,-0.00961765102027079,-0.00047543657724080646
2015-12-20,0.00042367794941045034,,,,
2015-12-21,0.00020717657590729743,,,,
2015-12-22,0.00020606746224816064,-0.00012233518553106393,0.0018594861664484874,-0.0034827670331704086,0.0005591783762997071
2015-12-23,0.00021093497914748127,0.007749916286737157,0.0032758793354772386,0.007673670614653405,0.0009551962515954582
2015-12-24,,0.0008498646925949593,-0.000330511049938198,-0.0002848382286414486,
2015-12-27,,,,,
2015-12-28,0.0002018717994678454,,,,
2015-12-29,0.0002070897610388922,0.0038828791675917795,1.769997654754718e-05,0.00036609312077739986,-2.7178170493469267e-05
2015-12-30,0.0002074662028781482,-0.0026828543800994087,-0.0018562521848022318,-0.004137833521857703,0.0006634851355349358
2015-12-31,0.00025324846870611317,0.0057635335308374724,0.007270357555297924,0.004175905858378348,0.00017574692442878792
2016-01-01,0.0002228783156292824,0.005428070971319032,0.002882751244974502,0.0046700406289375,0.0010694717336783288
2016-01-03,0.0003905383982472088,,,,
2016-01-04,0.00020286149412385157,,,,
2016-01-05,0.00020942425243020146,-0.0018138039694035601,0.006081552917465816,0.0006044415889627786,0.0005459494140009902
2016-01-06,0.0002159185082839521,0.00029277265248839335,0.0009466951334158313,-0.0027415777801245156,0.00036801605888259203
2016-01-07,0.00020582535338786734,-0.01582100283460952,0.0012793532573036615,-0.02472085260678769,0.0006418004812707157
2016-01-08,0.00020752146515956582,0.005637517940495718,0.006883900745591642,0.004582175121612186,0.00039629235871951884
2016-01-10,0.00041389464171737167,,,,
2016-01-11,0.00020372475254459843,,,,
2016-01-12,0.00020213922747824853,-0.007440249842230462,-0.01004508197622156,-0.007403223704218642,-0.000531314550144435
2016-01-13,0.00020589334814613558,-0.0005347314604690068,-0.007673537176466905,0.005497535738359316,-0.0004074515892601438
2016-01-14,0.00020350371075150697,-0.007676196938655622,-0.006086059567308122,-0.010321170806453117,-0.00043946280448925457
2016-01-15,0.00020613055811913306,-0.013538081195611729,-0.013475820739616728,-0.021240284845899127,-0.0008195761620419795
2016-01-17,0.0004161294968509921,,,,
2016-01-18,0.0002020506551176915,,,,
2016-01-19,0.0001959710648931079,0.008900470059268306,0.010925569557390213,0.01561005961285944,0.0011458797336267867
2016-01-20,0.00020441098677093095,-0.01004075045662789,-0.014037002922480335,-0.01839730797471928,0.0007840053360119725
2016-01-21,0.00020013091830684004,-0.003707126755087442,0.0010034069703337423,-0.004217434202978487,0.001201729982168942
2016-01-22,0.0002031726521969368,0.01851902564594088,0.009120698316426923,0.022199588913570434,-0.0005473184177811063
2016-01-24,0.0004098253452053946,,,,
2016-01-25,0.0001981395924228746,,,,
2016-01-26,0.00020704949814165374,,,,
2016-01-27,0.00020264522734247947,,,,
2016-01-28,0.00020488062192902667,-0.004141770100206332,-0.0033476891896783156,-0.004276255080866154,-0.0003280576682486158
2016-01-29,0.00020262678166349524,0.021465353931535036,0.010494398750839684,0.010921896685005539,0.0008899398654917956
2016-01-31,0.00041725417650795293,,,,
2016-02-01,0.00020605726341593744,,,,
2016-02-02,0.00020470159625607387,-0.014150881861824338,-0.008056913623856188,-0.014722288182294818,-0.0014627761952421547
2016-02-03,0.00020334675453925755,-0.008773177630381879,-0.010533430713887126,-0.01333254514285187,-0.000495989953024023
2016-02-04,0.00020432994425867435,0.006230955869346744,-0.0015381511926976232,0.0056272208165690785,0.0007650306250823746
2016-02-05,0.00019126010769676682,0.012076285240464335,0.010726248774585834,0.014165772999330972,0.0006190262772283184
2016-02-07,0.00043483751632278356,,,,
2016-02-08,0.00020883090490109169,,,,
2016-02-09,0.00021473620661294213,-0.01375348706690227,-0.0051466348227623415,-0.019150973507820024,-0.00017942260851888658
2016-02-10,0.00021302732777361832,-0.008100716679107722,-0.001106762662163474,-0.012853888708102779,0.00017627861549818213
2016-02-11,0.00020943332317235885,-0.03219840779700256,-0.019272154067575986,-0.03173608985377563,-5.95430901434435e-05
2016-02-12,0.00021376839805009595,-0.0045714803785507074,-0.0008828448569045966,-0.010972442438450192,-0.00020881020264118533
2016-02-14,0.00042399415790517203,,,,
2016-02-15,0.000209096282417498,,,,
2016-02-16,0.0002100745199280496,-0.017116819015317586,-0.0110425701409822,-0.02538440456276647,-0.0012687229989211124
2016-02-17,0.00020977496414675834,0.006200071539286922,0.003301011892464123,0.005444742889834986,-0.0007254510006371451
2016-02-18,0.00020002652123118914,0.006977408809240027,0.002211944035039437,0.007749171798222543,0.0005659760061198504
2016-02-19,,0.00015920921475243155,-0.0021862843554848466,0.0028136125253608313,
2016-02-21,,,,,
2016-02-22,0.00020824570045507862,,,,
2016-02-23,0.00020453512473017632,-0.01248607773023036,-0.0070094799025607335,-0.0166732359184526,-0.002271819095061356
2016-02-24,0.00020015730106592855,-0.013782290786432116,-0.008573410404624338,-0.010600484869558446,-0.0006518228701268836
2016-02-25,0.00019845969647280803,-0.006776780498167767,-0.001975316703669794,-0.013657374640627551,-0.0024756684344691138
2016-02-26,0.00019395856979942394,0.0009018932628930276,-5.6081973150767794e-05,0.008655287940496859,0.0013797629432807934
2016-02-28,0.0004350316838994672,,,,
2016-02-29,0.0002266735640148454,,,,
2016-03-01,0.0002225145281640195,0.022872134317799775,0.017665316157547517,0.03280253523344623,0.0008017727734761504
2016-03-02,0.00022418413227764944,0.015124923106864863,0.007120973560878596,0.023799087106088246,5.937231587660463e-05
2016-03-03,0.00021821384772469088,0.012290774387258674,0.012227669967359356,0.015897466922937253,-0.0004899904218349516
2016-03-04,0.0002110064677571799,6.087682926425586e-05,0.0033354438967030386,-0.000393965908205951,0.0017835208062908503
2016-03-07,0.0006552832686776977,,,,
2016-03-08,0.0002039881657613929,,,,
2016-03-09,0.00021662964890323266,0.0010697468153029188,0.0014375359102329899,0.00440147727743101,0.00039962438466933925
2016-03-10,0.00020809739110450032,0.0003347840642784483,-0.0025559507979472373,-0.010211370796395336,0.0004223589735492528
2016-03-11,0.00022877053882819354,0.002244668911335568,-0.0026053591448105262,0.00298398364129282,0.00033379891574525367
2016-03-13,0.0004521314377505803,,,,
2016-03-14,0.0002606844341259684,,,,
2016-03-15,0.0002351579778787638,-0.012394123719313033,-0.008211390196946833,-0.005988051428413965,0.0012083265110771624
2016-03-16,0.00022574047588941326,4.08562099736276e-05,0.007094654631119024,0.005137816266520101,0.0014403795305715228
2016-03-17,0.00023305069418966262,0.0028189633160269345,0.0037643992796965176,0.0051528873621073945,0.002673274089497024
2016-03-18,0.00023585135343950903,0.00761153340824916,0.0015167906242956608,0.012340997148914568,0.00042987211891731825
2016-03-20,0.0004512943362593447,,,,
2016-03-21,0.0002267816801231337,,,,
2016-03-22,0.0002221981920400573,0.002003609809408724,0.006049495875343869,0.004725822355271525,2.8113073906821384e-05
2016-03-23,0.00015218668309180394,0.0002611052353251875,0.003333214819028596,-0.001140533132929611,7.49660895580373e-05
2016-03-27,0.0009146919254106045,,,,
2016-03-28,0.00019779323646518243,,,,
2016-03-29,0.00024025432781371592,-0.0014581159536612986,-0.0013957613878371466,0.0009927676205023772,-0.0005938728223688905
2016-03-30,0.0003113191169965557,0.011584834885122852,0.008388527938464563,0.02081398010151192,0.0002433050179320162
2016-03-31,0.0007106873428293081,0.004592122209383653,0.005050267939182174,-0.000720977363948494,0.002444932495382579
2016-04-01,,-0.0009392734966681138,-0.0010499108020696202,0.0019533226281867044,
2016-04-03,,,,,
2016-04-04,0.00026061918989017663,,,,
2016-04-05,0.0002610879836197899,-0.012723283410973174,-0.006004010107791169,-0.024261344729145096,0.00034950944682954344
2016-04-06,0.00021029929348514997,0.0030666453102683455,0.0030762326807649565,-0.0004487383720670479,0.0008304727729657735
2016-04-07,0.00023360623367318922,-0.006230975232455638,-0.0031607485583139416,-0.008031533533560453,0.0012315166076710682
2016-04-08,,0.0023968773642382146,0.0013172274046131527,0.0027290254256464586,
2016-04-10,,,,,
2016-04-11,0.00023294966260123395,,,,
2016-04-12,0.00021410996319581876,0.008517103721308983,0.0019809321324164575,0.008099241336887442,0.0006326974980670474
2016-04-13,0.0002246208034977215,0.015751417102382703,0.00876841054170674,0.016815603181832284,-0.0009738922842746911
2016-04-17,0.0009016840225088973,,,,
2016-04-18,0.00021656175540174516,,,,
2016-04-19,0.00021651486656204533,,,,
2016-04-20,0.00021860750730540168,,,,
2016-04-21,0.00021352668927909768,-0.003394964670547229,-0.001425358645711694,0.0038124054462933543,-0.0009594628857405585
2016-04-22,0.00022222414415318248,-0.0030330349668362677,-0.00045527024797931137,0.002872127872127983,0.0006163430415717652
2016-04-24,0.00044585879714764687,,,,
2016-04-25,0.00021333855637739596,,,,
2016-04-26,0.00021715796810894972,0.01345271055037367,0.0034541780997168203,0.010613753728015984,5.7022954821572824e-05
2016-04-27,0.00021532015128333803,0.0018201779729574152,-0.0016332182973204379,-0.005670891280790569,0.00015102516032938773
2016-04-28,0.00021979662122517674,-0.012388047744933073,-0.0063343953041368195,-0.01763953323081302,0.00031741311393829186
2016-04-29,0.00021629414647361678,0.00426982988816027,0.0036205712259866907,-0.0018548238575073484,0.0005499054609310328
2016-05-01,0.000435948174722256,,,,
2016-05-02,0.0002191657292078819,,,,
2016-05-03,0.00021958831974622228,-0.006584465693675545,-0.005089522837997018,-0.009264283540015072,-3.539101299065983e-05
2016-05-04,0.0002159328655813031,-0.003292945497530231,-0.005418293591078038,-0.010744644375871082,0.00048779774705143275
2016-05-05,0.0002165761814558742,0.003909851849196899,-0.006134342318963593,0.005905547253380439,0.0002683886606174024
2016-05-06,0.0002150243043621547,-0.001911611498229493,0.010853333571786195,0.0023268717893643043,0.00020758021437639051
2016-05-08,0.00044349808392718515,,,,
2016-05-09,0.00021243879263943555,,,,
2016-05-10,0.00021255030448563694,0.0030845355524853346,0.0015559362349835126,0.002271828448389579,0.0003486506681575907
2016-05-11,0.00021510468344398959,-0.0003587558858387796,0.004514574318347231,-0.0036389623257793158,0.0003063064584603037
2016-05-12,0.00021599781659964457,0.006049769608879929,0.005596165108561202,0.0069524811116929985,0.000532610497492092
2016-05-13,0.00021519981932471843,-0.007503997248109573,-0.0035482409784085567,-0.007035575540668693,-0.00013960159851511555
2016-05-15,0.000435127176575012,,,,
2016-05-16,0.00021640523775134923,,,,
2016-05-17,0.00021385607845636478,0.004326214434752451,0.000765953372588335,0.006532461750717422,0.00011730789873198866
2016-05-18,0.0002212532182570559,-0.0032465675965869245,0.00563805962036068,-0.00373551011828388,-0.00014412613183090173
2016-05-19,0.00021329407371695197,-0.010023201560368622,-0.00632860759822107,-0.013529908218166464,0.00045697636527441965
2016-05-20,0.0002232514545652542,-0.002002401594194958,-0.010914408063084191,-0.0048659198460017095,-0.00015864244980734465
2016-05-22,0.00042012033573990415,,,,
2016-05-23,0.000212486682095836,,,,
2016-05-24,0.0002081627273471387,-0.004843053386742846,-0.0009738044397532564,-0.0009878893743517914,0.00022056205030795972
2016-05-25,0.00021205384500211366,0.018166992082804034,0.009791743107099293,0.023296790230001196,0.00021591938397125254
2016-05-26,0.00020201877666337076,0.01625702370430404,0.0017642475024732818,0.019432487042080338,7.655062868039408e-07
2016-05-27,0.0002084390211456455,0.011667263216723622,0.00789017126325775,0.008815773599214038,0.00022123114750827177
2016-05-29,0.0004168535793220851,,,,
2016-05-30,0.0002032866304368941,,,,
2016-05-31,0.00022429650051303263,-0.003337690874196997,-0.004407173234304174,0.003261856742662994,8.260410986027367e-05
2016-06-01,0.00021701245439476047,0.004685314902154181,0.0026795951125233586,-0.0015257507628753109,-0.00015678188733270204
2016-06-02,0.00021596782827515426,0.001259228167205917,-0.0006011343143149661,0.00571221827313928,0.0003074936665483641
2016-06-03,0.00020881524463489676,-0.0027002367330835053,0.002937740816291168,-0.002209271321372719,0.00026840074448708506
2016-06-05,0.00040501700086736925,,,,
2016-06-06,0.00022494603568912197,,,,
2016-06-07,0.0002110380005420076,0.004375650862614933,-0.00013710346088302572,0.010836129458108967,6.109584563529502e-05
2016-06-08,0.0002150408613439403,0.00012922082916722033,0.004176787595441267,0.0059355378819589966,0.00016418505412008066
2016-06-09,0.00020245042205813135,-0.0053219797764768595,0.0006545821836601018,-0.004905999550595452,0.00026494354106576523
2016-06-10,0.00021398636810987526,-0.0028391430612642043,-0.0017740136245978366,-0.005523983959120016,0.00020457078301761022
2016-06-12,0.00042159612621928133,,,,
2016-06-13,0.00021058482494207276,,,,
2016-06-14,0.00021383649949924255,0.0019152068672956268,0.0016420932665477395,0.002973782422488913,0.0002640967357339097
2016-06-15,0.00021466124155589128,0.008166099014339512,0.004885632765441628,0.012725698477393133,0.0003113382048605118
2016-06-16,0.00020578813233740334,-0.005021168579713242,-0.004373530632001077,-0.004616770512724133,0.0005858659831565749
2016-06-17,0.00019822570745353651,0.0018156255528345433,0.00021486240125012657,0.003113071969363723,0.0002554038888480381
2016-06-19,0.0004153246726372739,,,,
2016-06-20,0.00019856997938050291,,,,
2016-06-21,0.00020489570640869204,-0.0003454764181497483,0.002355445934678846,-0.0028604166493685357,0.0005432567211829387
2016-06-22,0.0002028359281474046,-0.0026876245842050173,0.006185347589169554,-0.002797843329100491,0.0006518587111474794
2016-06-23,0.00020468804207784963,0.002834097033789451,0.00909795355402987,0.007857611069127746,0.000499990867746547
2016-06-24,0.00019387856964403483,-0.017249624370994976,-0.008530371802714876,-0.022751092607552037,0.00014756431408091686
2016-06-26,0.00043089908494819973,,,,
2016-06-27,0.0002063790252671005,,,,
2016-06-28,0.0002087238055423768,0.0069180603207408264,-0.00841499398928991,0.0007427601981819798,0.0003220286590315258
2016-06-29,0.00020626238515886186,0.010057760815038286,0.0020248951895232015,0.011500021085480538,0.0007068683152162691
2016-06-30,0.00025853411282006356,0.007781300935290947,0.005393840971193331,0.010026807639551771,0.0004840638296579325
2016-07-01,0.00023591104622955328,-1.218338430042376e-05,0.0005641621869758584,0.01343586695395893,0.001374895157608691
2016-07-03,0.00041359881429214873,,,,
2016-07-04,0.00020296729829905047,,,,
2016-07-05,0.00020478355817421523,-0.003653536611291641,0.003768209083119034,-0.00473296314992433,0.0017904005472599849
2016-07-06,0.00020115130103159906,,,,
2016-07-07,0.00021132266138934597,,,,
2016-07-08,0.00019998551466304804,-0.0018633616141406906,-0.0015717804625767773,-0.003300882139330663,0.00042788835962559446
2016-07-10,0.0003997673282385428,,,,
2016-07-11,0.00020128793980056514,,,,
2016-07-12,0.00020248397447542033,0.004452450956764942,-0.007678060923236418,0.008836803733337728,0.00250294874645296
2016-07-13,0.00020290659290034263,-0.0012896260084577227,-0.005695548225946978,-0.0019127421439519843,0.0022974748826454228
2016-07-14,0.00021581297247319498,0.005117117117117154,0.001969665006264165,0.007292773378771322,0.0005362988031909488
2016-07-15,0.00020421190609165585,0.002751685070988108,-0.005882340303484113,-0.0014169492604799716,0.0005480060003284493
2016-07-17,0.00039718982714664897,,,,
2016-07-18,0.0001967715813546711,,,,
2016-07-19,0.00019537460124019468,0.0005288633918967278,-0.0005358801017086856,0.004447555244475598,0.0009806528945743853
2016-07-20,0.0001982376264519914,0.009159133600312952,-1.3024309874376527e-05,0.009042873013534347,0.001018610408836329
2016-07-21,0.00019724175062285632,-0.003210781122382489,-0.0035079264811546107,-0.009135465336532422,0.0007843019973905463
2016-07-22,0.00019738796304880069,0.005682239883148865,0.002540000653516339,0.004767157985288151,0.0008053526817197731
2016-07-24,0.00039195277491899105,,,,
2016-07-25,0.00019332502046021105,,,,
2016-07-26,0.00019849747981570687,-0.005026065408981539,-0.0028197925669835033,-0.004831655566388315,0.00040417930348435327
2016-07-27,0.00019602320692846398,0.006422982942531075,0.0012221150825035831,0.006763323038183833,0.0001915721664278447
2016-07-28,0.00019823430030863065,0.014047968530682686,6.0598321859339777e-05,0.005232839880570994,0.00312791588537098
2016-07-29,0.00019271098949591448,0.0005928108731874104,-0.002702954205593411,-0.0054816248935749545,0.0009955534422745327
2016-07-31,0.00037219476256078465,,,,
2016-08-01,0.00019115496302846147,,,,
2016-08-02,0.00018976385329239065,-0.0020546980743312293,-0.007476769151773532,-0.001485364444776316,-0.0009068601301610579
2016-08-03,0.00021330532108132516,-0.013243373993572671,-0.0035908249511036328,-0.009283563881072654,-0.0008238857149638346
2016-08-04,0.00018830258437363412,0.0015087445902606245,0.00024098127575467032,-0.0005918664050272859,0.0009485095856616166
2016-08-05,0.00019211308704258911,0.009945044378267154,0.021619573478296017,0.01992869549318943,0.00053534818022416
2016-08-07,0.0003932886045603379,,,,
2016-08-08,0.0001970436139495657,,,,
2016-08-09,0.00019236251636978174,-0.0024782542522303608,-0.006387425871626218,-0.003330570827156598,0.002383761099595816
2016-08-10,0.00018411856571698415,-0.012603421175359841,-0.010248344193710679,-0.014865883032671445,0.0016489288611307718
2016-08-11,0.00020009604364235045,0.0005131374858595716,0.0001621600584640337,0.0007925531704107147,0.0018092131950868673
2016-08-12,0.00018450873282449543,0.003936893147299836,-0.000488563084086846,0.011447283497459937,-8.024789975069613e-05
2016-08-15,0.0005904111865702166,,,,
2016-08-16,0.00019194925171261978,,,,
2016-08-17,0.00018822887464686744,0.00030285028712517814,0.013401773457982769,0.0033683816563547797,
2016-08-18,0.00018975866092696414,0.004122174738288686,0.0006462478039344077,0.0035902038722914753,
2016-08-19,0.00019276043124816233,-0.0020729204114530164,0.0029554227302375224,0.006051314215361758,0.0009901697654903785
2016-08-21,0.0003855692782521736,,,,
2016-08-22,0.00019041032397471014,,,,
2016-08-23,0.0001894542451439385,0.0006008300788371557,-0.0022441420818436475,1.5478198956753175e-05,0.0002379929604185982
2016-08-24,0.00018966360047412145,0.004526838937227495,0.007574634640956868,0.005452111193660292,0.0011830518612809815
2016-08-25,0.00018892269956816143,-0.0025361414667833815,-0.0027695633726844138,-0.002674712612713237,0.0008711570496027221
2016-08-26,0.00019461736360115722,0.0005207363619437189,-0.003889012417473414,-0.002214967624427966,0.00032860495068720574
2016-08-28,0.0003774247834287259,,,,
2016-08-29,0.00018733958645933413,,,,
2016-08-30,0.0001779040586988856,0.012275214327982065,0.005082668486811492,0.01364501390697348,0.0006717050664182267
2016-08-31,0.00019281247269531399,0.004057478546334314,-0.0014777956926099733,0.005449901947370828,0.00028977639532823396
2016-09-01,0.00018264373360898922,0.0003728464532264386,-0.006039698613906297,-0.0007068393320178723,5.0604503800899536e-05
2016-09-02,0.0001864358037291236,0.002457002457002533,0.00323400373104632,0.0030071376966460672,-4.913522012572891e-05
2016-09-05,0.0005760012806963477,,,,
2016-09-06,0.0001866607072238402,,,,
2016-09-07,0.00018720678427830428,-0.003688625604501228,0.0014926743642253992,0.004960012446334483,0.0018814861470182187
2016-09-08,0.0001853070577992888,0.006056728513542442,0.0017207336679558871,-0.00039440025359571695,0.00044591327790866053
2016-09-09,0.00017708184943754368,-0.006257684317632517,-0.004223136572916175,-0.010302701785826152,0.000346342108551001
2016-09-11,0.00037750808423120397,,,,
2016-09-12,0.00018819407638615004,,,,
2016-09-13,0.000185287879705065,,,,
2016-09-14,0.0001901390940604042,,,,
2016-09-15,0.00018711112391955886,0.0030383339850255098,-0.0008218415722411887,-0.00039023872759447187,0.0005167301433468552
2016-09-16,0.00018145986829587457,0.00571463223064117,0.0038405740783917786,0.004343574466149747,0.000572711746288812
2016-09-18,0.000381805303404148,,,,
2016-09-19,0.00018636067437727277,,,,
2016-09-20,0.00018672245363426931,-0.0020888599888364556,-0.0019961922096990437,-0.00011673796469235942,-0.00011166750234825606
2016-09-21,0.00018321121691777797,7.784748812089681e-05,-2.795957475643096e-05,-0.001913219670007238,0.0007182555150198056
2016-09-22,0.0001845801487616594,0.009709997434115936,0.005002753019718531,0.013931392044918445,0.002385901952631997
2016-09-23,0.00019021598476354207,-0.0006738486752877471,-0.001040083891540089,-0.001726800766639891,0.0009896371888191702
2016-09-25,0.00037740329829083485,,,,
2016-09-26,0.00018191269853917724,,,,
2016-09-27,0.00018611362105591667,-9.207864667404309e-05,-0.0016041258807600878,-0.0020235973305096078,0.000831444566009143
2016-09-28,0.00018732763710316291,0.003246071189103805,0.004107459076577724,0.004361255437409506,0.0005900816980435319
2016-09-29,0.0001819030573628755,-0.015337396916457302,-0.01540771073765168,-0.02373800223319178,-0.0021568025131059043
2016-09-30,0.000245831945993924,0.0072244653021749095,0.005934932000576598,0.012635121864806864,0.0009859820650006679
2016-10-02,0.0004298186391786807,,,,
2016-10-03,0.00018661484205595436,,,,
2016-10-04,0.00018855715118881733,0.0023049313623759726,-0.0007904442167621095,0.006412368046717187,0.001874979655168696
2016-10-05,0.00018757884401376934,-0.0007891722177435501,0.001511200727439821,-0.002105239666286063,0.003076518746836676
2016-10-06,0.00018872949535508887,-0.0008265960096928149,-0.003444974844171167,-0.004271545024544743,-0.00024761241171589177
2016-10-07,0.00018756907679651214,-0.003102299384639684,0.00019815159027425366,0.0004267409345626305,-0.0008351788866778342
2016-10-09,0.0003737912345862515,,,,
2016-10-10,0.0001785311926443267,,,,
2016-10-12,0.00035924659918684654,,,,
2016-10-13,0.00018657352080819756,,,,
2016-10-14,0.00016741121239771672,0.0019249943806300962,0.004537982500391502,0.007725596562338177,-0.0008109599765707687
2016-10-16,0.0003919571557315926,,,,
2016-10-17,0.00018482618024773245,,,,
2016-10-18,0.00018394254682130295,0.014507271107176756,0.01066129296165208,0.01961766995083236,0.0007741075080507365
2016-10-19,0.00018363572157031882,-0.0022388316743015,0.002583951805996909,-0.0009793261640203,-6.116115532706079e-05
2016-10-20,0.00018375364262257499,0.0016023428150604424,0.002604913640526174,0.004916340215215698,-0.00034971928910576544
2016-10-21,0.00016980216985951202,0.0058591562240608575,-0.006461456953642419,0.0005303996914038933,3.743161531821748e-05
2016-10-23,0.00037907961930150336,,,,
2016-10-24,0.0001851949557998278,,,,
2016-10-25,0.00018461527274005185,0.0015738630196462378,0.002432085657078087,-0.0022251148715551894,-0.0005194648217272668
2016-10-26,0.000184641784184425,0.0035791184816551525,-0.010088938889006749,-0.013480815762184628,0.00011085756242934508
2016-10-27,0.00018375962314953753,-0.002398408638817684,-0.0011729211741219325,-0.005112613121745713,-0.0002821516075443009
2016-10-28,0.00018775347665700437,0.004802652568251187,0.0012365556772073738,0.0047791263514664895,5.039843563259261e-05
2016-10-31,0.0005555248579054428,,,,
2016-11-01,0.00018740218539470277,,,,
2016-11-02,0.00018564255711606137,-0.013935853793696218,-0.006064563086012664,-0.017727815660956492,-6.046275602211715e-05
2016-11-03,0.0001860920849701131,-0.005416285557814482,-0.005931420374881369,-0.006545681235713752,-0.00011085508864450144
2016-11-04,0.00018572478363410028,-0.016593921712206527,-0.012399442750886669,-0.003768907481649375,-0.000440589843252126
2016-11-06,0.000370866550180704,,,,
2016-11-07,0.0001846239782659076,,,,
2016-11-08,0.00018471078256454554,-0.0003451180420693811,-0.002600101743111649,0.0058094187891664095,0.0006816176290647125
2016-11-09,0.0001861572265624556,-0.013794858891613027,-0.008973682719176201,-0.0075025116605992315,0.003642408161180999
2016-11-10,0.0001856090118974585,0.0060608937370763005,0.00827635048793729,0.017935838962338524,0.0016597950482779567
2016-11-11,0.00018790029051896084,-0.02564563785304408,-0.012283173949462656,-0.029344928632195955,-0.0013279252813076514
2016-11-14,0.0005564379227451788,,,,
2016-11-15,0.00021054771622130986,,,,
2016-11-16,0.00019466132490175703,0.005083089566355836,0.00011085019839929267,-0.00159161537022956,0.004151994720943852
2016-11-17,0.00018635699646818438,-0.0037143560484487192,0.0018819825057059258,-0.0014985034892016635,0.0005707604923270715
2016-11-18,0.00018381867214034564,0.0018734850261945546,0.002946362653216683,-0.0018799318275251053,-0.0005952056573554909
2016-11-20,0.00037510936165952025,,,,
2016-11-21,0.0001901975860192362,,,,
2016-11-22,0.00018452499597843008,0.010605434609884057,0.003650492166604735,0.009100155018413547,0.0004232355619280259
2016-11-23,0.00018916199128349298,0.0030881765606769473,0.0068336922839251635,0.005588045240814132,0.0022384687184555663
2016-11-24,0.00024700600877225476,-0.0075587282776695686,0.0001083081366488603,-0.01014807869509693,0.0039500096221785075
2016-11-25,0.00015576392490634916,0.019389811661685963,0.010179862283068664,0.014432989690721598,-0.0010157980380826048
2016-11-27,0.00035786090017264627,,,,
2016-11-28,0.0001446948517747071,,,,
2016-11-29,0.00017935231058197054,0.0027805817546771028,-0.002287439208452091,0.0064222476657367356,-0.0007545918388853767
2016-11-30,0.00019078724826071536,0.01261687437471437,0.0021649387497142403,0.009950448050569438,0.0022535318222598466
2016-12-01,0.00017618650552808646,-0.0044734065585566585,-0.000881100615428676,-0.006750726833544274,0.0008846534031796693
2016-12-02,9.702841819447805e-05,-0.014595477086785658,-0.006938631164749909,-0.013213853581397594,-0.0007983581438839593
2016-12-04,0.0003657541264663333,,,,
2016-12-05,0.00018930584089260627,,,,
2016-12-06,0.00017673218816605107,0.0016542366148049048,0.00044790262281879656,0.0029126252650126805,0.0007149230371332749
2016-12-07,3.129392629386274e-05,-0.005676466213871412,-0.005565904448224024,-0.002683546131722392,-0.009096849792014972
2016-12-08,0.00017368938314166193,0.017036247600528354,0.01302888117678469,0.01653072059462324,-0.001045407733755277
2016-12-09,0.00020019800397097498,-0.003915789086652688,0.00342134589315668,0.004874613235841041,-0.00042878976565152715
2016-12-12,0.0005221955495224861,-0.007976179124127625,-0.0038281004831864918,-0.00996574398551009,
2016-12-13,0.0001825439070204382,0.0034697674418604496,0.0037735511819996237,0.006407120613747264,
2016-12-14,0.00018983743915601536,-0.006312979151409381,-0.0046318760322116015,-0.00558782849239281,0.0005982396480146424
2016-12-15,0.00017959380277088322,-0.0024877478418788845,-0.0011091308752072537,-0.001017342510610475,-0.003853017148470639
2016-12-16,0.0001449819974681521,0.0004457939496722574,0.0016230095746372353,-0.0017742063807781872,-0.0002830704703580267
2016-12-18,0.0003814304563503068,,,,
2016-12-19,0.00016914666437850556,,,,
2016-12-20,0.0001797066848547857,-0.005914090060178401,-0.0069822647331624355,-0.009025393141020244,0.0005554251130182042
2016-12-21,0.00017232667006528146,-0.0012493160390040225,-0.003955563797884087,-0.00207265146453961,0.00047713103166646675
2016-12-22,0.00016273158778434826,-0.009959528529536521,-0.007374895836408046,-0.011485769824850056,-0.0016050317923845814
2016-12-23,0.00013770122952538877,-0.002414972187836928,-0.0011826198346163164,-0.005985043510899124,-0.00098089177399463
2016-12-25,0.0004083105174357282,,,,
2016-12-26,0.0001740327131158903,,,,
2016-12-27,0.00017669874966319554,0.010173329397223707,0.005614514628442535,0.01569278939435592,-0.0008024112172535514
2016-12-28,0.00019005688287188072,0.007858237018815606,0.002594152825445617,0.0018938850469165658,0.00011675631035812373
2016-12-29,0.00017879022626599017,0.011047030333928065,0.005131375579598085,0.006894294306581283,0.002662302578518627
2016-12-30,0.00020283224357164897,0.004418433882643624,0.008542802859446974,0.010695274086716111,0.0015008459119698614
2017-01-01,0.00037211300703798855,,,,
2017-01-02,0.00018574789082470566,,,,
2017-01-03,0.00018290091563555322,0.0002535560452769925,0.004573910648452362,0.006400263563898001,-0.0010499053606435327
2017-01-04,0.00017718370995178923,-0.003958852965384341,0.00015506558824895933,-0.0026667837709440922,0.002288816659934856
2017-01-05,0.000174310945363354,0.006453599436959667,0.008736254106354036,0.007741542944748492,-0.00015613087987487173
2017-01-06,0.000180769736377151,0.0011457078101682061,-0.005372775265631624,-0.003928422474230864,-1.1957835266085404e-05
2017-01-08,0.0003476908724673322,,,,
2017-01-09,0.00017487593253462386,,,,
2017-01-10,0.00017616020771304974,0.004685663557478348,-0.00088702523990003,0.00975049729130717,0.00018917590335010281
2017-01-11,0.0001714682558748848,0.008481352536160669,0.0036229934535019215,0.009269457768303013,0.00023414000306565264
2017-01-12,0.00017484433611425487,0.001709153845441902,-0.0002613614025054334,0.004040633202035515,0.0012821963799041214
2017-01-13,0.00017851732594742487,-0.0013335756149691624,0.003356132091281383,0.0005687883250351522,-0.0006515101626459741
2017-01-15,0.00035747858122170406,,,,
2017-01-16,0.0001762126793605212,,,,
2017-01-17,0.00017480871249975216,-0.00016954534104829388,0.000466098576503704,-0.002293176146295983,0.0005698237902485026
2017-01-18,0.00018185045339658146,0.005472618408963514,0.00023851345929215562,0.006306095371887865,-0.0004150111863421291
2017-01-19,0.00017922170342310473,0.002241526813996364,0.00020725665728438258,0.005952473281732207,-0.0006203164527172067
2017-01-20,0.0001779665534444863,-0.008321911102408652,-0.008928014402466933,-0.01396239943564448,0.0002502488429507732
2017-01-22,0.00036350492835790504,,,,
2017-01-23,0.00017810874215484773,,,,
2017-01-24,0.0001797165022108249,0.012562613072748308,0.005373638618310084,0.007778391713425092,0.00043269973728943256
2017-01-25,0.0001649315671090612,0.017174372141782746,0.004471228615863021,0.008309104879282492,0.000551172698906699
2017-01-26,0.00018901127821924213,,,,
2017-01-27,0.00017827995416785924,,,,
2017-01-29,0.00035792615038654496,,,,
2017-01-30,0.00018101319568031293,,,,
2017-01-31,0.00018154609273102196,-0.008475003933232972,-0.007080068501250536,-0.010839387920197119,6.239379034544967e-05
2017-02-01,0.00018422184680000342,0.01732541360046458,0.006490942896023588,0.02266505404212027,0.00039747271844015053
2017-02-02,0.00017853341480966733,-0.00018834331454797848,0.010969794716266579,0.006960818177722539,0.0009936373574011004
2017-02-03,0.00018817199181886402,0.0023046968131605894,-0.002288934648314589,0.0010328036330824464,-6.090313042073081e-05
2017-02-05,0.0003704125046455342,,,,
2017-02-06,0.00017929403945893263,,,,
2017-02-07,0.00017721030307837893,0.0010598045054828198,-0.005797888035287135,-0.00325639306579828,-0.00017288770768397743
2017-02-08,0.00010797211132684836,-0.0012161724690050724,-0.0012347952297909748,0.0006947986192726852,-0.012550877679347705
2017-02-09,0.0001786162917796208,-0.002420706530943617,0.00014749102582167772,0.004029249916903677,-0.0046345333350349405
2017-02-10,0.00018402305970610655,0.0030237125804590814,-0.0001995172549895674,-0.001449270031376293,0.002134674681134374
2017-02-12,0.0003715440850993179,,,,
2017-02-13,0.00018706938286960906,,,,
2017-02-14,0.00018658893305789626,-0.0001311853911948324,-0.0003484214991212875,8.105817766490553e-05,-0.0006904679198802555
2017-02-15,0.00018293171394567764,-0.00988392943049321,-0.006178518930644361,-0.007537799522532307,0.00046631678690678413
2017-02-16,0.0001780593637092931,0.011139871197999973,0.009730563379361179,0.014206380435508814,0.0007993321136117171
2017-02-17,0.00019266048156585391,0.006497288670662238,0.003937126781954348,0.004622766852236282,-4.2596996910893026e-06
2017-02-19,0.00035705506019301225,,,,
2017-02-20,0.00017837481410531986,,,,
2017-02-21,0.000178995512773783,0.0011583946149058555,0.0036916488222697996,0.0046853621447418,
2017-02-22,0.00018189925118239358,-0.004740468693334665,-0.0019841100519708554,-0.0008272224831123998,
2017-02-23,0.00018785524164455225,0.0005668229285660242,0.0014044643582431515,-0.0011749776754240715,0.0007669966602203981
2017-02-26,0.0005471560601846281,,,,
2017-02-27,0.00018271026968585957,,,,
2017-02-28,0.00018152164727092135,0.001508208132722233,-0.0028155414469916984,0.001415304889333946,0.00012281593511920263
2017-03-01,0.0001739069296431417,0.005070952794671291,0.007182978504620685,0.006225788098525475,-0.0017703198145920807
2017-03-02,0.0001763048058398553,-0.007874923282168877,-0.0061703580339081965,-0.01073948290578286,0.0004550978424806562
2017-03-03,0.0001744973719255416,-0.004007922908474293,0.010232209737827569,0.0007317472741505959,0.0014272199560605436
2017-03-05,0.0003742129118728954,,,,
2017-03-06,0.00017046623506544734,,,,
2017-03-07,0.0001757032493712174,-0.0027562771380027495,0.0032925095934732695,-0.003949698261843548,-0.00035460136127107855
2017-03-08,0.0001763527106273255,0.003349293444704582,-0.0010630280934117442,-0.0016507217826344789,-0.00035401627195275065
2017-03-09,0.00016969698618685136,0.003866405810058371,-0.001673153472847022,-0.0014317796948928319,-0.00020764931728178837
2017-03-10,0.00016765748693137184,0.0026139406311627145,-0.002456945408952582,0.0001346492568816693,-0.0016522929743764125
2017-03-13,0.000537626159218707,,,,
2017-03-14,0.0001741285976186724,,,,
2017-03-15,0.00018591557601155273,0.005963238986306019,0.0005463470396396275,0.004980133209606219,0.003080864322352328
2017-03-16,0.00018035745986044738,0.008220646089200256,0.0055381940069054725,0.008894862370275813,0.0009277379449077472
2017-03-17,0.0001739164024696649,0.0026320942071551556,0.0016374782000270205,-0.0002614896428898561,1.701994879832469e-05
2017-03-19,0.00039976986436784934,,,,
2017-03-20,0.00018854489971875665,,,,
2017-03-21,0.00019750988228128818,-0.0010020346871008057,-0.002149630928100499,-0.002375095127692295,0.0008082658655854669
2017-03-22,0.00019331080302609216,-0.00448581673906201,-0.006360796181857142,-0.010193582265366707,0.0034529002165679668
2017-03-23,0.0001797926776563319,0.004892261103445428,0.004765525663664949,0.008581537149022767,0.0006353953323858796
2017-03-24,0.00017754837662375955,0.003665258308800823,0.0001626145077158192,0.004261368684804312,0.0003210236633244268
2017-03-26,0.0003701609847905907,,,,
2017-03-27,0.00017432661774963165,,,,
2017-03-28,0.00017323524842782767,0.002503497942959232,0.004533754290093617,0.00534892222943939,
2017-03-29,0.00018172111851932904,0.002480597785220029,-0.0017849997823171648,0.004399002986803069,
2017-03-30,0.000177268900511951,0.006327309564865935,0.007173535593530067,0.0035747929643012988,0.000911773913838898
2017-03-31,0.00028484069290102276,-0.0016117631203294014,-0.0004289137347250893,0.003586576955542764,0.0004667178837998165
2017-04-02,0.0004444251921706943,,,,
2017-04-03,0.00016845451270453005,,,,
2017-04-04,0.00017172226632422571,,,,
2017-04-05,0.00017610647906773913,,,,
2017-04-06,0.0001727510720010983,-0.0005760916529210514,-6.1416761862886915e-06,-0.002124443495656325,-0.0029595103049361304
2017-04-07,0.0001712505152664523,-0.0036189621653954784,-0.0035151075925914377,-0.0010765599768126632,-0.0004189126014544353
2017-04-09,0.00034435399437682257,,,,
2017-04-10,0.00018245155324758677,,,,
2017-04-11,0.00018315311715233484,0.006077245636324946,0.003966318067962327,0.009779984779037632,0.0012923015848993469
2017-04-12,0.0001811211620343922,-0.0021517206990653293,-0.0035055625539769375,-0.003471689362239072,0.0011521506695340022
2017-04-13,0.00016334093955383544,-0.003468101343515717,-0.0013297109466559043,-0.004859502209020206,0.0011571441009523564
2017-04-16,0.0005608621347934495,,,,
2017-04-17,0.00017529045290376466,,,,
2017-04-18,0.0001767862819717081,-0.001868012073602876,-0.0054950458535145685,-0.00701016836829782,0.00014583013453539628
2017-04-19,0.00017508199575622108,0.0013117021393367345,0.004761080689089647,-0.000392782534038294,0.001010147035628517
2017-04-20,0.000174669844061226,0.008627257529666643,0.002130386196573797,0.0036581379660474145,1.750741964445801e-05
2017-04-21,0.00017308425162765317,-0.0019372999527222934,-0.003148887761281971,-0.0020510688424626444,-0.0011526683291421813
2017-04-23,0.0003564349429807656,,,,
2017-04-24,0.00017357915316429384,,,,
2017-04-25,0.00017615856804442664,0.005603016967753671,0.007497672258001575,0.009046092156849372,0.0009200715035007079
2017-04-26,0.00016859345741293552,0.0017172800637694774,-0.002679479634943638,0.004259648000653149,-0.000901723355755113
2017-04-27,0.00017533577812733903,0.0007183121533609338,0.0005535571623809243,-0.0026628451789288965,2.1021829067491282e-05
2017-04-28,0.00017893891334375134,-0.0016597377507617805,-0.0026851921280299784,-0.00037026091505398817,-1.891924844343862e-05
2017-05-01,0.0005387424122420548,,,,
2017-05-02,0.00017664352125046356,,,,
2017-05-03,0.00017661232382759628,0.0003034117856848262,-0.0013556625293253965,0.00022742701968758716,0.00038044898585454234
2017-05-04,0.000174853967809252,0.0032540356161250283,0.007342302064704986,0.004880084977279431,4.202257452901037e-06
2017-05-05,0.0001770478389464536,-0.0048400271571935605,-0.0013536604309521971,-0.006740852062612768,0.0007500998031950701
2017-05-07,0.0003522771713739825,,,,
2017-05-08,0.00017604730447828842,,,,
2017-05-09,0.0001764842902072239,0.0033715423742786133,0.005646932461245147,0.0042672857220207305,3.775772267800015e-05
2017-05-10,0.000173470348004523,0.010531141598009164,0.003263923483112441,0.00953279530941975,
2017-05-11,0.00017928787627430331,0.0014082253999805339,0.00043893796873017976,0.0023899009993524345,
2017-05-12,0.0001720644607374755,-0.003768317848052094,-0.003005703690027395,-0.0032899337351403046,0.0007883800606940383
2017-05-14,0.0003538610339464121,,,,
2017-05-15,0.00017702862636737038,,,,
2017-05-16,0.00018070725418994904,0.0032733438003704762,0.00395425462399035,0.004616887740738873,-0.00019641740230325055
2017-05-17,0.0001782504225962267,-0.005613969305440558,-0.0020312813393478235,0.0014670539249461712,0.00017207315407996582
2017-05-18,0.000177751426063244,-0.01112897566289428,-0.009465767379357781,-0.014046626768584591,0.00021522857065248147
2017-05-19,0.00017745706651384197,-0.008007711129235484,-0.003431408628053245,-0.0017896075884704654,8.286954244862699e-05
2017-05-21,0.00034796198200082173,,,,
2017-05-22,0.00017809339739538466,,,,
2017-05-23,0.00018118352756379963,-0.007465271717092992,-0.01197229868134686,-0.010328884587986975,0.0005445445055598519
2017-05-24,0.00017840865026430563,-0.003254773261618271,-0.004676880217201584,-0.00973388832680333,0.0002856781415212506
2017-05-25,0.0001783768262955121,0.016595730820177623,0.013010339517787628,0.014499213154547386,0.0007567266326777844
2017-05-26,0.00017951142972538747,0.011969924330212933,0.007068202126484735,0.012713754646840103,0.0008387828760532123
2017-05-28,0.0003550516298658213,,,,
2017-05-29,0.000175859841396786,,,,
2017-05-30,0.00017530440563917615,0.0005003626967696739,-0.001216744647724366,0.0046051595215192975,0.00021160130152142465
2017-05-31,0.0001747492568131559,0.006750195149702876,0.003554497621652386,0.004277111448446114,0.0005764048567831193
2017-06-01,0.00017789384005206799,0.0026020721956758752,0.00964540989498075,0.0010298421683825332,0.0012831657800276286
2017-06-02,0.0001856092675904808,0.007644394110985164,0.004836945881971477,0.005654986111433891,0.0003967108310365397
2017-06-04,0.0003489901546922525,,,,
2017-06-05,0.00017829111128131458,,,,
2017-06-06,0.00016996481350028958,-0.0017420112453047087,-0.004307875218278134,-0.0040327629038529045,0.0002020189441189757
2017-06-07,0.0001829721113313365,0.005102716514883587,0.00018068053717112953,0.005984319693010054,0.0026326328888202077
2017-06-08,0.00017787640534061566,0.002922072889054217,-0.0003534415388058987,0.0031601550810755885,0.002627790000324204
2017-06-09,0.00018444777438797466,0.006739054832103353,0.001050878219910567,0.0006523306890446889,0.0007782202907007374
2017-06-11,0.0003542279755410771,,,,
2017-06-12,0.00017178915629867397,,,,
2017-06-13,0.00018277621903495245,0.0018714637666670253,-0.0023105996546882723,0.001944326356826842,0.0007297258855485378
2017-06-14,0.00017483791238070978,0.0006218030240607852,-0.0013127006746808112,-0.0006446583803945138,0.0001400711204246896
2017-06-15,0.00017649265964592153,-0.002521468282179362,0.002427543740193494,0.0014086314881796014,0.0002553880353453053
2017-06-16,0.00017326580150567317,0.0015613142728223561,0.001204926021086239,0.0020080915242761677,-0.00012422965602110203
2017-06-18,0.00034894055889211906,,,,
2017-06-19,0.00017668880817955923,,,,
2017-06-20,0.0001737544296853688,-0.003667030570463803,0.005776122356610847,0.00030355155317218774,0.00018796193016323848
2017-06-21,0.00017575610683540077,-0.0011851246424192663,-0.0033078459065893906,-0.0004144015975671156,0.0005987588613567407
2017-06-22,0.00017624760917200888,0.0006316230923446575,-0.0029748234553688135,-4.243664698255767e-05,-0.00010555977870829736
2017-06-23,0.00017987261687646416,-0.008103694579392307,-0.0073808333578381236,-0.00588588627801756,5.3470986848269675e-05
2017-06-26,0.0005363875988022571,,,,
2017-06-27,0.00017826507947726888,,,,
2017-06-28,0.00016973910389461722,-0.0015718817633134652,0.0019116456897272371,-0.0005829841501183708,-0.0006564121116942045
2017-06-29,0.00016750739689053162,-0.0006869919122316492,0.006770508991864821,0.003496630971201675,-1.0284602373178409e-05
2017-06-30,0.00019451831619488047,0.0050440081245768376,0.008703144514884631,0.0062687020682092864,-5.62230712057854e-05
2017-07-02,0.00038896097235596727,,,,
2017-07-03,0.00017916992364330753,,,,
2017-07-04,0.0001888679132180382,0.0003561869413608587,-0.0015574115897054597,-0.001976709348825767,0.0006308940365753468
2017-07-05,0.00018020421909503703,0.0031297168290007615,0.005488617245772209,0.0032107651997428377,0.0006284380570011905
2017-07-06,0.00018274811479668251,0.005077317201148235,0.0015919470305256755,0.005626876303044703,0.0005985609853425
2017-07-07,0.00019333666347054468,-0.0019705089031174516,-0.0030050212437234824,-0.00013584188005155706,0.0003542622129670825
2017-07-09,0.000348633213407723,,,,
2017-07-10,0.00018715726825258017,,,,
2017-07-11,0.00017468599252890016,-0.002798028153250476,-0.0022237463654015688,-0.0020540065946108577,0.00045266721506398433
2017-07-12,0.00018393766973789916,0.0026961947178050227,0.0028076616244936403,0.003737573531300553,0.0004914206430843837
2017-07-13,0.0001871418920060819,0.007016187091538617,0.007907023444952088,0.007559277789862984,0.0005082578233448487
2017-07-14,0.0001789265511131788,-0.0020487610174586557,-0.004003915791328971,0.0026511387196428426,0.000159774076724295
2017-07-16,0.00034660456280510843,,,,
2017-07-17,0.00017727246778309613,,,,
2017-07-18,0.00017848312166068858,-0.002926041771768695,-0.010300024167654631,-0.00735602730345275,0.00044197659024614033
2017-07-19,0.000186999835007029,0.007999392835458474,0.0032733319379520953,0.007614003408021652,0.0005992681974025249
2017-07-20,0.00017607904141403452,-0.0017894699855939278,-0.00277393046243124,-0.0026439751756602847,0.00033318161873130414
2017-07-21,0.0001836696703576557,0.004291867075320255,0.0010421489188190414,0.0008066837704714391,0.0011333937719195664
2017-07-23,0.0003496645396801057,,,,
2017-07-24,0.00017832025093644788,,,,
2017-07-25,0.000171797373839766,0.0007841296161259503,0.0027966572086217667,0.001323294403001718,3.058461471550089e-05
2017-07-26,0.00018171915143616602,0.0016344028066812566,0.00065802333660403,0.004377816958047953,-0.0002555436316963311
2017-07-27,0.00016977560003073044,0.0050023292718472945,-0.001379006225835977,-0.0013032241451320647,0.00048334564924323864
2017-07-28,0.00017234185681114234,0.004511416113687661,0.0007011074398732831,0.0006225906057995001,-7.06661919348539e-05
2017-07-30,0.0003476513869862252,,,,
2017-07-31,0.0001725116491473333,,,,
2017-08-01,0.00016948521559889684,0.0020267700499330132,-3.101135790994913e-05,0.0016472460105760867,0.0004572069884052343
2017-08-02,0.00017418122579915263,-0.0016773962891586391,0.0005892340732356338,-0.0029464622208101865,0.0004787275218756104
2017-08-03,0.00017717534511896282,-0.008288241440716604,-0.001479966216477946,-0.01055863949743363,0.001936391605847465
2017-08-04,0.0001725936839120923,0.004783493731248756,0.0049508792078594155,0.002633099385294546,0.0001917068822092638
2017-08-06,0.000344494327591649,,,,
2017-08-07,0.00017233176769626546,,,,
2017-08-08,0.0001722157364720811,-0.0070459034989927005,-0.0025288947864382516,-0.008364539621008249,0.00015980271136450952
2017-08-09,0.00017512107337536165,-0.013659977840699278,-0.005994119631753891,-0.011806603221592882,0.00012660310333312275
2017-08-10,0.0001706886971026833,-0.01676726526577499,-0.013930321239181809,-0.010814668774764225,-0.0003384681203647544
2017-08-11,0.0001734784849571902,-0.0015486753747920856,-0.0024056618618997216,-0.007927083771479992,-0.00012392127545457488
2017-08-13,0.0003414324904822408,,,,
2017-08-14,0.00017295794979976797,,,,
2017-08-15,0.00017103089113978953,,,,
2017-08-16,0.00016378796175442467,,,,
2017-08-17,0.0001780999374552117,-0.0031194062920890664,-1.9437517128073623e-06,0.00015276553354959255,
2017-08-18,0.00017051224694508704,-0.002682143517154234,-0.0010554592316723843,-0.009816868466691053,
2017-08-20,0.000342431332550186,,,,
2017-08-21,0.00016919006430482497,,,,
2017-08-22,0.0001730373425321563,-0.0005233678722580404,-0.0016597721283401201,0.0012225733869184463,-8.113425691069764e-06
2017-08-23,0.0001741269161317227,0.00660342683362769,0.004648822030794975,0.010375936919499562,8.654390953988234e-05
2017-08-24,0.0001674955101818032,0.00240595636765617,-0.003282388736962516,0.003252774661785418,0.00020552399830697787
2017-08-27,0.0005074241085594178,,,,
2017-08-28,0.0001676406555290999,,,,
2017-08-29,0.00017400735585404448,-0.01161422092983011,-0.006825971743470882,-0.011356484924766819,0.0004803333554022071
2017-08-30,0.00016766940982582135,0.00928647731792931,0.007841862941618594,0.00953547511806807,0.00010668949911996073
2017-08-31,0.0001769578923060955,0.0034850892217541674,0.010026143333838444,0.00040125471713148286,0.0004854529532620777
2017-09-01,0.0001728280090746992,0.005626928235669126,0.0076343804806005,0.008117374045412795,0.0012012336264433099
2017-09-03,0.00034639866887542503,,,,
2017-09-04,0.00017580348235846088,,,,
2017-09-05,0.0001696146690968181,0.00581353744870583,0.008273373043484966,0.0038936127573077073,2.8293898151288133e-05
2017-09-06,0.00017164773954903012,0.0015504750783210675,-0.001353677680623,-0.0057448864806629585,0.00034490633300565676
2017-09-07,0.00016952816911941504,0.011015336228625161,0.0033716952260895994,0.003521665413102504,-0.00010235876342523653
2017-09-08,0.00016600696147150984,0.0028903974841669733,0.005371664705192236,-0.0020484189064301495,-7.745041321483015e-05
2017-09-10,0.00033459204628627504,,,,
2017-09-11,0.0001711027535269416,,,,
2017-09-12,0.00017576512972583558,0.0070169970992255415,0.006993006993007089,0.01451886694041682,-0.00022422234237606808
2017-09-13,0.0001683261739651165,-0.0036185565292328192,-0.007240865026099885,-0.003181279990029262,-0.00023841594827578305
2017-09-14,0.00016884120256110968,0.000499358479656431,0.0017558157876946812,0.007145558719550804,0.00012462561790727023
2017-09-15,0.0001787916350333152,0.0023450970277925087,0.0012709695923336373,-0.001244549277633844,-0.000179169099931209
2017-09-17,0.00034791383915200313,,,,
2017-09-18,0.00017175307737371526,,,,
2017-09-19,0.00017023778858882288,0.0006986316293036143,0.004944357336087668,0.0005324731209424005,0.0002903400953608859
2017-09-20,0.00017652236541798594,-0.0018980047284455903,-0.0025546314522068014,0.0021658884938720036,0.00030035753321611125
2017-09-21,0.0001709499751529897,-0.000711326932971712,-0.003965449256385312,-0.001231888308793172,-0.0016837861692552414
2017-09-22,0.0001624104161765949,-0.01392345894027014,-0.022062997654581085,-0.01827236362961926,-0.00013015547172245956
2017-09-24,0.0003413576996391665,,,,
2017-09-25,0.0001815671571987476,,,,
2017-09-26,0.0001903811704431213,0.0021647132242526013,0.00487536670985822,0.00366477952316413,-0.000505938205475509
2017-09-27,0.00016865970546153797,-0.01573567759009875,-0.008741118266239689,-0.01764047871765706,9.908197516894646e-05
2017-09-28,0.00017062825088043354,0.004831514821999949,0.0057977391905168485,0.004616285426836564,0.0007197895626469553
2017-09-29,0.00018243640047743703,0.006362674930519896,0.004004705096740446,0.004633714377716869,5.0510662801039885e-05
2017-10-02,0.0005102496381810262,,,,
2017-10-03,0.00018467591258586324,,,,
2017-10-04,0.00016512033778703916,0.0030529221870023715,0.003584677587428642,0.0037507681433059936,-0.0005742315282694088
2017-10-05,0.00017193158957740096,-2.6698510708578205e-05,0.0028035054201105414,-0.0013227723023533366,-0.00038214392159041655
2017-10-06,0.00016865429936840926,0.0051408141321416245,0.009407374915047617,0.010856652796747523,-2.6248785993776558e-05
2017-10-08,0.0003410685889102538,,,,
2017-10-09,0.00017195681847947952,,,,
2017-10-10,0.00016594866136587783,0.0046689866900115895,0.000615528806190202,0.002688560426651998,0.00026444826200977545
2017-10-11,0.00017645309077551907,-0.002527683293045646,-0.007145777579542156,-0.005246803365472008,0.0003040687356794525
2017-10-12,0.0001732629288566656,0.01020855092483397,0.004750718316845592,0.008609206876029285,0.0001950290458774262
2017-10-13,0.00017721658812153152,0.005288534837627479,0.00045084234862780015,0.0022478855826240096,0.0008384613729519597
2017-10-15,0.0003476846792138666,,,,
2017-10-16,0.0001779768013581151,,,,
2017-10-17,0.00016753798551327748,-0.0010948775372364716,0.004034781187856051,0.00012074602466949358,0.00011278521063640135
2017-10-18,0.00017077937828924306,-0.001710545357921478,-0.001984317786736578,-0.007460584278289106,0.0001396230847976465
2017-10-22,0.000680670003729178,,,,
2017-10-23,0.00017387234156895914,,,,
2017-10-24,0.000165804650993584,-0.0009340837856434137,0.004993880685437491,0.006054490413723412,0.0003844866030240368
2017-10-25,0.00017781716397369252,-0.004005251063483706,0.000794607020630167,0.023556738326434346,-7.713606533610307e-05
2017-10-26,0.00016489595627300346,-0.0006602228912480079,0.0030244950865803144,0.003940937512324938,0.00022270564552107075
2017-10-27,0.00017293053500755384,0.005734520757908035,0.004219316073164281,-0.0012389851200907964,4.76162053373308e-05
2017-10-29,0.000343899704008388,,,,
2017-10-30,0.00016920960078925518,,,,
2017-10-31,0.0001680746595298377,-0.0007956523283486616,0.00523613626343189,-0.00017746389061013002,0.00037891616563667796
2017-11-01,0.00016915254348814912,0.0056308788294596734,0.00741637547303875,0.012725516917717394,0.00014212354021680973
2017-11-02,0.00017085374125747066,0.0001249013161770396,0.0013942760918530528,0.005448069559431223,0.000369334634606755
2017-11-03,0.0001674222404499659,7.540269753159023e-05,0.006354436337961733,0.003279492535461559,0.0003430662754460023
2017-11-05,0.0003393240902243022,,,,
2017-11-06,0.00017252333514150564,,,,
2017-11-07,0.00017776358338750242,-0.005306221550661294,-0.010491200671436829,-0.011499967638873398,-0.000334149398932726
2017-11-08,0.00017124479983787744,-0.0034552383119099694,-0.008727099639606828,-0.005199327390961295,7.971356704805643e-05
2017-11-09,0.00017175362633392588,0.003593255808423068,0.002523661583841319,0.0008287011829184454,0.00025854608684472424
2017-11-10,0.00017135598998763157,-0.0009383419308517382,-0.004312556833016679,0.005703439102037189,5.959754913442694e-05
2017-11-12,0.00034489005224513924,,,,
2017-11-13,0.0001702203152993409,,,,
2017-11-14,0.0001693423694919538,-0.0041610895183015195,0.0012182885322444825,-0.004185789245511495,-0.0012965662748185558
2017-11-15,0.00017389739052342534,-0.006437824796287184,-0.009632593670425571,-0.005302268326002446,0.000431632785056868
2017-11-16,0.00017259412879533365,0.009906194989028005,0.0023085229860568823,0.0089013247851637,-0.0008695925978776664
2017-11-17,0.00016931161619093693,0.007710160984531811,0.004864766811846222,0.008344103779229783,0.0005847031726180507
2017-11-19,0.00034020613833685154,,,,
2017-11-20,0.0001757557979906732,,,,
2017-11-21,0.00016973268529452135,0.0001274038631682295,0.0043588178885887174,0.004520838658669479,4.2789987410252195e-05
2017-11-22,0.00017055169389346148,0.0004906782919675834,0.008560454821630037,0.002654136695437126,-0.0009640706512690222
2017-11-23,0.00017026831047628477,-0.0015326176401931901,0.004704684244686508,0.0011391134981997286,-0.0004804928598627356
2017-11-24,0.0001716236133413318,0.005889562439044038,0.005253709182927002,0.003077412850851724,8.503054069386451e-05
2017-11-26,0.0003462671363252401,,,,
2017-11-27,0.0001676946469943985,,,,
2017-11-28,0.00017336928136857388,0.004484378439389314,-0.0014549532285766942,-0.00021399403748123547,0.00016062848572184762
2017-11-29,0.00017156095716353015,2.5643835105393364e-05,-0.003150476569552141,0.0010438107301395938,0.0002449190997417805
2017-11-30,0.00016859647162648095,-0.006872371574304648,-0.00512656885306384,-0.010433081244471398,0.00011774646643525344
2017-12-01,,-0.004274487343198352,-0.003913115926059363,-0.010741389720942962,
2017-12-03,,,,,
2017-12-04,0.0001728530322240296,,,,
2017-12-05,0.00016594294207727955,-0.00405241978259796,-0.0003229284587880077,0.0009534569539590976,0.00020792884153530977
2017-12-06,0.00017242797706518154,-0.006177924217462993,-0.00720363088839393,-0.009716594354581054,0.0004151027897447701
2017-12-07,0.000178881507434836,0.00910775445265366,0.007566815195090282,0.013511761353528273,3.407642205588424e-05
2017-12-08,0.00017600302843590043,0.010245795235150679,0.010714202418051322,0.007711577481717802,9.35399318624519e-06
2017-12-10,0.00035039431970651513,,,,
2017-12-11,0.00017126266555012037,,,,
2017-12-12,0.00016847332860492337,-0.004712699448172986,-0.008623958551132405,-0.004345794804439196,-0.00034893934471591503
2017-12-13,0.00016974024729932147,-0.006120530601486873,-0.006693583989733631,-0.006247602183857226,-0.000346386347830796
2017-12-14,0.00016557282369156212,5.163143603459375e-05,0.00011695990614413176,0.004579295762518143,0.00010301540816182175
2017-12-15,0.00016281494198677748,0.010823267678746973,0.007103133978996423,0.005666986918926753,-0.00014915629707124012
2017-12-17,0.0003430546794371825,,,,
2017-12-18,0.000169541271848761,,,,
2017-12-19,0.00016883740788853352,0.00704184968976862,0.011159318289130304,0.007035351767588294,0.00019929217838376978
2017-12-20,0.0001488398423670212,-0.0016012390811667165,-0.000808813423131105,-0.0005242547472570358,-0.0007461938098008991
2017-12-21,0.00015348582103724695,0.002103428451493583,0.001740621015485777,0.0030573418224075777,-0.0005185771047203636
2017-12-22,0.00018332245863761365,0.0038087302562981318,0.003498079313270841,0.0026059874149877427,-0.0006065479055685774
2017-12-25,0.0005262807828998461,,,,
2017-12-26,0.00016450794129418966,,,,
2017-12-27,0.00017897655078491503,-0.003493198350648208,-0.0013932873283455383,-0.0026225933258730016,0.00019626704107000847
2017-12-28,0.00018633149766555945,-0.0018562244939741568,-0.002887401719285032,-0.0021576773035362207,-0.0013689116415754876
2017-12-29,0.00021979875397959425,0.009551353051373557,0.005737707764047473,0.003278111899805536,0.0023016364286274626
2017-12-31,0.00035712607173610245,,,,
2018-01-01,0.00019177447209806076,,,,
2018-01-02,0.00017316162113290012,-0.004409096997863404,-0.005403711437307668,-0.002772467091393116,0.0001003589505128577
2018-01-03,0.00017206552529036578,0.0016556027100800286,0.004298061607290515,0.0029857921471638793,0.00015119231193794214
2018-01-04,0.00016471464940170932,0.004177699055407436,0.004309134463715392,0.009459104387973483,-0.0003003322383582363
2018-01-05,0.0001772522386018771,0.012406137773424808,0.005790472903003163,0.006913437583128346,0.0010484677116104901
2018-01-07,0.0003565167056005514,,,,
2018-01-08,0.00017628869658126156,,,,
2018-01-09,0.00017362314881164131,-0.002008345792515631,0.0008997801673455985,-0.0030294474716958675,-0.00016971462552550776
2018-01-10,0.00017227599993852039,0.001679225454464195,-0.0031072397835659737,-0.0038202635387138972,-0.0009736857581249536
2018-01-11,0.00017558030664144297,0.002234469765458824,0.0038479077321937893,0.002470378203816237,-0.00010033988463575838
2018-01-12,0.00017064743164985074,0.0036081624653103717,-9.697736854474837e-05,0.001579527956510507,8.161796237415864e-05
2018-01-14,0.0003531395842670815,,,,
2018-01-15,0.00018142094426965016,,,,
2018-01-16,0.0001762375121823201,-0.007365401442068098,-0.010349367604712612,-0.002658192090395417,-0.0010755282889340911
2018-01-17,0.00017273606396805974,0.005460712771417686,0.005560104575971225,0.01243701477656689,0.0014407119914348065
2018-01-18,0.00017785495894528935,0.004214783035220826,-0.009017006326585753,-0.004848230521751207,-0.00033142828887444686
2018-01-19,0.00017298326980674794,0.01466661951659387,0.0049474590869940105,0.00792202790420471,0.0001270005086702053
2018-01-21,0.0003639489018090192,,,,
2018-01-22,0.00017714068647545211,,,,
2018-01-23,0.0001781437322452284,-0.003168876435658219,0.00127930968517731,0.011738844068465593,0.0007461878950554279
2018-01-24,0.00017744114770779085,-0.006890281307510238,-0.0037784385069795645,0.0007224183159137976,-0.00015286447329521113
2018-01-25,0.00017824808791333524,-0.004520235166944331,-0.0053646709109153035,-0.006302186551309652,-0.00022165399277618292
2018-01-28,0.0005401815492849238,,,,
2018-01-29,0.00018222541213663845,,,,
2018-01-30,0.00018766495899269486,-0.009229750606929987,-0.005768662714414341,-0.005308105740792768,-0.00021372316438528216
2018-01-31,0.00018165552250382078,4.455156621019363e-05,-0.0011590447812755977,-0.00557329721836719,0.0002738913412927424
2018-02-01,0.00017020657546118478,-8.909916291321984e-06,0.002958907331380267,0.0014123423024541282,-0.0020335872479052552
2018-02-02,0.00018309860609244666,-0.027304681757229332,-0.023235884924090233,-0.026262179662970953,0.0003058269742066688
2018-02-04,0.00036724625465756056,,,,
2018-02-05,0.00017365413997216805,,,,
2018-02-06,0.00018193429282931106,-0.015988071653687763,-0.0091799113590314,-0.015669667711888047,0.00046140914352421625
2018-02-07,0.00018909471643380193,-0.0011045890008425374,0.00749040197117723,0.00024910249835152776,0.0009772015274289725
2018-02-08,0.00017735080273117987,0.015493160751289592,0.008122552792149795,0.016826345550965405,0.0009535441057553218
2018-02-09,0.00019033540951007843,-0.004702449648188889,-0.004797241189631207,-0.007969964241772876,7.938631046444655e-05
2018-02-11,0.0003705943640843756,,,,
2018-02-12,0.0001789191511627486,,,,
2018-02-13,0.00018189505571575282,,,,
2018-02-14,0.0001839782690113978,,,,
2018-02-15,0.00018280295281059011,-0.0015086341539037873,-0.0035286382743594524,-0.0010730580992622807,-0.0006503453960410299
2018-02-16,0.00018324274976810884,-0.004776062679739734,-0.0069313567560549405,-0.008325861406430213,0.0001666927818690933
2018-02-19,0.0005523271072269686,-0.0054067143848406385,-0.005187975770598152,-0.010911556797632671,
2018-02-20,0.0001732336151540892,-0.0018588579027213337,-0.0020870782325733694,-0.002012281446349462,
2018-02-21,0.00018719227714347753,0.001789609475782994,5.517850245539968e-05,0.0019181984993441592,-0.0002620531094303935
2018-02-22,0.00017536781013882674,-0.004638116844956852,-0.002041491944383078,-0.004108068317413505,-0.0007636881937806983
2018-02-23,0.0001819257541648689,0.014691907454625897,0.01098989293682684,0.013290056450699472,0.0008897592910761531
2018-02-25,0.0003669539944424205,,,,
2018-02-26,0.00018629934862746111,,,,
2018-02-27,0.00018490342948918048,0.00240202797170741,-0.0015308764661422503,-0.0028476645357811137,-0.06229123914443546
2018-02-28,0.00018520254445175688,-0.0025837666287104044,-0.0012686330478909325,-0.0038272359924040877,-5.5457201970865455e-05
2018-03-01,0.00019735914195906368,-0.003335503512021498,-0.0037317819039280886,-0.0033073581375402394,-0.0001201639348924477
2018-03-04,0.0005824097108080295,,,,
2018-03-05,0.00018014029799240383,,,,
2018-03-06,0.00019309159874270065,-0.008368394606622975,-0.006962486449984984,-0.008966016769551333,0.00030911022444257696
2018-03-07,0.00023560393785304612,-0.007929965977737208,-0.009779675454356762,-0.013194738947488904,0.0014939262626978422
2018-03-08,0.00017853318433580512,0.003231706025378145,0.004543261280896216,0.0075313782025883125,0.0007653551595505625
2018-03-09,0.00018504470060554112,0.004762731508636264,-0.001741442554883399,-0.0032550330494758306,5.8119672658563104e-05
2018-03-11,0.0003813865722155363,,,,
2018-03-12,0.0002074131539508972,,,,
2018-03-13,0.0001935454664787617,7.876824990837861e-05,0.002615535854785911,0.004415268747680168,0.0005712425055390824
2018-03-14,0.00019242773724914564,0.0006856931060044147,-0.0008345745182511966,-0.00028014293250044897,0.00011955993454626501
2018-03-15,0.00022526357901964111,0.000412059929255415,3.740022155174216e-05,-0.002930400746462225,0.0008396489743833779
2018-03-16,0.00031982217765103016,-0.014673010084368165,-0.008719268407789582,-0.01569666274000936,0.0014411187435197093
2018-03-18,0.0003915468831030555,,,,
2018-03-19,0.00019957035791673405,,,,
2018-03-20,0.00017767706122207017,0.0020095453403667918,0.004093493138284332,0.002652634170359436,8.538275465941325e-05
2018-03-21,0.00015842338638938358,0.0032565971516009817,0.0020843813840940584,0.0012522174684335141,8.608104742302558e-05
2018-03-22,0.00017211434564767814,-0.0037622786773564565,-0.0016895873556248553,-0.009275664408546103,0.00032242338211529997
2018-03-23,0.00013160721439775536,-0.009003466512073621,-0.005466657534542896,-0.011840818801747477,0.0002990447495077042
2018-03-25,0.00039714715316585547,,,,
2018-03-26,0.00015651875754629785,,,,
2018-03-27,0.00020432116468849237,0.010990046972257472,0.006220809153246076,0.008949506495111503,0.003507733085197806
2018-03-28,0.0006249375870415186,-0.0008555656057964711,-0.0026948704841326387,-0.005581717197077896,0.0005872617585820361
2018-03-31,0.0005844622971711289,,7.143826662225905e-06,,
2018-04-02,0.00039200745145251403,,0.014764398279778712,,
2018-04-03,0.0002055522721799985,0.003711419417835371,0.003424880542771458,0.00845625344974299,
2018-04-04,0.0002127344525306718,-0.005764122099142899,-0.007978728069021557,-0.01044766190096047,-3.222579352502031e-05
2018-04-05,0.0001901659292844471,0.015447120937138958,0.009662442184472209,0.017445857945673104,0.002727370808935481
2018-04-06,0.00019139767240683447,0.004637433908104338,0.005614150601428669,0.0031145817690343414,0.00018025886010719638
2018-04-08,0.0003784781985232133,,,,
2018-04-09,0.0001969358500681917,,,,
2018-04-10,0.0001850265132141704,-0.00030666332396178664,0.0007682934672459396,0.004391765812297388,-0.0014058725384136217
2018-04-11,0.00018444154855101758,0.0044155152068821035,-0.00019279435442542958,-0.004616308380100742,-0.001360993343301864
2018-04-12,0.0001818195533991318,0.0054393986343541645,-0.002597145398449019,0.0010481898567473724,0.00016177694111307872
2018-04-13,0.0001891086102774331,0.0018469288433524689,0.0021545380283800597,-0.001312594342718243,0.0003312039649245868
2018-04-15,0.00038205376604505403,,,,
2018-04-16,0.00019073384026602191,,,,
2018-04-17,0.00017798980443806123,-0.00020186860109450144,0.0017827749324537123,0.003712001143987509,-3.848621808522079e-05
2018-04-18,0.00019489866561928082,-0.004226928563590415,-0.0007740406129433941,-0.0018847539728240603,-0.0006948779170177222
2018-04-19,0.0001842199247157339,0.0037996667577646637,0.003084728002725079,0.002777455624645153,-0.0015531832202991813
2018-04-20,0.00014547944480192143,-3.29346050481627e-05,-0.003999193266185919,-0.00014827423616536883,-0.001402003202374602
2018-04-22,0.0003820341428413254,,,,
2018-04-23,0.00016661416928220874,,,,
2018-04-24,0.00017820680494518015,0.0020628378880385156,0.0017399056960747394,0.002138645681944551,-0.00016013518781132774
2018-04-25,0.00018435501084024253,-0.004104098428579617,0.0004156792129346165,-0.005055179569410817,-0.0009722043680354675
2018-04-26,0.00019017031213786062,0.005610006043566207,0.003829211313500558,-0.0009895094225590428,-0.0007565823011775885
2018-04-27,0.00018796511481689038,-0.00018073102433113775,0.005114764459772436,0.012404843315826808,-0.00022869463214991725
2018-04-30,,0.009630566922857353,0.005379228794936575,0.006502826679164464,
2018-05-01,,,,,
2018-05-02,0.00017215169790363305,,,,
2018-05-03,0.00017280770281913327,-0.00876289770157046,-0.007057864905994915,-0.004786031100436627,0.00011524825809994255
2018-05-04,0.0001551737545708587,-0.004065959379522921,-0.0031393953603841007,-0.00682602874859084,-9.837132223133871e-06
2018-05-06,0.0003761810834459478,,,,
2018-05-07,0.00018241525693163396,,,,
2018-05-08,0.00016813339488708223,0.004664645682647572,-0.0008300741728104466,0.00026911365078996496,0.000266000752382034
2018-05-09,0.00016229706565584756,-0.003536896059845862,-0.00036195101940916796,-0.0012867190127356931,-0.0011394995884750347
2018-05-10,0.000134632112752886,-0.00486148672866249,-0.0038191037951373907,-0.00579769556242038,-0.0003413969034036235
2018-05-11,0.00018103732855512256,0.005380745009440746,0.0064403458851709505,0.004626916223658739,-0.00015459458623823252
2018-05-13,0.0003825467023939044,,,,
2018-05-14,0.00017400998188277228,,,,
2018-05-15,0.00012997162682970576,0.0017984944157185545,-0.005808016339034938,-0.00707291813773947,-0.0010433085535834774
2018-05-16,0.00016052105363884017,-0.0014837086179286807,-0.002691077801818098,-0.007232935487311853,-0.0009423511908530635
2018-05-17,0.0001693326550542551,4.363915654237438e-05,-0.0002139882184697406,-0.0006357392931655159,-0.000401528626525649
2018-05-18,0.00017989061468859369,-0.005282289384802019,-0.00730151824944536,-0.011316190305527996,0.0013051398691337202
2018-05-20,0.00038911853151635256,,,,
2018-05-21,0.00016376701984310849,,,,
2018-05-22,0.00019011905224974868,0.0018838967971530618,0.003228986458008176,0.007471485561033386,0.00020968579498359396
2018-05-23,0.0001841248872349599,-0.010134377629332558,-0.008398929830790824,-0.007901183661589095,-8.090205083166602e-05
2018-05-24,0.00018529330761052343,0.007452644421618304,-0.00080127068767466,0.0047002304274212925,-0.0001350821785097711
2018-05-25,0.00019004003353395582,0.017470865195178265,0.010334390723353959,0.009803623355923552,0.000930222739794484
2018-05-27,0.0003993469502812097,,,,
2018-05-28,0.00019041955374543562,,,,
2018-05-29,0.00021110325020945453,0.0014990031954149607,-0.004391303892878784,-0.0028491640070500424,0.0003524726447523552
2018-05-30,0.00020227026883334887,0.005740105358009062,-0.0016010145597735725,-0.0011733760087897505,0.00040007692707222375
2018-05-31,0.00018825804630551168,0.0067605112057789185,0.0033492755809914065,0.0049889698629153045,-0.0007689630785464585
2018-06-01,0.0001920967401474183,-0.00966300355329841,-0.007728853629151433,-0.007920715511574694,-0.0003693301502596391
2018-06-04,0.0005889726170285048,-0.010856792299583584,-0.008035766208545736,-0.008124865085266109,0.00022758019040880484
2018-06-05,0.0002228338445735556,-0.007715489943438625,-0.004297365620719806,-0.00510225672089315,0.0004683995342689151
2018-06-06,0.00024458837988783344,0.013719884589228792,0.008733523169260904,0.014352293511086245,-0.0004864301432266904
2018-06-07,0.00019687084084796247,0.00470027854306565,0.00674414861535344,0.009701380776949264,-0.0008146227594362232
2018-06-08,0.00019536095777050733,0.002152229156222596,0.0011191302758999377,0.003844453871002962,0.0008595654239631489
2018-06-11,0.0005919334925186259,0.000571401464512622,0.0031886759010160137,0.0008096807080273383,0.00036235064447143195
2018-06-12,0.0001971127728968014,0.006215021646980734,0.005790296792070659,0.007995771807522756,0.0002007650129760563
2018-06-13,0.00019525042854251495,-0.00024629434101286485,-0.0025532388565386865,-0.0003397903259351187,0.0007509630926203492
2018-06-14,0.00019768852185597652,-0.0010903887267943446,-0.00048126551906924053,-0.002927292386402547,0.0006781648452529598
2018-06-15,0.00020303617847350353,-0.000418188407817377,-0.0025365833234474167,-0.00313866553815767,0.0006713977548122863
2018-06-18,0.0006253593994134388,-0.008927230520358154,0.0013362296635990312,-0.0010170870626525774,0.0010932658744167156
2018-06-19,0.0002562558698686601,-0.007403542876687652,-0.00437887103028356,-0.007076689714601181,0.0003798815301319092
2018-06-20,0.00022860635700139298,0.004865644103541733,0.002424497600940212,0.0015217216854257476,0.0005937328663661035
2018-06-21,0.00020488903103021983,-0.0038784421988401485,-0.002268125313923508,-0.005228905579972354,0.0009379466516634682
2018-06-22,0.0001823005729253424,0.007495124900591454,0.0026433912587418007,0.00955815889096745,1.9551338672929575e-05
2018-06-25,0.0006174438730781606,-0.0043706274802390865,-0.006277029012889956,-0.010374835630808432,0.0005187985937278317
2018-06-26,0.00018546628838755908,-4.344199624695122e-06,0.0002922432308722911,-0.0006419750137354185,0.00011864068482192458
2018-06-27,0.00019704683217836028,-0.007235295906442896,-0.005624918600599105,-0.015336625942292681,-0.00033983034999029993
2018-06-28,0.0002083764681213296,-0.005111026996987289,-0.006667374643798962,-0.011797691439391023,-0.0004404637503918618
2018-06-29,0.00032609006134953766,0.007602564243537113,0.006459108055086871,0.015260940589803207,0.0003338105380774614
2018-07-02,0.0007004813690829614,-0.0014361418855801666,-0.0027671161091126217,-0.00461834392901006,0.0008984744782984944
2018-07-03,0.00020009809250742805,0.006467561648386688,0.005052504504824418,0.004974005730589592,0.0003243322417636474
2018-07-04,0.00030062896097837744,0.008567277560247888,0.0037288189482644896,0.0039879303880898664,0.0007690805896052311
2018-07-05,0.00022575606681840554,0.002344870353862216,0.0006845674906115207,-0.0030355319860148056,-7.663993790818502e-06
2018-07-06,0.0002003048251122408,0.0030976977789807236,0.0017885060786344553,0.0015918612694414414,0.00026754510643267615
2018-07-09,0.0006453846402301178,0.004788531509865246,0.006470662584613596,0.00997931155115106,0.0007035111475173217
2018-07-10,0.00019775459117887806,0.007717638031906393,0.005506388946059371,0.00782334761641712,0.000338979275628537
2018-07-11,0.00017948314265114895,0.0010448259962860806,-0.00577285681823303,-0.004056116024472867,0.00033608112706140503
2018-07-12,0.00021539521329838607,0.002892457215296851,0.004708957137847358,0.00324561351317576,0.0010440751344569232
2018-07-13,0.00019679919281512248,-0.0021973206592383887,-0.002311317642073929,-0.005814901686351126,0.0005524143983512975
2018-07-16,0.0005683830904190668,-0.011963025678488948,-0.00802045494498993,-0.020055118767821067,0.0002777908956810293
2018-07-17,0.00020162030638015693,0.00796649286263773,0.00665703963517883,0.013294699164820178,0.0008345298167367066
2018-07-18,0.00021268248369166187,0.002132765726497121,-0.003412832459208981,-0.003643517962273357,0.00017342636385975219
2018-07-19,0.00017393419928812826,-0.006579309235996256,-0.002772147005993708,-0.004229636395975844,-0.00012484533050716173
2018-07-20,0.00016939433034246498,0.011024651606528435,0.004789765931101808,0.0065999806239100955,3.2602573244666644e-05
2018-07-23,0.0005500805937996844,0.007437426410341175,0.006158089037449521,0.011684772801097143,0.0003926054225329434
2018-07-24,0.00012925480717917992,0.00630995291579195,0.007232410358185559,0.012857903076680888,0.00022604088011712875
2018-07-25,0.00018438688783128931,-0.0004550082067690253,-2.4112903503681338e-05,0.0023393426359135105,0.00021767115434334627
2018-07-26,0.00018111579468649275,-0.0029495459279014202,0.0015070928093587899,0.008395536046338137,0.00048792084038828953
2018-07-27,0.00023928632045788767,0.005336980269851077,0.006321984373898415,0.01273964885380896,0.00028124893925518535
2018-07-30,0.0005866936699991943,-0.003166525655700858,0.000880132754781382,0.0060273265566530565,0.0005131696222973048
2018-07-31,0.0002087176273097846,0.004083585567031811,0.0027729683396682248,-0.0004759909590220657,0.0005295187678064917
2018-08-01,0.00020363571935422264,-3.729271466101913e-05,0.002383879525539978,0.0011663054636705805,0.0009858364701380573
2018-08-02,0.0002459940175936204,-0.01224489795918371,-0.005384947288670561,-0.0034150884818380245,0.00018798837236633226
2018-08-03,0.00023292586612533306,0.009416033896882947,0.004676281109737168,0.011040612764011692,-0.0002356323030467955
2018-08-06,0.0005982396369905718,-0.0021548992267714784,0.000346793688354996,0.0026148188142571804,0.00031655434056143683
2018-08-07,0.0002069539653761776,0.00028530254564840263,-0.001065511088452653,-0.002830736611799778,5.043920107050681e-05
2018-08-08,0.00020693804731664045,0.0035683875010670274,0.0024224979287983395,0.003545638073479962,0.0002701470263100081
2018-08-09,0.0002210970896765474,0.0022114209728176792,-0.0008315697831300373,0.0054574448902311445,0.0005498183043908256
2018-08-10,0.00019544749853417365,-0.00395769898718501,-0.0009035985984031658,-0.008961371947375119,0.0001981295739799105
2018-08-13,0.0005757960516188376,-0.007315091324343381,-0.0034153597687959225,-0.008143253399384265,-0.0001352811985362301
2018-08-14,0.00018825670981614806,0.008254531827992517,0.005567913533577995,0.008965554595808944,0.0002381547356897773
2018-08-16,0.0003903321321041542,-0.005724430048586027,-0.00420540137069958,-0.001384446729880251,-6.487308684777204e-05
2018-08-17,,0.0053898505418041864,0.00986880771923726,0.010745751778226564,
2018-08-20,,0.004970463854570895,0.007975789228635843,0.012708543276228834,
2018-08-21,0.0001767034683952673,0.0045697207943997675,0.001551407312199382,0.003311404721101363,0.00025786647894343595
2018-08-23,0.00036616900003272335,0.0032136743696096204,0.003854965084744144,0.0007025219159288998,-7.375561524947116e-05
2018-08-24,0.0001689371535820161,-0.002106191423473791,0.0005925866741238739,-0.003870793677887341,5.721651971923869e-05
2018-08-27,0.0005860986946546465,0.012189081821600833,0.005155445241485923,0.01142534968368869,0.0005335307534983791
2018-08-28,0.0002031129641197893,0.004257746987903044,0.003985362729245212,-0.002584974901697179,0.00017637085278754405
2018-08-29,0.0002843647102670488,0.0035543083352371774,-0.0022831464230431697,0.004136816295220891,2.3420123258732772e-05
2018-08-30,0.0002023443280627646,-0.002784218998366117,-7.765591490238588e-05,0.005252029193097307,-0.00017013632258944256
2018-08-31,0.00020795417627295087,0.0008626489180525443,0.003982240200136378,0.0046736327859955296,2.755712937396737e-05
2018-09-03,0.0006423417203331727,-0.007638056251942915,-0.006497727934798969,-0.0076099759030937575,0.00028314170174370545
2018-09-04,0.00019640523827213485,-0.009372902385940574,-0.01095669834622437,-0.013618978916851598,-0.0007376129577453261
2018-09-05,0.00016535999896394316,-0.005541844105605098,-0.002741882804190632,-0.000883119176932845,-0.00018609010896619704
2018-09-06,0.00021002945200332412,0.006165307036832823,0.01208267411042696,0.008297609051133525,0.00010891744333552111
2018-09-07,0.0002042891085343168,-2.0520860479766867e-06,0.006264603579204442,0.009749723314960601,0.00048593946228203677
2018-09-10,0.0004094305767985418,-0.01714521411509773,-0.013795275798320183,-0.01085473215860211,-0.001015499106787776
2018-09-11,4.6236858275428006e-06,-0.013333249817831794,-0.013994936471784403,-0.013730341146590663,-0.00021034062077396332
2018-09-12,0.0001828619200072712,0.0063250290435006296,0.007592858608659991,0.006034684138514157,0.00013588793453100934
2018-09-14,0.00035448738921672884,0.013800688036740283,0.011767181161737694,0.012229169776480475,0.0005496851207755782
2018-09-17,0.0005820016808275597,-0.01099728490269003,-0.009209766744690207,-0.010502973930996085,0.0006017709851260378
2018-09-18,0.00027513403907830636,-0.00798629243504323,-0.009653018562205684,-0.016167314315994163,0.00012262407248320173
2018-09-19,0.00018127269444989658,-0.006471335640548026,-0.0038503533305301874,-0.0007714361054538266,0.000511100595204983
2018-09-21,0.0004002379813596857,-0.010037280720420094,-0.011925895037826817,-0.006395229686442905,0.000132184885346609
2018-09-24,0.00037239062162441883,-0.02456629072439276,-0.019261443695330893,-0.021024228296955494,-0.0009726695683839326
2018-09-25,-0.0004980513630433725,0.006952371298495796,0.010619015168014334,0.008690155966797786,-0.0006104913559660252
2018-09-26,0.00021712404147899989,-0.007517118678562751,0.004061508302021899,-0.0012332079142763908,0.000684636832220642
2018-09-27,0.0007813861898227081,-0.011183580950869021,-0.008484800229861533,-0.011258680356610817,0.002492081766739096
2018-09-28,0.0005024928629622227,-0.004134240160553082,-0.01013377278353178,-0.008680686342116384,0.0009161423876336006
2018-10-01,0.0007072387838018557,-0.0053538320988096855,0.00712305478350439,0.005091512781392193,0.0012723616006349303
2018-10-03,0.0003529835118822877,-0.018507220765187182,-0.005943218969270081,-0.00782831220193081,-0.00063571526539552
2018-10-04,0.00012378401891899316,-0.020259917795148463,-0.017494103160776264,-0.015999976552516615,-0.0009263878490853861
2018-10-05,0.0007387277897443756,-0.014383672284508209,-0.021287467772068247,-0.030009322995630416,0.0024362552140464455
2018-10-08,0.0006197691359968172,-0.004377599422337397,-0.012413143716578756,-0.005969525938572695,0.0009051230926295784
2018-10-09,0.00018282386646140125,0.0018298327146413218,-0.000330181766917681,-0.0047635229063051066,-0.0009570157537936996
2018-10-10,0.0002014387396049866,0.02289900007382184,0.017045233142642946,0.025030418911872188,0.00035288643977327006
2018-10-11,0.00018753428456586008,-0.020428497929213862,-0.021740359967524436,-0.023371447951743174,0.00037468114429128896
2018-10-12,0.00017708988032372197,0.026170942933465335,0.012266197180471838,0.018613145475855353,0.00024786795895814784
2018-10-15,0.0005605127576655544,0.0016929761176884828,0.006452135911239942,0.0041124203618077,0.0013581441070305011
2018-10-16,0.00022411134518174336,0.004244939481867549,0.0052629844691616245,0.009400729988965129,0.0007143828859839108
2018-10-17,0.00021992265832104785,-0.01900076205649348,-0.008207333973118125,-0.01734395694494084,-7.377825263055193e-05
2018-10-19,0.00037665078125659335,-0.009021398833132244,-0.009380577119397215,-0.005333227381920214,0.00040307759995306114
2018-10-22,0.0006015235184479995,-0.009013532139423241,0.000685785882819534,-0.004590581012693273,0.000465059740713869
2018-10-23,0.00018566385187335221,-0.015165564180017577,-0.005936317482779119,-0.010964485808213964,0.00032218232106417943
2018-10-24,0.00020790915238966257,0.016578419905751485,-0.0014570740760062595,0.010268318336594806,0.00035687941365325493
2018-10-25,0.00021287188084562203,-0.0040722404961163194,-0.005331119031180553,-0.0070529792117841605,0.0
2018-10-26,0.0002109464358381885,-0.0038204530856030816,-0.0026432643658322874,-0.004582931458261941,-7.094114340755464e-05
2018-10-29,0.0005890216561563744,0.014178339596856881,0.02788520137535655,0.034381768910754174,0.0010539600245582648
2018-10-30,0.00019283813252357618,-0.005268938881732521,0.0034000098816218127,0.0011119941257702326,4.770195816794498e-06
2018-10-31,0.00020978479122701899,0.021993484471960922,0.013154559231991048,0.019245106472887574,-7.700422228462678e-05
2018-11-01,0.00023735357586751604,0.006167624985998543,0.012974763293372105,0.0056354962227664895,0.0005377080551938196
2018-11-02,0.0002261384113571019,0.01699789642624383,-0.0016277267977851118,0.012998256690539112,0.001000593953660589
2018-11-05,0.0006224538248049694,-0.0009122006841505437,-0.010227256546440855,-0.0024331536811260657,0.0004212039082824859
2018-11-06,0.0002336085380354458,-0.002058890664231927,0.004080304125620771,-0.005283234400179526,0.0003373653939284793
2018-11-09,0.0006197817841950837,0.008748896381044702,0.00932202630942669,0.0072155102710431684,0.0010171943929198068
2018-11-12,0.000672246280880362,-0.012468737458137147,-0.007906877706011728,-0.012972243470976919,0.00023977590123136494
2018-11-13,0.00023475617541435234,0.006718343880015798,0.0027257898351649157,0.006883728057380134,0.0008216977089574584
2018-11-14,0.00029559834598913426,-0.003079028395484018,0.001733769986514977,0.0008545832882138615,0.000779632656633833
2018-11-15,0.0003403596907711748,0.0060992907801418195,0.01347044159544164,0.008228575438842922,0.00025899709814791727
2018-11-16,0.00026409820531303474,0.007403937548605466,0.00037774634771992055,0.004681069511272007,-0.0004683786777217591
2018-11-19,0.0006270017548144491,0.003708619436506577,-0.00029857037479363857,0.00227189404371142,0.0008897261718514571
2018-11-20,0.00021567247929898947,-0.006193426512093425,-0.015048927460866834,-0.01051285448481254,0.00028931048570957074
2018-11-21,,-7.693856907842189e-05,0.008995012878047381,0.003990755187108563,
2018-11-22,,-0.0058726749751628615,-0.00933024799933535,-0.008793470855138263,
2018-11-26,0.0008502684139140015,0.004052066781703001,0.004619840152459975,0.0055165232448621815,0.0005309065381309264
2018-11-27,0.00026807150333385543,0.0070647664047231995,0.00669274135964959,0.0033889134532589793,0.00016560902210915884
2018-11-28,0.0002307767550211448,0.004844904520259874,-0.0052931897820264195,-0.007036149049235663,0.001216517879771617
2018-11-29,0.00022396921598044628,0.011923912799946201,0.005401177084109365,0.010131209380273676,0.0008788787613074334
2018-11-30,0.0001820623329507054,0.008360419083719428,0.008974772896080063,0.0006329918838301474,0.0005692183701064835
2018-12-03,0.0006949106933888949,-0.0006279807126482462,-0.0023465722908631026,0.0004997183668162819,0.0003700510724404804
2018-12-04,0.0002841820839276643,-0.0010919669026370205,-0.007422584286205014,0.0028091509608276777,0.0008766090256366876
2018-12-05,0.0004626718386671058,-0.009697676208910266,-0.014986200405776917,-0.015834583305742722,0.002040487966775917
2018-12-06,0.0003720596746679128,-0.013044270116116863,-0.01818820652738995,-0.012927062581726712,0.0013940582884324204
2018-12-07,0.0002490139352351317,0.008477303465860064,0.004710711207841056,0.0019471166669631224,-0.0003488680238975528
2018-12-10,0.0005263225781688696,-0.016925892040256296,-0.020448217959248893,-0.012189458676817977,-0.0015926014167643165
2018-12-11,0.00015176612588452265,0.008834511797886746,0.020403847010107112,0.009540121811724811,0.00024669913863695214
2018-12-12,0.00027189051358322835,0.022030119004493365,0.0238012123327771,0.021201623045345785,0.0015248563684762129
2018-12-13,0.0003406219891097795,0.009145186998599675,0.005970467319594164,0.0033372834686835606,-8.320595217814475e-05
2018-12-14,0.0002756776416426021,0.0005366702881002272,0.002019535118550575,0.0019048115307680469,-0.00039593223250744547
2018-12-17,0.000604863069764372,0.007694689377883535,0.002070079684854509,0.005744021219362017,0.00048269157954949904
2018-12-18,0.0002386284218014456,0.0016531178798546708,0.006376739230571804,0.003674368764130742,0.0011185794912778046
2018-12-19,0.0003207455356506461,0.005901654926002475,0.015039840115441239,0.009339775479010548,0.00223063775595711
2018-12-20,0.00013835951732299456,-0.0020487358612528705,-0.0017279896458309851,-0.0031421125318679133,0.00012439158470867184
2018-12-21,0.00016003775238826456,-0.014142487933049175,-0.01384612201690294,-0.012744615542172433,0.00011100233773575496
2018-12-24,0.0006036132739091205,-0.010907455792825926,-0.007633040611062958,-0.006832045781334117,0.0006111137112789766
2018-12-26,0.0003872768606385524,0.0007812327588108126,0.001978432792303364,0.005039603098616174,0.0013711591506830878
2018-12-27,0.0002387883329038054,0.0024653571019044307,-0.0028061834498475102,0.0010248060807085402,0.00043440660458182734
2018-12-28,0.00033889667387088096,0.008561334969929835,0.008308237003392449,0.010292361908167402,-0.0009358031064927719
2018-12-31,0.0007147509176950173,0.0021657862480206624,0.001453152869583585,0.0019067681706728123,0.0009093069772285745
2019-01-01,0.00024632936389967774,0.0017606591699004248,0.0037402368816692455,0.005874660611568716,-0.0005029328858076054
2019-01-02,0.0002974986389521206,-0.009326607226654238,-0.009454919950663943,-0.012530412591591822,0.000653340914490208
2019-01-03,0.00013555606356141503,-0.005853031668651254,-0.007785415473886448,-0.009993202098457665,-0.00038147804067001356
2019-01-04,0.00020746309458008483,-0.0003397053827861596,0.012050304001132828,0.0074198978424060424,6.338154556240205e-05
2019-01-07,0.0005876076712958422,-0.0032900834105652477,-0.00026758871090459824,0.002913313815376961,0.000216817860988483
2019-01-08,0.00025987144331551804,-0.010524940833183893,0.006240159546551993,0.007283634476252132,0.001117870656495601
2019-01-09,0.00022814845914931325,-0.0005481781467104874,-0.00044681121096268317,0.0031799172709079393,0.00027848936177310435
2019-01-10,0.00020862858251136096,0.000868611341198644,0.0041065868888385815,0.0025568697784235095,0.0002864045110706481
2019-01-11,0.0002031466576792873,-0.005743964140485502,-0.0030712413670055394,-0.002742828028362343,0.0006578758998352363
2019-01-14,0.0006122299627626671,-0.005826640570515851,-0.0029608109563905582,-0.004512994016734995,0.0011771430624749613
2019-01-15,0.00023860097306149797,0.009899981897175891,0.0025635484669248587,0.00837690961035098,0.0001954059658637597
2019-01-16,0.00023420311065924793,-0.005686821496991845,-0.00020685399410735883,0.00021489323199430643,-0.00019869037129183198
2019-01-17,0.0002173862706629226,-3.6055769261134074e-05,-0.004965522996839056,-0.001427602193701527,0.00014157009879989246
2019-01-18,0.00020484170548029645,-0.000874383931167122,-0.004742185179360869,-0.010958710207086053,-5.980988431408818e-06
2019-01-21,0.0006259588623691581,-0.0015969216403182163,-0.008725482622771175,-0.0020236773107704664,-0.0005349693871244954
2019-01-22,0.0002814364823353621,-0.002015158874493106,0.0004480842185801137,6.59674120986331e-05,0.0007141175860432281
2019-01-23,2.5979029187661595e-05,0.002256917327103647,-0.005332115373380852,-0.005560972811747167,4.8504080986999654e-05
2019-01-24,0.00021283564792851095,-0.0038306041784301748,0.0017495243536280736,-0.0036482561912205558,0.00016410858806148454
2019-01-25,0.00018902301695788992,-0.007253080121708555,-0.012584169849871096,-0.004356308397688968,0.00013219534619235418
2019-01-28,0.0006508322899254626,-0.011853239085998779,-0.01586276263254216,-0.01662058720066517,0.0006834725186262158
2019-01-29,0.0002558029907873127,-0.0007765823443079967,0.004837727694071425,0.00522979772596921,0.00017855056764481958
2019-01-30,0.0001973950897971033,-0.0006800376565070376,0.0097744347221691,0.009949326957294113,-0.00010087301613648236
2019-01-31,0.00019489436367869928,0.007101276516948918,-0.0016109007890530158,0.014947321828972182,0.00023627905618472944
2019-02-01,0.00014975002239125956,0.010126337901600335,-0.007369038487569313,-0.00247031178720325,-0.0010331449076970145
2019-02-04,0.00044446819592769415,0.0037837677954262183,-0.000898194882834602,-0.0052318524611852935,9.365709017372659e-05
2019-02-05,0.00018503081063370175,0.005587389952218302,-0.004293009255720737,-0.003458056606883364,0.00022116943504824071
2019-02-06,0.00018137224229608506,0.011085639836172279,0.005748082297185819,0.011718693332327446,0.0004648179308164302
2019-02-07,0.0006779389547961756,0.0073012228154853975,0.009669552449280694,0.003946062827285379,0.001600221947001046
2019-02-08,0.00038739359124218,-0.006655157913374454,-0.01917369354127485,-0.01641634150103688,0.0006712712472589644
2019-02-11,0.0005779565763872618,-0.0075775974047676,-0.02005497731910333,-0.008973923347012192,0.0005416895681715772
2019-02-12,0.00019166231957301605,-0.005192828373991487,-0.005730090277010547,-0.001482822990203303,-0.00027003629605504287
2019-02-13,0.0006936706922078262,-0.0005371138929697317,-0.006868651864630815,-0.007020118273731946,0.0019536577292287305
2019-02-14,0.00020520216402064584,-0.0049246846147071865,0.003326278739882671,-0.0031890714452493807,-0.0004975384072559708
2019-02-15,-0.0001772822501980853,-0.006773468878349953,-0.01275067571398869,-0.0067899331087811765,-0.0005063799912474742
2019-02-18,0.0005862866143528933,-0.010735541060760023,-0.006361951585605818,-0.008281239738009538,-0.00041139416322955036
2019-02-19,,-0.002420289788132357,0.003882458800657407,0.003937387116195179,
2019-02-20,,0.011327490172655663,0.006677338123973309,0.012431485901387651,
2019-02-21,0.0002027777560693611,0.0016390027721122635,0.014045891762552554,0.007777192036818814,9.522871092726426e-05
2019-02-22,7.104292274129342e-05,-0.001183818706620876,0.002214860245702832,0.006062654284706648,0.00020234174197719668
2019-02-25,0.0005724801898441267,0.013524799278799238,0.007162689479213613,0.003922966147986262,0.0006611137518934829
2019-02-26,0.000135474572038774,0.006260158930829096,-0.006646077733776901,-0.002892174834005501,1.3874216354459179e-05
2019-02-27,0.00018822668739026938,-0.000148070706005754,0.003562789476645012,0.0002188554153583766,-0.00041556004809650826
2019-02-28,0.0002148033902353852,-0.0028519051219856317,0.005134625086417932,0.0018875796094723896,0.00038268568682831017
2019-03-01,0.00029483405507191307,0.004054941988676841,0.0067033747383529185,0.01087608542458951,0.0005681930799368295
2019-03-05,0.0007908503603435424,0.011956575332027652,0.0292700131475927,0.019781131444999156,0.0012724259292276052
2019-03-06,0.0005595950600338906,0.005284220643895221,0.004043810941971149,0.0033473063364366507,0.000611993086060858
2019-03-07,0.00019288160671893095,-0.003637212806690271,0.004847681314538166,0.0019876070168720616,0.0008343851023373539
2019-03-08,0.0004049964004604334,0.002432186225866051,-0.0070790700651892635,-0.002761957477655508,0.0007796906393002789
2019-03-11,0.0006191600388514296,0.01435919606147773,0.01834768733176806,0.015487822745150925,0.0011771789160610613
2019-03-12,0.0004493471522135639,0.005762397853343648,0.004910081494690743,0.00994115215262159,0.000747934307970155
2019-03-13,0.00039716091683961174,0.0055866888058668795,-0.0063106167464098695,0.0020192085801256088,0.00011098983228041703
2019-03-14,0.0011310653433567186,-0.002706874903249168,-0.00025184392017074675,-0.00038657779946749127,0.0011301319713086233
2019-03-15,0.00028295310457915335,0.006070888837627297,0.003290650009072138,0.0066072770558258664,0.0008435264917170393
2019-03-18,0.0005653617563150526,-0.0033299833500832765,-0.0014871729141390233,0.003850062805341725,0.0010315642945055714
2019-03-19,0.0004180129841666602,-4.3000118250535735e-06,0.010904007455731612,0.005425872645350438,-0.000266463796277594
2019-03-20,-0.00034022002840738974,-0.005942641895625211,0.0004209493625748628,-0.003981977166398032,0.00045448443194362476
2019-03-22,0.00013114068632491538,-0.003220510912752106,-0.0008867514122821163,-0.0065782340951472396,0.0008555350235877057
2019-03-25,0.0006223820910864486,-0.006066918370003949,-0.0094775183033049,-0.006924644695880389,-0.06856415213543954
2019-03-26,0.00019386324565240365,0.010985364490551763,0.011866256015264032,0.010239601735265058,-7.583359020801872e-05
2019-03-27,0.0003242281831632443,-0.00034550071691408224,0.005068315475291296,-0.001343464615752743,0.00014254987314488154
2019-03-28,0.00027650080974517266,0.007808854787702879,0.007603005960093334,0.013951069137174033,0.0001221681904923777
2019-03-29,0.002123105933052649,0.0069853027857620376,0.010146574973724842,0.007020559442437735,0.00259961809553233
2019-04-01,,0.004574189565994757,0.004041285267894379,0.006526220899375712,
2019-04-02,,0.0025298807735416595,-0.003773138365311457,0.003555946538914112,
2019-04-03,0.0001036329141903547,-0.0001627380572457593,-0.009307368856882103,-0.011612249100961702,-0.00020524219276840672
2019-04-04,0.00015909950241743687,-0.0031580549425461735,-0.004653728035242888,-0.0030400170967569418,-0.0008148530890403904
2019-04-05,0.00016329988048946475,0.007008325169323593,0.005360375553245644,0.005329553432189549,-0.000989522660138853
2019-04-08,0.00022051428849367838,-0.002463744006468982,-0.0031990770773889787,-0.007862661950846395,-0.000942936267161465
2019-04-09,-8.65933384199824e-05,0.0016254430387763197,-4.808006016865374e-05,0.007618720130238232,4.831158028584248e-05
2019-04-10,-3.593311269922683e-05,-0.004086518703357522,-0.004074981024635438,-0.003457956632904713,0.0005237002362250553
2019-04-11,-0.00017890854083413288,-0.0016887173366516572,0.0005396914620121596,0.0015543902830543743,-0.0004023663339036698
2019-04-12,0.00013065460425765174,0.001803921568627631,0.006801959074506092,0.00579921519602733,-0.00029192052201287844
2019-04-15,0.00027394943230452107,0.009032989773614553,0.0074321190097581535,0.0033888221983788824,-0.00029830804717467796
2019-04-16,1.1067945558052017e-05,0.005414473546249576,0.0007051071847874457,0.00386704357769041,8.895874835745943e-05
2019-04-18,0.00038223426627537194,-0.007765115173156034,-0.00825667512199102,-0.005376131452873967,0.00017369926913235467
2019-04-22,0.0007228214861103588,-0.010611083200729787,-0.021706342073050666,-0.013957002359303305,-0.0006330518913474359
2019-04-23,-0.000208836527407108,-0.0006033810585087673,0.0035262041593460136,-0.0020593335394458734,4.9751278643039853e-05
2019-04-24,-0.0003378128639260902,0.014105106962841951,-0.004779832976139264,0.009369637310445267,0.0007006873743140574
2019-04-25,6.667504300494898e-05,-0.005825604990860156,-0.005374007814827109,-0.0063254483194858935,-0.0006413802278439906
2019-04-26,7.85451855145336e-05,0.003409572527743654,0.006370200989001873,0.01059340812823839,0.0006039569691167479
2019-04-30,0.0005000410619979689,0.0028558219681846797,-0.012806800418024067,-0.0017142811580568296,0.0009425004691496763
2019-05-02,0.00023377122851253596,0.000945038964522249,-0.008140893671878202,-0.007731505886487411,0.00014480972561714545
2019-05-03,6.758192580891276e-06,-0.004482080053592408,0.0016662137616383355,0.003375350816470002,-0.0003546275396613119
2019-05-06,0.0008610031600180257,-0.008495622861636964,-0.010651740902827722,-0.0071371269654508795,0.0007269994584240269
2019-05-07,0.0005552651685643006,-0.004973499413572502,-0.010757401915153175,-0.011171830181717302,0.00040973261800258953
2019-05-08,0.0004955897610758875,-0.011215933360900543,-0.013797681420544827,-0.011616726997382587,0.000501122808636012
2019-05-09,0.00020050615187705567,-0.0036129099014425847,-0.005632531847104327,-0.004905229856866367,0.0002067755311896402
2019-05-10,0.0003455610214875282,0.0007247693718952508,5.5788939284928674e-05,3.877063844148765e-05,0.00019485961726495304
2019-05-13,0.0006297277098643583,-0.008959012087315754,-0.022098625623174106,-0.019968873922771913,0.0008847277280095156
2019-05-14,0.0003892447777487096,-0.005532201733394082,0.003167980954083216,0.012438506814052674,0.001002549279796927
2019-05-15,0.00020533230527086666,0.00878757367764127,-0.009058805465991027,-0.007803451268898143,0.00017772722425646315
2019-05-16,0.00044265214525296415,0.005160075411468901,0.0039883391293369375,0.009400658777464432,0.0003539975944886198
2019-05-17,0.0008502488250503593,0.011463493780421885,0.005504335450092324,0.00741816195670042,0.0009341393448905055
2019-05-20,0.0007785388224821332,0.03707418901548287,0.036818708929261756,0.045636232369139496,0.002149786308874635
2019-05-21,0.00014285011312309415,-0.012198819096565616,-0.012822129504239,-0.013094926311278288,1.875031250531123e-05
2019-05-22,0.00016174738498508923,0.004843747390222308,0.002190079661139377,0.0034498564570215606,0.000446526847513562
2019-05-23,0.0008810069404012744,-0.0041929156762686715,0.0019857909728713263,-0.0027247519674312715,0.0020074327766848032
2019-05-24,0.00023772582123782193,0.011306779059820027,0.03293567173837286,0.029357719526633685,0.0010820636519439653
2019-05-27,0.0008276048350748244,0.005760394809867897,0.02663282680630963,0.017122663849320485,0.0033983807348973993
2019-05-28,0.00016112964660730533,0.0022790631840010622,-0.0016428839654525351,-0.0029447432112283956,0.0009703374664054021
2019-05-29,0.00020200331037445451,0.0021633592035890103,-0.013946571518624773,-0.012991545103473001,0.00011643785594506184
2019-05-30,0.0004918049225541843,0.011016054357305016,0.002463558756317763,0.004952528519285071,-0.00018944782503560464
2019-05-31,0.000428959376383542,0.0019513456406816676,-0.0022337747446044,-0.0025972883688563098,0.002569399274587214
2019-06-03,0.0013305782694166268,0.012400984659552527,0.008556077975779619,0.005428566241217236,0.0017229755037830863
2019-06-04,0.00022518883131783518,-0.0034849450374383473,-0.004481580877654601,-0.004635672752975717,-0.00048368904488893527
2019-06-06,0.0005731245789968309,-0.011108890709617958,-0.01712074025747945,-0.02230665363911777,0.0023695072152594143
2019-06-07,-0.00043838860475975405,-0.0008507611382012614,-0.0017587144030299928,0.0007183717613625795,-0.0015476324989128765
2019-06-10,0.0004251115933640026,0.0020407337742451848,0.006032820262820149,0.001925761496955003,-0.0014265775512934953
2019-06-11,7.68628425773521e-06,0.0022020874416426306,0.003333250195078019,0.004401967005076113,0.0003083886521217938
2019-06-12,4.513773414083211e-05,-0.008438563631603224,-0.00617559061409656,-0.005477685210776184,0.0009241941109747742
2019-06-13,0.00019704481999816004,0.00115164317341665,-0.0022368846557216937,0.0007410857965612916,0.0005261533184701683
2019-06-14,0.00017186858773099445,-0.008111063547484587,-0.0076210258660053265,-0.007733322048960045,0.0016132825328740719
2019-06-17,0.0006675209072941612,-0.007706955691140993,-0.012565883374022646,-0.015683138760061888,0.00024163683284617044
2019-06-18,0.0002680496822546896,-0.0013171428512535055,0.0016245305947168998,0.0030734153632858696,0.002348033120201265
2019-06-19,0.000317670270851389,-0.0009618123351401442,-0.009820770482591556,-0.0036174078303381485,0.0002533021450801254
2019-06-20,0.00015356877251737622,0.009885628341693709,0.014494943260229265,0.016589404780934736,0.0012088530912441886
2019-06-21,0.00016430137952738733,-0.0071682681390529135,-0.0005884404149595346,-0.006017899118902825,-0.001398285787525877
2019-06-24,0.0005495032210114381,0.001246607887215978,-0.0009613217902029181,-0.00037001683844750666,1.77505299556735e-05
2019-06-25,7.721892411849396e-05,0.008309975675108383,0.004016334549026501,0.008454527410157286,-0.0007564322341172547
2019-06-26,-0.0002634810900145057,0.005994366887092761,0.0055927661817911645,0.007537835465595721,-0.001033024678494865
2019-06-27,0.0003787740106449,0.0015479907566895434,0.00014953607783074752,0.004841553943464083,0.0006223707400945244
2019-06-28,0.0003117721725476308,0.00019446582668236623,-0.0009457193141103604,-0.0005411966225127296,0.0005030548965492265
2019-07-01,0.0005877650608567819,0.008020155704437038,7.572916366171967e-05,0.00226584514446726,7.241441265404269e-05
2019-07-02,0.00018450252380786125,0.007632866936164273,0.001701974217975133,0.0005192843317756157,0.0006243583078933135
2019-07-03,0.000740000898320492,0.0005563143674667259,-0.0003347768334430734,0.0032503958143290657,0.0013400991386638417
2019-07-04,0.000524191235484528,0.0015663798291729591,0.0022145881946245005,0.0035455619075488443,0.0016048759868556584
2019-07-05,0.0003391562783447988,-0.013812726332126268,-0.01314139530538705,-0.013262551127472988,0.0026124233732254254
2019-07-08,0.0006557479765259,-0.019863287318567124,-0.02357265215547133,-0.024633570363725266,0.003601562012040871
2019-07-09,0.000375270064746136,-0.001673552315492488,0.009599645023808057,0.007130896312547597,-3.314669713450069e-05
2019-07-10,0.0007076569101605035,-0.007728153738298493,-0.010320891264082865,-0.009849715951060323,0.0012217330479464827
2019-07-11,0.00030662983583873427,0.010387921002759759,0.00633100344445392,0.009418709376390222,0.0014405074478018864
2019-07-12,0.00037986011394508523,-0.004674732791615455,0.007696629317649695,0.0004273044880409582,0.0005249074665050202
2019-07-15,0.00075008589464165,0.006572884423855063,-0.0009052804345346388,-0.004026766310552654,0.0018436299684951862
2019-07-16,0.0008364372559370725,0.0038654265004443022,0.005814146221081229,0.009974107239184349,0.002304671671788938
2019-07-17,0.0009107349375399032,0.0017115794381439287,-0.004363326088588582,0.0014527663983678885,-0.0002175807970172805
2019-07-18,0.00021275314124746814,-0.005846580342506735,-0.010028321318228617,-0.014655921835083463,-0.0004493618256046217
2019-07-19,-5.3239108892655373e-05,-0.015051489235002324,-0.009804813981612703,-0.01578052859764123,0.00029097330907879027
2019-07-22,0.00031577294563089886,-0.011770714978161956,-0.0031555506360816388,-0.0005801883549871878,-0.000919020088113065
2019-07-23,-8.299344329332214e-06,-0.0028205620449812674,-0.004729489392054531,-0.00400314749191133,-0.0007241923271923412
2019-07-24,0.00010128265940223535,-0.005972302732069279,-0.020144317498496656,-0.010375432654989192,0.0005120796287187979
2019-07-25,0.00018567435282634825,0.0026390895992203234,0.003635795214413484,-0.00047731630998204544,-0.002316966381456842
2019-07-26,0.0001736166400507777,0.008293373579650876,0.003987963043081244,0.004529688730514181,0.00019616923944987263
2019-07-29,0.0005687696248806162,-0.005239933811362341,-0.009095279226412956,-0.010714365144674387,0.0025496999401499743
2019-07-30,0.0005780776272763521,-0.006641030904708245,-0.01209725738804368,-0.016866657299423937,0.0009633697639037653
2019-07-31,0.0005444008322306182,0.007201003879594214,0.008745311867212058,0.009161121401294325,0.0010692313891949023
2019-08-01,0.0008656976278411666,-0.00908496718201024,-0.014257148453940105,-0.018594941835928358,-9.728200779324236e-05
2019-08-02,0.0002501895621331851,0.0041177123535638405,-0.002305951795376404,-0.0053075431183764454,0.0022524653323645616
2019-08-05,0.0006720413462701913,-0.008199526778672306,-0.010767574219350817,-0.012688271255683281,-0.0010503948520610429
2019-08-06,4.744741096773808e-05,0.015544352418677354,0.014489113229589012,0.010747158189234662,0.0013349819556280895
2019-08-07,0.0006915558975633118,-0.006363605663292415,-0.007249167790035371,-0.015895537793698233,0.000957067811935497
2019-08-08,0.0007787797361453741,0.008709080597230523,0.006567734962796612,0.012813694728569303,0.0008464960346408201
2019-08-09,0.0002522737942711739,0.016796069686000337,0.010271083448865737,0.0024095471743248442,-0.0017336487527416233
2019-08-13,0.0004569579801998458,-0.020697982184906705,-0.023597631477523695,-0.02271926991028128,0.00017600826636532396
2019-08-14,-2.686905651771987e-05,0.0036459379725286567,0.013795440726453556,0.011366140395804969,-0.0024770644043434764
2019-08-16,0.0004605154038412884,0.002732948571259941,0.004890518843344349,0.0026587052723627824,0.001678283401830738
2019-08-19,0.0006228302551196663,-0.0008783800822063093,-0.0013991569834567175,0.0008662661287006657,0.00028058455338508814
2019-08-20,0.00020340212691771775,-0.0014028578759848198,-0.00900242403102447,-0.00648110387076517,0.0007591733445804216
2019-08-21,0.00026813036428752213,-0.005739367426931041,-0.019285642251632873,-0.01479204318603311,0.001271687591647197
2019-08-22,0.0001350032408176105,-0.013817983078637353,-0.013841842084038936,-0.017729805556637834,0.001095028277652066
2019-08-23,0.0001820263714127357,-0.00041027359449063994,0.00797391099888567,0.008339843273197811,0.0006293362804690172
2019-08-26,0.0006655583886978622,0.022026337052381884,0.01931256909299295,0.018629874983733696,0.0020482249939475228
2019-08-27,0.0003821951971747506,0.003420927582306277,0.018429263943834595,0.009533769270305692,5.191631090672999e-05
2019-08-28,0.00016087188473856706,-0.0017685429846049372,0.004394492132315353,-0.007942860842490851,-0.0003873554405469104
2019-08-29,0.00023505232653309172,-0.0069565582459565345,-0.00863380451572493,-0.00972699738655547,-0.0008582382213627726
2019-08-30,0.0001960319287865886,0.007979774706122544,0.010235719836416912,0.006422546012269992,0.0003005414410661711
2019-09-03,0.0009159078829528156,-0.01716696795191741,-0.005559397362879914,-0.018704162301171556,0.0020065606271768566
2019-09-04,0.00036308233321569183,0.002662911278965563,0.0002890952490712806,0.006782252095946406,0.0005438511576449923
2019-09-05,0.00011925483034302964,-0.00040859061773790284,-0.0033587845886465795,0.005585683297180122,-0.0005515294642987056
2019-09-06,0.00016652398506944444,0.0044473681969530166,0.012967063111076316,0.008056349505952909,-0.00044013733348591266
2019-09-09,0.0005898380619933086,0.01077563824037453,0.011129852143570096,0.007697726050115428,0.0015724211694183587
2019-09-11,0.00029767973844641027,0.001262348261335422,-0.002693489331257126,0.008137370853524395,-0.0006514904587527903
2019-09-12,0.00024969473707514567,-0.005162400966719716,-0.009893849240601993,-0.002261477069265938,-0.0006439406777126733
2019-09-13,0.0002497060358150893,0.005184979348498819,0.005982455596540648,0.009028292951832384,0.0007374513574689434
2019-09-16,0.0005940263703148041,-0.0014178337092582982,-0.014189314106119455,-0.007389906950522773,-0.00030632511527062256
2019-09-17,-5.0271845618232724e-05,-0.016908131506757296,-0.020140809852001174,-0.023450193954475673,-0.0005237704024524392
2019-09-18,0.00017284574679532483,0.0046399999999999775,0.006078718305534858,0.005426228771004293,0.0016645740339751303
2019-09-19,0.00022940768143020485,-0.010897701332483911,-0.012436711682701329,-0.013346254193067453,0.00042292113018849165
2019-09-20,-0.0005630426621504592,0.0628090160221384,0.061941291318106106,0.060897736167229155,-0.0038723729582937905
2019-09-23,0.0005291923080679162,0.0393375201242705,0.022995759861534237,0.0417006124483692,0.0005229871158625166
2019-09-24,5.5085339006222256e-05,-0.009441754790359136,-0.006167366706194,-0.00698954576156241,-0.0001831162795034036
2019-09-25,0.0002199369997670786,-0.009133450403696619,-0.0062967072384254585,-0.02126768979960514,0.00015184784845589938
2019-09-26,0.0004097790937764856,0.009197837666580888,0.008285469008044055,0.01515995610703147,0.000205096651797243
2019-09-27,0.00018603993925214724,-0.0007907309846857391,-2.5969159767824657e-05,-0.005024972422241869,0.00012782624152896105
2019-09-30,0.0008684739474715819,-0.007063300684140628,-0.016637388770272765,-0.005551764001281434,0.001536381555166999
2019-10-01,0.00047608742378635327,-0.004125342377708008,-0.012925424150849518,-0.013087128002868376,0.0008461063488549581
2019-10-03,0.000406367671087704,-0.006348683100032115,0.0014925487228292234,2.8383287919986344e-05,0.0014105346484156733
2019-10-04,0.00033216531441015995,-0.005475925911122115,-0.01688589000604912,-0.014438168762239911,-0.0004303896186574896
2019-10-07,0.000631723365539516,-0.002210468780142749,0.0013121168948637685,-0.008674040945389816,0.0005154957217834433
2019-10-09,0.00032244085775134934,0.010379995649827167,0.010326164916239167,0.01937071327103035,0.00036205359984720076
2019-10-10,0.00022102056753769972,-0.00660771877229982,-0.014737116774526604,-0.012208641232947515,0.0002353159530958937
2019-10-11,0.00033740241788615677,0.010941647888821793,0.007082489484343313,0.005845101914227824,0.00027502294619141665
2019-10-14,0.0005432494429187251,-0.000522007685223369,0.005619183342776113,0.003269839175541467,0.0008586306960474133
2019-10-15,0.00022992447812697492,0.010614404213193707,0.0027554353991727787,0.005672120555433313,0.0004090883816252333
2019-10-16,0.0002731097314367936,0.004961623561129169,0.0028763403746145944,0.0011598652509490215,0.0006583761994687354
2019-10-17,0.00019111729991916349,0.008223983293934145,0.021401693320790338,0.013686455236488815,0.00024532347983741154
2019-10-18,0.00016594947793935333,0.004514804019106533,0.016967777322258515,0.007596787612081934,0.0009050282284188693
2019-10-22,0.0006457258941223731,0.002237602926838722,0.012150876295206725,-0.0023713876648921994,0.0010587643961905702
2019-10-23,0.000180477115733213,-0.0010999298818779035,0.01438745557911747,0.002154091380290435,0.0008854392095178909
2019-10-24,0.0002998642623528447,0.00038954552379411034,-0.007639418034476875,-0.009384775808133461,0.0006077889271669523
2019-10-25,0.0001728194134993366,-0.0016674538076741907,0.0008943024801988386,0.005712280701754446,0.00035377917854706453
2019-10-29,0.0006518491329854381,0.019280156017687178,0.018050574098509298,0.02376041419540309,0.0008014841616323931
2019-10-30,0.0005577279570423421,0.002629410371773444,0.01243796531554131,0.008249772354265827,0.0009357417826474368
2019-10-31,0.00024342174196423372,0.005082539304655853,0.007248508793129549,0.00680053214502041,0.0014805347807336222
2019-11-01,0.00015790733816567482,-0.0016693204098859882,-0.007533647568560009,0.00199817907874289,0.0006308572568936022
2019-11-04,0.0004900502735298851,-0.0022953875702597104,-1.7518657370096946e-05,0.003457675637860591,0.0004041239007142039
2019-11-05,0.0001500326224406212,-0.0021477938872803692,-0.01535011650111251,-0.00453024123000334,-0.0001370580778687902
2019-11-06,-0.00015525573446284469,0.002960045998925631,0.0014340412206788056,0.0034426594611420835,-5.574896438098609e-05
2019-11-07,0.00017281653053879964,0.0022554420081732918,-0.004002814228912022,-0.0012942560701679762,0.00019939564753390648
2019-11-08,0.00016324272617285196,-0.008990176284976226,-0.0055957802429891235,-0.012514860392635607,-0.0006072485541777084
2019-11-11,0.0005802402141552587,0.002004970656419136,0.00784445273596135,0.004980992510886351,0.00015026394616746153
2019-11-13,0.00042510581053001317,-0.00045476336198979617,0.009371045338772532,-0.009904516254360507,0.000896855690867504
2019-11-14,0.00019880618294032537,0.0032397674343658256,0.0018973659059569048,-0.0007820845414314714,0.0009019514532495609
2019-11-15,0.00024125558837218009,-0.0011677651469342853,-0.002407696179718366,0.006782462140116241,0.0006693050295456526
2019-11-18,0.0004758969170619576,-0.004048445132217693,0.006630087683703545,0.005683049451740141,0.0008750120256888483
2019-11-19,0.00015982510988910015,-0.006536133936610455,0.004800479522160339,0.007372072853425893,0.0003511373712168364
2019-11-20,0.00020666118752421525,-0.0015678266672018992,0.0018698533246583882,0.0040668122982969734,0.000558877225458998
2019-11-21,0.00016160768321360486,-0.004687885989387297,-0.0015129383212130199,-0.005112855636390745,0.00014307104947519633
2019-11-22,0.00016521479412867635,-0.00325926553009237,-0.007837701173475597,-0.004242459930835718,0.00033247829582983
2019-11-25,0.00045950266477157165,0.01158757274806721,0.005711624473871524,0.013832626828199635,0.0009951444265381415
2019-11-26,0.00014932908179154936,-0.004272427861038319,-0.008761675098075239,-0.004708814444606579,0.0003424746894897801
2019-11-27,0.0002384697296042848,0.0071327414294994895,0.01085410162344358,0.004544619048507004,0.0002725817337632108
2019-11-28,0.00019410819913301403,0.0019218291246543284,0.00885059155086787,0.004608918177117172,0.0006721415891357552
2019-11-29,0.00026638127509248655,-0.002561955062282517,-0.004434011025388873,-0.006865822143266365,0.0002912177331402255
2019-12-02,0.0004959307437371052,-0.00832251210010626,-0.003974524151007519,-0.0025463012183970513,0.0004331172523304172
2019-12-03,0.00017603401977095423,0.0010752048169175854,-0.006936539121976004,-0.008540426461732031,0.00013866772219062184
2019-12-04,0.0001406429104300333,0.0007038863348236557,0.0019397875888702565,0.007065893691761582,0.0007459679650370088
2019-12-05,-0.0002057510487226688,-3.641534964482496e-05,-0.005110774325235878,-0.006858856999503504,-0.003201498629183619
2019-12-06,0.00017744060169233578,-0.007982918662396421,-0.008666204093421004,-0.012683807722074114,-0.000703433578056023
2019-12-09,0.000512628020462147,-0.0007902251658699067,-0.002144188219577625,0.0007784261638286161,-0.00014496491783688725
2019-12-10,0.0001985017250181187,-0.006344203494049405,-0.01487066279752891,-0.008545148955381388,-0.00029062496122278514
2019-12-11,0.00018626672554700185,0.005300807186057632,0.005043760176522527,0.0031435844543441505,-0.0005918713718480184
2019-12-12,0.0001497486181392116,0.005348349231912852,0.008296352769406656,0.010505936592488885,-9.804998195894754e-05
2019-12-13,0.0001377036805580989,0.00869128233959926,0.006095277497405238,0.014948314120257544,-0.0007230260930050081
2019-12-16,0.00042830955242556534,-0.0030922817030455407,-0.009080435322060265,-0.0040126485079879926,0.0008099041199129964
2019-12-17,0.0001396525214603095,0.01142140484236931,0.0034540306265729015,0.012367524273274144,0.00034775469436154616
2019-12-18,0.00013430149099735722,0.007517558639229094,-0.005274622630074055,-0.0012322207208756986,0.0006475659752760432
2019-12-19,0.00016356675385731378,0.004287853649279194,0.004917307165039908,0.002030642313079145,0.00012342155906908125
2019-12-20,0.0001139546555974924,0.002185289335675744,-0.0002264731005238163,0.0032974001268231135,0.0019888660068454467
2019-12-23,0.0004301087092770661,-0.00125828197837774,-0.0022830805891774775,-0.002148906585766719,0.0006288398328653244
2019-12-24,0.00014156438942847238,-0.004946007024601129,-0.0028496547877417955,-0.003312114686259471,5.796017940307152e-05
2019-12-26,0.0002914276011967143,-0.0010106493891958168,0.003148239782563511,-0.006005449389260731,-3.2560011356874696e-05
2019-12-27,0.0001848238356103593,0.007134354908771012,0.00798530189731328,0.014100040224940047,0.0005014405018051171
2019-12-30,0.00043185042765170323,0.0004798473450624563,0.002358172752998211,0.0018361782274971539,0.0004321943103962056
2019-12-31,0.0001388394433565754,-0.006507490986182529,-0.001850259850068925,-0.004685603110799907,2.862700958350395e-05
2020-01-01,0.00016263098264435172,0.0004996646986890063,-0.00016126745587285995,0.00019494512558138055,0.0007410279664865627
2020-01-02,0.0002653426829859473,0.0018568480895491124,0.009746733807288077,0.012682132810771574,0.00035691229904188937
2020-01-03,0.00012516385792404883,-0.00045163901861267064,-0.003349201668281676,-0.00459838276334712,0.001027462693550918
2020-01-06,0.00043018638923753016,-0.01893991236868886,-0.019028496953045093,-0.02259383614438959,-0.00018632455660261282
2020-01-07,0.0001393812597700883,0.0071148873715047856,0.009330743155899102,0.0028363826897783717,0.0004642748611070058
2020-01-08,0.00012471621709764236,0.0008463126574977942,-0.0016329492878526253,-0.0033135268134429907,0.0003368487185795299
2020-01-09,0.00012919719871229418,0.011464854636943134,0.016684038449546135,0.018064329768967102,0.0006046961272196949
2020-01-10,7.777758169780213e-05,0.005066684161691537,-0.0008464492069140128,0.0040142917192096395,-0.000343664448625991
2020-01-13,0.00039926726955341607,0.004502152230187795,0.007257917409179582,0.005500198865420414,0.000447566019230905
2020-01-14,0.00010323745299078979,0.004695489433756306,0.013657243754723325,0.0033205818825305933,-0.000785159385410017
2020-01-15,0.00012016694771710412,-0.0016798150540258128,0.004103985968456625,-0.0008559289942056125,0.00047886287586340615
2020-01-16,0.00014110291690672128,0.005484782182139991,0.002468751390062751,5.451486957963603e-05,0.0005344094159827062
2020-01-17,0.00015494388088788114,0.002327015657648701,0.001814151060928415,0.0004153287456813981,0.0003474398672989043
2020-01-20,0.0004374504991961903,-0.010403178259120627,-0.00219757006671073,-0.0064453018575652,0.0006343759173015329
2020-01-21,0.00016404723273488742,-0.005753686535445501,0.0024567969104796195,-0.005191779855998613,0.0003548698767279479
2020-01-22,0.00015189823221706256,-0.0032500443357570408,0.003051973819787168,-0.004454945199186211,0.0007295556119464308
2020-01-23,0.00016591545502353533,0.005390078360277606,0.013802459619018714,0.010413260624215548,0.0005246124756856929
2020-01-24,0.00018616498969392659,0.011916426674018599,0.011626543757808916,0.006044204114547647,0.0005017087839120915
2020-01-27,0.00044430880937773587,-0.005174708542963424,0.0041504973312318505,-0.011123418583476319,0.0007838499764134532
2020-01-28,0.00014465578529954115,-0.00023870853133178827,-0.0012843531493031968,-0.005535079550373134,0.0003222050967810475
2020-01-29,0.0001465051414313301,0.008540032094528804,0.004330154914882645,0.006647410279745136,-0.00019235709739595652
2020-01-30,0.00015497062402847206,-0.004659630422853667,-0.012040271214300402,-0.007156427289283673,0.00015623950871068715
2020-01-31,0.0001461733352559058,0.0019065038701659986,-0.006476998585808191,-0.006764603414237458,0.0001587971695371504
2020-02-03,0.0004519973819190337,-0.006393221786274217,-0.02801943207565183,-0.03371323949500571,0.0019620599564216246
2020-02-04,0.00016165758145336717,0.01852702467430012,0.009196709307834894,0.024123156800519352,0.0007439939398312667
2020-02-05,0.0001527211234679804,0.008133954760445539,0.010488883729426357,0.016694145636751312,0.00011650457940248771
2020-02-06,0.0005882553547928993,0.00463031439961048,-0.0016151185912651744,0.009164789249464622,0.003484432682356653
2020-02-07,0.00020780158773137103,0.0007199837689444433,0.009532093185391055,-1.8320147189387903e-05,0.002850853845157042
2020-02-10,0.0005402867425077229,0.006410601444672981,-0.0013594062194091094,-0.010228063839030965,0.000966342996123748
2020-02-11,0.00021357760935569736,0.0007933239560657945,0.008081937247911508,0.009085668653385559,0.00028304213430385694
2020-02-12,0.0001791708066887221,0.008582483041668976,0.0010506370423650768,-0.0013049835697851453,-4.1518132884776904e-05
2020-02-13,0.00031036684059992936,-0.0002825886533590616,-0.003817244631323935,-0.001107274425634186,0.0010967629842173476
2020-02-14,0.00014808475457406267,-0.008121420268040414,-0.0149017237579393,-0.00662737001371172,0.0006680563770671277
2020-02-17,0.0004915035928416689,-0.005186690581490017,-0.008816964096549196,-0.00850937803268903,0.0011758104420129811
2020-02-18,0.00012111971462069882,-0.004646166241439431,0.009131373792957254,-0.003104389083431802,-0.0004330868135256072
2020-02-19,,0.010616444516395873,0.023791085798721356,0.008676017753331378,
2020-02-20,,-0.0017709920403251589,0.004991914621046423,0.0037662585669120396,
2020-02-24,0.0005869562533988848,-0.018005231466540206,-0.016568043439236013,-0.021513956855823135,0.00111638363070643
2020-02-25,0.00019616566633140486,-0.0036278527578399444,-0.0011806414986275104,-0.0048283870270853235,-0.00043408938295019794
2020-02-26,0.00015053674580500775,-0.007517207571513751,-0.014699175759689376,-0.01081617922403555,-0.05905542646790074
2020-02-27,0.00011652318849608712,-0.002403528357595053,-0.014147612313902047,-0.005963745693155276,-0.0006077089710160299
2020-02-28,2.022521009958922e-05,-0.026504352051418434,-0.03678969598530757,-0.035122336227308426,-0.0009229521195734947
2020-03-02,0.00043065947232956425,-0.0016978410193096982,0.002236426877980424,-0.012590272712972195,0.0005273074785485665
2020-03-03,9.221209277199272e-05,0.014196727707292967,0.019489308594427435,0.016551140823733546,0.00017545071867064443
2020-03-04,0.000931690107069505,-0.008739414197813211,-0.008788437355857104,-0.009998660766440626,0.0028385520201399395
2020-03-05,0.000284045653164533,0.010596712664248997,0.011401879080630506,0.00151681738900189,-0.00017424803194276972
2020-03-06,0.00012125712376676034,-0.010183614502749627,-0.017454086149044645,-0.025835931774747523,0.001222650787968016
2020-03-09,0.0004839460440035914,-0.033885952010124565,-0.04512167111497278,-0.0442835017331662,-0.00019498043448917812
2020-03-11,3.8641753776103016e-05,0.000886949944833848,-0.005317968655311089,-0.012029114346038372,-0.00176258898138959
2020-03-12,-0.0008820400877477264,-0.06896497996879936,-0.07702791113577256,-0.09005926884058657,-0.005405938894030182
2020-03-13,-0.0009330906913332937,0.01665136108141807,0.019786616512948996,0.04926143894081214,-0.004794392993416663
2020-03-16,6.412021381652089e-05,-0.05640135062006291,-0.05762853643234833,-0.06588260703101223,-0.0002670312679272646
2020-03-17,-0.000363340471831175,-0.021103910263679082,-0.023471975653056143,-0.02214351774003709,-0.004140431749822704
2020-03-18,-0.0016860795669612072,-0.0566973335412444,-0.06261822211256685,-0.04306876600927856,-0.0041274636506067885
2020-03-19,-0.005415415219132136,-0.030893264503209283,-0.027999104176431033,-0.030968167030432814,-0.008275364225546755
2020-03-20,-0.00028266834111212447,0.04526093143848575,0.06902948735611414,0.04151969742042416,0.0045194875552607705
2020-03-23,-0.002619583047316243,-0.12236158060380009,-0.10011887435980038,-0.12951244120658179,-0.0062768275953623
2020-03-24,-0.001881044321589087,0.0212424594183227,0.006071664905332286,0.016047862344624297,0.0007723383203659395
2020-03-25,,0.051043021380637876,0.024751199518965317,0.04196041754914259,
2020-03-26,,0.04559448035556968,0.03889926713608283,0.03689765097969766,
2020-03-27,0.013526636277158444,0.005372679333882635,-0.0010373874434623787,-0.00400604011474659,0.02546407397440409
2020-03-30,0.0014086879591301837,-0.036901628615418014,-0.007866947282914705,-0.0364760950818267,-0.0010294147486320515
2020-03-31,0.00033218476375918016,0.02019295874144178,0.032975672387846044,0.04260982121187595,0.003196369909572505
2020-04-01,,-0.03503416681841276,-0.015656383697365328,-0.03644560317201684,
2020-04-03,,-0.0252419663208705,-0.0016927944146933882,-0.017796746658076956,
2020-04-07,0.0013161168023707592,0.06561532034561468,0.07044570779112158,0.0704148561121587,-0.004764625730737104
2020-04-08,-0.0008365140289082751,0.0031505850574300442,0.038908273573798446,0.0037607662465486413,-0.005202582742264483
2020-04-09,-0.0008995072472507415,0.044410501056825646,0.02469474126669491,0.03814207608575382,5.73726600150426e-05
2020-04-13,0.0002068507293879751,-0.02129183873690932,0.0013593103711762033,-0.0036935493355285676,0.0010852372223391082
2020-04-15,0.00019529756803127185,-0.0034968458450477247,0.00278722135316789,0.003220320851669678,0.0019429861814659333
2020-04-16,0.0003563259723415868,0.002933621548783627,0.014984730913642164,0.01181774058331242,0.001774439223413804
2020-04-17,0.002686216143041431,0.029276064117635947,0.002981111080420984,0.02696073087238071,0.005594604275716009
2020-04-20,0.0014066022082779295,-0.0016498097506475462,-0.005850081338555357,0.0012774374816435508,0.0052255199497117655
2020-04-21,0.0015433139599094758,-0.027214636748499,-0.011806606713560597,-0.03290240954487944,0.002024608644023207
2020-04-22,0.0006032307303640572,0.018075072454298846,3.604123116840441e-05,0.008865403730339727,0.00038987741341500737
2020-04-23,0.001617823449011846,0.015164156115629046,0.013587054456337455,0.004716126835558665,0.0031754911647694506
2020-04-24,-0.0009383269559681828,-0.021871359289062253,-0.004424848685977922,-0.01809096677434241,-0.005937706240007556
2020-04-27,-0.0007067158243553306,0.014071340031992952,0.02501825425800419,0.008029872447293585,0.00018498002552047588
2020-04-28,-0.0013851903548145472,0.012462527059048378,0.002102202667048747,0.004720537616784037,-0.001193068634400496
2020-04-29,0.0002812951383173168,0.01574668609147656,0.0010141262963914155,0.019543867662892733,0.00023028007983039167
2020-04-30,0.0010965329320085093,0.02347741015856708,0.0017869134639878492,0.033922171018945235,0.0007176083312576687
2020-05-04,0.0007750906181807071,-0.04893566866996968,-0.0024540680897949807,-0.054276202660503814,0.002891919308791513
2020-05-05,0.0007556146434426481,-0.01215166846682958,-0.0010292277509152958,-0.012545910760391243,0.002263130887980358
2020-05-06,0.0006562741559212881,0.009734572348658377,0.007188821083600194,0.00040877955365692387,0.0028911231143284866
2020-05-07,,-0.015323941093329574,-0.00031858746761337375,-0.010822710021314186,
2020-05-08,,0.006781065801110264,-0.003945216209367164,-0.00471138137255267,
2020-05-11,0.00034346108118810115,-0.000894526372431037,-0.0007382008330297785,-0.0012226812989586389,-0.003081942229735457
2020-05-12,0.0013419123955926704,-0.002329231859841019,-0.00549141087017746,0.0020852207638570874,0.0019963933964011193
2020-05-13,-0.00014428432050594964,0.01227547258608519,0.0010376280791855041,0.022187354067432663,0.0012976041000554162
2020-05-14,0.00014325147745353206,-0.0125664616317257,0.004766204125285389,-0.0196115695834278,0.0025731986444090804
2020-05-15,0.001071376004469382,-0.0024118742686481953,0.003199034312005189,-0.0025275118547015696,-9.299254664640877e-06
2020-05-18,0.002089803945706903,-0.030877222206798338,-0.021812464320244196,-0.04097993048548054,0.0012567395314326824
2020-05-19,0.0008721018698252259,0.010747656858017374,0.006942356628447222,0.0052882835486447455,0.0010767061945433642
2020-05-20,0.0002356440353648015,0.018151370859550653,0.007349181754670697,0.01889037920313852,0.0008939707010877651
2020-05-21,0.0010892414024001873,0.004078233415067967,0.011276549581173523,0.011375958300835043,0.0008084234947334235
2020-05-22,0.0011708626244983922,-0.010523835158157913,0.002135913030985037,-0.012496943477852018,0.004486731658780885
2020-05-26,0.001546431089314515,-0.004933780401240151,-0.0007321175975838479,-0.0018095031294880215,0.000509105278756472
2020-05-27,1.967008141123827e-05,0.01274876278572079,0.0069076071673837,0.026020119987177015,-0.0001922161668276301
2020-05-28,-3.327824348087205e-05,0.019951713655489423,0.0051864855006382715,0.018400868898923672,-0.0002185891649566507
2020-05-29,-0.0009779205788870149,0.014218440128758836,0.005857137997119732,0.015771038704422757,-2.700034705316323e-05
2020-06-01,0.000439959202768625,0.021547186546671204,0.011676127449046003,0.029009999604474368,-0.0009424034118823421
2020-06-02,-0.0001424370647175044,0.014460119013686157,0.004801164909335132,0.007939087074872786,-0.0007514698156327881
2020-06-03,0.00016901995915885593,0.007039468138680061,0.0008798586311173917,0.006222894009727753,0.000926190408651939
2020-06-04,-0.00019097212782825945,-0.006730566990174602,-0.0003379676142071242,0.001722676626034536,-9.688319511536037e-05
2020-06-05,0.000161517192575511,0.010719579600603213,0.017643070522401105,0.02809324977815697,0.0005292839704074126
2020-06-08,0.00045884387469441457,-0.000998377369542891,0.0004120986349913647,0.010310657914985644,-0.0002648313808057967
2020-06-09,3.390919192747255e-05,-0.010939626614622,-0.009040659376553739,-0.01456310679611661,0.0005126701349877916
2020-06-10,0.0003087722055870046,0.005307455969535635,0.004396759472901524,0.0012264867371420962,0.000633593774183927
2020-06-11,0.0007113383001948748,-0.014908540719234198,-0.007894472957327925,-0.024660780029735263,0.000995204981290465
2020-06-12,0.0002513133803843104,0.008077237353235622,0.004417858882119985,0.005949452024155644,0.0002663077320641527
2020-06-15,0.000911941871383215,-0.015589408824823514,-0.007550877398414424,-0.01745204279889445,0.0011306848137195846
2020-06-16,0.0006188398592659183,0.009343695647387795,0.010655713527225386,0.0003864337387986527,0.0011215282200927046
2020-06-17,0.00016320653904489113,-0.0023928245800014514,0.01043027150080622,-0.0003967245861361546,0.0014711766133421733
2020-06-18,0.001361198758915716,0.010197723004130355,0.00293538894806189,0.02121926340086122,0.002009990352832336
2020-06-19,0.0004430647053916825,0.007313520381108107,0.003837596929922471,0.0170726884711625,0.0018628157145825774
2020-06-22,-0.0001275442748291944,0.008044692737430248,0.030230164536443338,0.014604045022155843,0.0010360179332875585
2020-06-23,0.0003788904174475416,0.017024623569735553,0.013948380202141841,0.014248477860845377,0.001486593933706093
2020-06-24,0.00012728114713866923,-0.014214125680368617,-0.01923060417707334,-0.01870285200578481,0.00013665993996059278
2020-06-25,0.0001534434503236426,0.0009928797552456459,0.012570052401471576,0.00025226540976541756,0.00116275211127026
2020-06-26,0.0002983614102241017,0.001962550125739204,-0.005384243094686658,0.008040591214086179,0.0011217567516628169
2020-06-29,-6.686013534062951e-05,-0.004186628227413336,-0.009686753269322557,-0.017776665821726323,0.001019226374722182
2020-06-30,0.00012783958333395518,0.0013496109757007435,-0.010625584582636516,-0.0025505330647620506,0.0009423108601163133
2020-07-01,0.0004385942223801287,0.004625860174022334,-0.0013213999389850573,0.013668987392811971,0.0008422924089368511
2020-07-02,0.00034239764127197425,0.007875998518753535,0.003967669003340779,0.008422943820522777,0.0010837006629738077
2020-07-03,0.0007602488740894309,-0.0010749595315527882,0.011341181881705742,0.0060778983423017685,0.0008063989404938354
2020-07-06,0.0005445394962342309,0.013800350998875555,0.01650177716828516,0.013827083047447397,0.001402791885388499
2020-07-07,0.0004475901996687792,0.016009088817064754,-0.0030629979522653894,0.0010731619282109417,0.0015543951183347726
2020-07-08,0.0004732584991364863,-0.014642716493257102,0.0022663329593508585,-0.004919019672859459,0.0017723140197705156
2020-07-09,0.0001964434887204991,0.00736181835878047,0.003990266299040979,0.0071529554873295265,0.0007414986504465926
2020-07-10,0.0004313449523454249,-0.005891639874026633,1.7153247109380487e-06,-0.006241286932164858,0.0020422694510420225
2020-07-13,0.0005336679520901999,-0.0069501598474728254,0.005928152032399048,0.0031547882639291203,0.0006522199206049351
2020-07-14,-0.0003045341996252837,-0.01568223228694887,-0.011114578377558026,-0.01720010182150944,-0.0006011637453398055
2020-07-15,0.00011939389585258198,0.0018785937625609428,-0.0012518989720978757,-0.0035474363051581914,0.0012588425189932195
2020-07-16,0.00010601556319511651,0.0046454468286381,0.001058369144654847,0.01091709522352402,0.00022480804851232605
2020-07-17,0.00010354338718632228,0.009081890445624241,0.009648054694156194,0.01770248498755067,0.00037011352496008065
2020-07-20,0.0003095861314978965,0.015138418214424743,0.00886573283225145,0.008263934195545719,0.0005498441041542623
2020-07-21,0.0002513947870170785,0.002478604594857048,-0.004883252340879385,0.012389459126838087,-0.0006013613798045991
2020-07-22,7.46065281356234e-05,-0.0068074968428851745,0.001796816775734733,-0.000457430743105669,-0.00045961412897355114
2020-07-23,0.00012775931918485028,0.0069015544468555845,0.013037526199041416,0.009428639492458313,0.0005116999324992211
2020-07-24,2.509360581393061e-05,-0.011698683181812553,-0.00516399022195102,-0.0073128470108932975,6.528998675636721e-05
2020-07-27,0.00039185945249409215,-0.007241874893867406,-0.004717219621206747,-0.009822291596935706,-0.0006042129773938809
2020-07-28,2.9309611413896874e-05,0.01580344980798487,0.00468031136601077,0.00714915287435125,-0.0007589250547097581
2020-07-29,4.412391327068832e-05,-0.0015976507551878072,0.01346147039639467,-0.0038173925044855395,0.0002973912887425101
2020-07-30,0.00016723166976917447,-0.003194244189992701,-0.008928838702166986,-0.012919294555507554,0.00044018765962405837
2020-07-31,0.00013735000379466733,0.003379870170066468,0.013590271520167452,0.0014609996044454565,0.0009754160568982151
2020-08-03,0.0002674983776742579,-0.011320824559094445,0.010525792993841376,-0.0073198234068713175,0.00042292956463207965
2020-08-04,0.0002588416363895618,0.014060865242414566,0.004189070082142976,0.01089063161812831,0.00037222533831249294
2020-08-05,0.00023906133188811296,0.004137206759830869,0.0006998882462823097,0.0037233603565283158,0.00023271410496827905
2020-08-06,0.00014610528129077593,0.008663164087395758,0.013004903942717805,0.007811239963189109,-0.0011409286584022071
2020-08-07,-0.00011559625657175943,0.007920451208521806,0.00764450939148098,0.0037655210069003076,-0.000490807753098621
2020-08-10,0.0003201920748654441,0.011358339227158787,0.016120144830549243,0.013017340823618717,-0.0002458444918349567
2020-08-11,0.0001762144080954542,-3.774716945892376e-05,-0.009773594633167848,0.007801385610023415,7.940680554741064e-05
2020-08-12,0.00012651355049109192,-0.0042854588440982555,-0.003857228573333371,0.0045319117012123655,-0.00043542210010472093
2020-08-13,0.00012124687831716052,0.002065155146027342,-0.0002756726092969508,0.010458675884689406,0.0007565551564583384
2020-08-14,0.00010747663701371479,-0.01144744806932585,-0.0014823481031523977,-0.012634093953252767,-0.0007009327847068425
2020-08-17,0.0003094893643262875,0.00870565343764551,0.0015053004774501222,0.004634948181462706,4.419934802757375e-05
2020-08-18,0.00044132302400190504,0.01316343870873693,0.00865322698901494,0.011562803173840397,-0.00021137884341171365
2020-08-19,0.00015573951657632534,0.0027080668462846624,0.010318808517362665,0.005059904093321244,-0.0002818980451653186
2020-08-20,0.00023685943173701318,-0.0016884620449849619,0.009825527289221148,0.0020041998456465926,0.0004966649748014973
2020-08-21,0.00021040281526230054,0.005064108622373276,0.008562086745338426,0.0076723746745956944,-0.0030470482960679446
2020-08-24,0.00019694359023247898,0.009465971868510836,0.008859505655248512,0.0053149571307526955,-0.0019486952800839008
2020-08-25,-1.741771024543759e-05,0.0053464831590630535,-0.0018875564364151387,0.0037161246213148758,0.0009321530353232355
2020-08-26,0.00017589676048057612,0.0021542446920839176,0.0022678261506130504,0.004823939423299839,-0.0005479659978094853
2020-08-27,0.00011014212384474753,-0.0018992108451487688,-0.0064472344757382505,0.00257716897111937,-0.0006814720052715773
2020-08-28,0.00014884596099684622,0.006468832078614151,-0.002248278566002626,0.010978730349325838,-0.0008937943113984659
2020-08-31,0.0003120838710131135,-0.0301977454753235,-0.04101455771202622,-0.030886316790867174,0.004144264222302629
2020-09-01,0.00026096078166548686,0.013517734983589547,0.010348039874767068,0.006850680159799616,0.004267727532972332
2020-09-02,3.278879318369121e-05,0.0058815841066528485,0.015351200292765821,0.007415636060672304,0.00034640976952249325
2020-09-03,9.253270237641331e-05,0.003950491823626168,0.0023997091639869073,-0.003750909133566238,0.0014401055992252498
2020-09-04,0.00010406965387432798,-0.012251071630713817,-0.01794539333083256,-0.02244594574704528,0.0002060715176623873
2020-09-07,0.0003329562343945547,-0.0026538790245772548,0.0012188550053890967,0.0001686340640809636,-0.0014064832178803943
2020-09-08,7.004264923193837e-05,-0.00612585054022774,-0.010533664508959317,-0.011838523978129456,-0.0023116698125562607
2020-09-09,8.824984202093766e-05,-0.007157992763087817,-0.003374211044181563,-0.00871713934016638,0.00013252953423870117
2020-09-10,3.450168372776119e-05,0.006822093009391628,0.018364942224277092,0.012233243069621702,-0.00039049421844505883
2020-09-11,0.00010553495299836513,0.0016204448427024065,0.005258793819340912,0.0009595442771990204,-0.00023118603559502127
2020-09-14,0.0003138528234956084,0.0016907336759466318,0.008058622993184716,0.005220862822663541,8.455294551712456e-05
2020-09-15,0.00011040097043224506,0.008018413235496569,0.013130774172773751,0.00817539835828085,-0.0008198380307489206
2020-09-16,5.704410031892593e-05,0.005522964211972514,0.01442693026983699,0.002514450607509433,0.0007320494050013782
2020-09-17,0.000141962747212121,-0.005434402875575506,-0.0034479731427412563,-0.008205213953641266,0.000322199204942919
2020-09-18,7.803760581537311e-05,-0.002644232645637734,0.007273693803159009,-0.0006111494124836359,0.0002497360162239115
2020-09-21,0.00032217108243326464,-0.02400206620868317,-0.029377749027803546,-0.029919447640966657,0.0006120205705490989
2020-09-22,0.0001062374845737235,-0.007094828934231967,-0.009589781670514053,-0.006564687323383778,0.00029686595286615436
2020-09-23,5.223453713365522e-05,-0.0038927868355964623,0.01153822625652312,-0.009502613218635103,0.0003626574153847706
2020-09-24,6.882094164684105e-05,-0.026036440882380996,-0.018679183549417,-0.032331667045368495,-0.00020843643264245593
2020-09-25,0.00011013787290292676,0.023394283478528788,0.01902525586914905,0.027557912382145,-0.0002602801048795511
2020-09-28,0.0003279132622535652,0.020714072188114496,0.018059089788380334,0.01947460462045769,0.00013944922672859406
2020-09-29,0.00019160205086499182,0.0027394312741442217,0.00014317722446377523,-0.007839035157356622,-0.00020722591654298572
2020-09-30,0.00015378129950538444,0.004798292880644706,0.0005025714907946899,-0.005177363937306834,0.0008290754720963189
2020-10-01,0.0001780387787111426,0.013384903474063625,0.0007428233069946,0.013717295652036832,0.001217654650130573
2020-10-05,0.0005882736435536273,0.001810774105930335,0.010262517853313113,0.00799019272295065,0.0007929069936696287
2020-10-06,0.0002744741313258636,0.009845817037256399,0.007375923684257879,0.0062939480556361005,0.00048735989997639173
2020-10-07,0.0003446383534977393,-0.0015063523321457994,-0.003984534148772867,-0.000515335842527942,0.0006790385579131808
2020-10-08,0.00018485030301551575,0.006040294384670464,0.0024594062912182135,0.004054224096393,0.0008926642875028978
2020-10-09,0.00014427450343545978,-0.0002553680083408061,-0.008921354369368029,0.009668229641086379,0.0042257107571648245
2020-10-12,0.00033350415568067504,-0.0012541195811661687,-0.003291043648995573,-0.0018346013072291223,0.0008380359277793126
2020-10-13,6.309279325344974e-05,-0.004107447440633516,-0.0028003351916364716,-0.0018622369287042417,0.0012300325559595482
2020-10-14,0.00019251984635726416,0.00729105320576573,-0.0001762722372745662,0.0008599288355712886,0.0007717796859996184
2020-10-15,0.00011248255667384299,-0.02163815891625176,-0.01921098187267556,-0.02352298257331953,0.0008843337029118548
2020-10-16,0.0001203848758841719,0.009046147696925688,0.009548795398230725,0.011102750970052533,-3.410423644090166e-05
2020-10-19,0.0003251569556594891,0.005706796116504931,-0.0003131336543465979,0.013022635092542423,0.000804634797486603
2020-10-20,0.00013542665922328112,0.003513927315764942,0.002521208398909902,0.0017757514312251033,0.000817240428347521
2020-10-21,0.00011338202228916572,-0.002310686298842346,-0.0018670060666211574,0.008317602106519884,5.485857836839969e-05
2020-10-22,9.311818010759865e-05,0.00034133115292789284,0.0044637239948566165,0.0022868785460139485,-0.00017528561151025635
2020-10-23,0.00012179005703161216,0.009798837556748596,0.005858476918211952,0.006952918636760286,0.0007763108522707007
2020-10-26,0.0003435111199370233,-0.0062464443757181964,-0.012742200527912861,-0.018225506776875178,0.0012848659303210663
2020-10-27,8.18219332119341e-05,0.024537696956657085,0.0030566785426398013,0.004282330534047807,-0.00016488616875665052
2020-10-28,0.00013696443385713408,-0.01122030154560405,-0.000246917745717834,-0.011813770048227368,-9.0009964040072e-05
2020-10-29,9.093374649915553e-05,0.0016554941356063946,0.00443487891906158,-0.006564250505001201,-0.00012778788470124702
2020-10-30,,-0.0033623118165571064,0.006461820886450198,-0.000925928774236362,
2020-11-02,,0.0047489514315239845,0.0018012139605461108,0.00932637062855246,
2020-11-03,9.963344698227239e-05,0.010587372289821761,0.00504099596023555,0.011342039675784843,4.467389628737273e-05
2020-11-04,0.00015162568267590437,0.010888029154475287,0.009570243325320638,0.005743156624688828,5.033453590819192e-06
2020-11-05,0.00011513180776390186,0.016187596233566248,0.02230897270345511,0.021566810325436503,0.001246402671743807
2020-11-06,9.93019499533343e-05,0.0074121424369739675,0.0018749753580924455,0.008217368328342634,0.0006994039670595864
2020-11-09,0.00032927943575966623,0.011728784512508916,0.0025769101273442896,0.01848179628966351,6.279561033561976e-05
2020-11-10,0.0001239835267492495,0.005799981059827708,-0.008577314312048556,0.016010704299445955,-0.0001745608350788297
2020-11-11,0.00014385840069564004,0.011597024709408155,5.278894247617849e-05,0.011430468868715682,0.00015135433871948933
2020-11-12,0.00015506262813547167,0.00021424896080479705,0.007061614640533342,-0.004265110119411997,0.0006863288689515912
2020-11-13,0.0001568070884423456,0.004789721061955632,0.004206385144136959,0.0035597032649241633,0.0003275553079020721
2020-11-17,0.0004088677326714585,0.017353363120564902,0.014677353407703597,0.01840916114698099,0.0007445993026986564
2020-11-18,0.0001700426654360765,0.006332744773381416,0.0047897688707891906,0.006823755197782333,0.00035415803471749996
2020-11-19,0.00022282586470190324,-0.008801858340772073,-0.0037714544133270467,-0.01296035321239175,0.0010890420315081695
2020-11-20,0.00013121938667337574,0.01825595531234181,0.0020470361514577373,0.004723469342840847,0.0005576990002729154
2020-11-23,0.00027227904239768286,0.011634513920831147,0.011580448430748902,0.0018290295464937767,0.0004860724904864888
2020-11-24,5.008461968580846e-05,0.004688879082082931,0.01298571444666008,0.008931670533959712,0.0003288930684848257
2020-11-25,0.00012457132757925926,-0.016549950168793903,-0.010929934145130882,-0.014151160617298264,0.0007557052936875142
2020-11-26,0.0001765559385422666,0.01167350722911542,0.00895920567519437,0.011960992820106986,0.001042448060290857
2020-11-27,0.00012820057813400787,0.007309584569435312,0.011716012766413764,-0.0011186957962019406,4.367607823763109e-05
2020-12-01,0.00029255586873366823,0.004532226119899674,0.02479927185702624,0.014192359340426286,-0.0001615944316680773
2020-12-02,-8.624559464776027e-05,-0.002604601352211078,0.01116170702769681,0.006263820206649839,-0.0008205830944907344
2020-12-03,8.08226222430708e-05,0.006440687514809307,0.00677697635233887,0.007399475803874012,4.808881316797908e-05
2020-12-04,0.00014826087370667373,0.004642785407824146,0.010585390577154685,0.011210703048570858,0.0011378390176366437
2020-12-07,0.00030828623078038575,0.0024909294116490788,0.016196314851867788,0.013400444502549513,0.00024889230448699173
2020-12-08,1.5219598682003621e-05,0.0031222720986572305,-0.0067256245911351265,0.0008411275237052429,7.483620226400589e-06
2020-12-09,1.9154240550989243e-05,0.008020937220929447,0.003743355640782653,0.006537750611625093,-0.00022887233912538552
2020-12-10,0.00012589092649117894,0.0013886957899400532,-0.0018808114689536914,-0.0045871677120764565,0.00018276552306195626
2020-12-11,0.00011486355419432215,0.00029220648181782494,0.002093584925155323,0.004700936070356931,-0.00032305543082367105
2020-12-14,0.00026340975758287755,0.004985426222470446,0.005474995843488317,0.007447377923697651,0.0002458011057306919
2020-12-15,6.141068086540358e-05,0.0056528477023261026,0.004391525100014171,-0.0023971671229672253,0.00034241534419909847
2020-12-16,6.818720903334352e-05,0.005843041128047233,0.0034432370001213908,0.008182184192152775,-2.057529779642131e-05
2020-12-17,7.281544840997967e-05,0.005105783061374103,0.007132473485335078,0.0012081415598168554,0.00011410172636550087
2020-12-18,0.00010374654982281406,0.005449462161777996,0.01201710884727425,0.0021558742524492303,0.00023129459512549744
2020-12-21,0.00029012579235243585,-0.026370691551198755,-0.038868861112047015,-0.04077525120849601,-0.00028858391933117566
2020-12-22,9.297596618718096e-05,0.006447719579058875,0.01809700378324619,0.01180690872230139,6.671143190772888e-05
2020-12-23,8.668818843604598e-05,0.010728657314629242,0.016167268359056797,0.017262321887409282,0.00039151387442881713
2020-12-24,0.00010339346709131725,0.006728612624159025,0.007212102578260771,0.011603787304721891,0.00031283924674285757
2020-12-28,0.00036653688718057964,0.007570696598622195,0.01079613556906156,0.007730353174993487,0.0009444541354133307
2020-12-29,0.00012698013385081808,0.000977342847179541,0.003384828915757865,0.0035289347622600165,0.00028443818168688573
2020-12-30,0.00016077593903540688,0.008331328482114264,-0.0013316740641734492,0.0011123193104616291,0.00042684706243978354
2020-12-31,0.00011949624445528606,0.0021039682576569074,0.0017184772593914488,0.000998978600433631,0.00015673406023930525
2021-01-01,0.00014468713336723837,0.004661373984431227,0.011796258500895274,0.005460278588689693,0.0005758452207644815
2021-01-04,0.00030345608504256383,0.009019420762672814,0.011284911861658475,0.014413187955594431,0.0008962104963528006
2021-01-05,9.698626897725049e-05,0.01249083014453678,0.011180586392712799,0.0026401319577971094,0.0011636578597513658
2021-01-06,4.1677498568759574e-05,-0.007727404872332255,0.0005898787721976273,-0.0009442456985715442,-1.116408538537339e-05
2021-01-07,3.951078699726551e-05,-0.0018778245167675456,-0.005164623868533447,0.0049668470873669435,0.00032624302624517654
2021-01-08,8.089017894219452e-05,0.015507129994646318,0.02098394041176177,0.009518592402093295,0.0005915101551876578
2021-01-11,0.00013085245083965802,0.0062228545754081654,0.0022936208378490086,0.007608862680317241,-0.00155907731870919
2021-01-12,4.646762305782204e-05,-0.004111006095065206,-0.003673746172452752,0.00922181686472534,-0.001094796056996472
2021-01-13,0.00010143043288146636,-0.012791943720828147,1.1694552326524388e-06,0.00794518413229861,-0.00027896949043026975
2021-01-14,-2.366996067615368e-05,0.000334577781007539,0.005001754180797624,0.0013516299204481275,-0.0013430318337697145
2021-01-15,7.606127400650031e-05,-0.013542084433716073,-0.011270955587594389,-0.009778486861035551,-0.00048105496037365025
2021-01-18,0.00021933014499886383,-0.018579119279173106,-0.017702906115281913,-0.013267531166649693,-0.0014544440238289935
2021-01-19,4.4848024580712575e-06,0.018676029432684427,0.016204416467281435,0.014020537597594362,8.854104313815725e-05
2021-01-20,9.647916189825523e-05,0.007321482281736458,-0.004396503547621111,0.008169452386967757,0.0005785831944027375
2021-01-21,0.00010744411739715964,-0.004233602218108756,-0.012316965580943862,-0.007742588216558377,0.00022369747626882486
2021-01-22,9.089408664575416e-05,-0.004862033302939328,-0.0132930636752977,-0.014038797874826203,-0.00028469883908910365
2021-01-25,0.0002948269495803846,-0.009614763751079947,-0.013340915746509197,-0.011169760733479306,0.0003016049872006654
2021-01-27,0.0001468970365965383,-0.01894275726322725,-0.02011754013039757,-0.018924199104750072,0.00017256072642468645
2021-01-28,0.0001048756550141583,-0.014802191768683914,-0.0005605529112931995,-0.005320146476760046,0.0002018051596097692
2021-01-29,0.00010076644648004951,-0.02010452167041954,-0.004943429112534425,-0.009454323535832754,8.967308555751785e-05
2021-02-01,0.000245912902567369,0.0373380667663179,0.014159587294285458,0.04726448526741556,-0.0033406456007775143
2021-02-02,0.00010719184578444896,0.026714740981720997,0.005688686181414937,0.024964307664346208,-0.002415950898781327
2021-02-03,6.437123494462682e-06,0.007382078338978415,0.016178976128668587,0.01084004517074355,0.00045342243125867654
2021-02-04,8.368206675535284e-05,0.011527403935754466,0.004215380713383343,0.009818992618444211,2.503960953248452e-06
2021-02-05,0.00012128158241364595,0.002434456928839035,-0.003369562709687024,0.005990911916908814,-0.001153071131718697
2021-02-08,0.0002851087967967736,0.011338230597253363,0.01217265654126476,0.01356457487440843,0.0006524064774375837
2021-02-09,5.822030428181968e-05,-0.0025845451647406037,0.004043261331423631,-0.0004012670174202704,-0.000901249599166265
2021-02-10,0.00015636235521521158,0.009464381992434046,0.0003153008425604842,-0.0019264063439095036,5.704495832259404e-05
2021-02-11,9.567853093206402e-05,0.007808847462642321,-0.000919237715832133,0.0046736426775477735,0.0009001306317713009
2021-02-12,0.00010394543076275298,-0.00025103570579199097,-0.0013399390609629691,-0.0020598082432585763,0.000432125053232868
2021-02-15,0.00032860162435288665,0.019074693799035813,-0.0005501481676342124,0.011622382386689667,0.0004507183323421149
2021-02-16,0.0001581211627126322,-0.000834297554600183,-0.0023183842220071416,-0.0014577065711994797,0.0004367495322774584
2021-02-17,0.00015966948416767934,-0.00930319086034681,0.0007456789171633726,0.0018103723687481477,-0.00023704270771573999
2021-02-18,0.00015094717159103155,-0.002594011066033741,7.463270477359174e-05,0.002199082276238329,-0.00032843516595970623
2021-02-19,,-0.008717353707392905,-0.010040960667888732,-0.014113513573235759,
2021-02-22,,-0.01667667826834629,-0.00828495176027877,-0.01958050735389716,
2021-02-23,0.0001015318345991556,0.001136423186626434,0.00290446409633649,0.007427609951031311,-0.0005332761831713384
2021-02-24,0.00015616795946038486,0.007637846148323968,0.0035891981760614033,0.019184380183856042,0.00013166598221259207
2021-02-25,7.871181213903178e-05,0.002585524919443527,0.020028113907613943,0.012441970498190846,8.212368077087362e-05
2021-02-26,7.922208760291483e-05,-0.026035799038628182,-0.002849336269447278,-0.029735239590686913,-0.05042982888334768
2021-03-01,0.0002732586257274683,0.012813380634923544,0.02095324322576464,0.011718254184119425,0.0004211677039627215
2021-03-02,8.615284300006465e-05,0.01771478653412073,0.020390663673111264,0.011080692352843702,0.0005397651163925321
2021-03-03,9.424820848158433e-05,0.019366207567758975,0.004304036988967308,0.019399168638712494,0.00025720639560211644
2021-03-04,9.825667345286782e-05,-0.00266464913283182,0.010428959793961967,-0.009613900704903533,0.000190547524134832
2021-03-05,0.00010524863497685111,-0.007094255987909026,-0.01733813960232733,-0.015600035115441946,-0.0001905112226930905
2021-03-08,0.0002599076000771028,-0.005884243433546654,0.009297569489677082,0.009049521550301698,0.0003520843525537387
2021-03-09,6.171285682943228e-05,0.007197521865889289,-1.3706516077682807e-05,-0.0014626892713287543,-4.481893151664362e-05
2021-03-10,0.00014329240362731532,0.005331115682584375,-0.0008806557287169836,0.005106996895529958,-1.8455681317863792e-05
2021-03-12,0.00021324811781830988,-0.0075624325171537166,-0.0020749663032331167,-0.009413588060858014,-0.0005253374815440415
2021-03-15,0.00018712412044963322,-0.005906240083760839,-0.00017986064809394353,-0.004549283160095952,-0.0019402198608079457
2021-03-16,0.00014381985029143785,0.0007796250150777784,0.006242401812221354,-0.002446898288510746,-0.00013810137698300196
2021-03-17,0.00010661088828034515,-0.011789624072528149,-0.023279726801405998,-0.01803418841676041,0.0001989198848511009
2021-03-18,0.0001586217049180938,-0.014284800609230874,-0.004556132650146538,-0.01353815297657035,0.0002827932840558933
2021-03-19,0.0003692966674488929,0.007257978117422237,0.03417748352437289,0.011110854396747083,0.0016421153034447133
2021-03-22,0.00038627536283186714,0.000737046630183924,0.011468609395720808,0.0006375263065290238,0.0013795950506039212
2021-03-23,0.00020277056473672062,0.0067363151757204864,0.003458561086317369,0.0034778994674682373,0.002478796216477175
2021-03-24,0.0003587561371276582,-0.016518443290246765,-0.01769178842602681,-0.021270688686050865,0.0010537082450043922
2021-03-25,0.0001777470934143377,-0.01931020302020514,-0.01711194837677854,-0.014371611127128592,0.0004377079851192178
2021-03-26,0.00021976126600375956,0.014282190429205643,0.01088506599916328,0.01430515943505939,0.0005444358005239902
2021-03-30,0.0006602351606768142,0.011817833604902628,0.02374324508164216,0.018175813492663506,0.0008096534289969703
2021-03-31,0.00023490491135480518,-0.003274851692782743,-0.005668329048958087,-0.004511377809046424,0.0005751421970299209
2021-04-01,,0.010357212294215712,0.015967637962054138,0.015059418504062672,
2021-04-05,,-0.013781920757311883,0.004665923833021557,-0.01640708004611524,
2021-04-06,0.00032804849237666467,0.004315325835082762,0.010210537318523727,0.0014593943628307127,0.001328044682952223
2021-04-07,0.00010626143139513822,0.015316611068020958,0.006607888732171885,0.009269140120299113,-0.00042229591913334197
2021-04-08,-1.784234189616818e-05,0.007124474341954068,0.012883407702994676,0.0005911966274507741,0.00015867273845637797
2021-04-09,4.216137991686075e-05,-0.0028352269212528203,0.016911311489244296,-0.0034428218868028937,0.0005954180232774497
2021-04-12,0.0001899638441213991,-0.03664961678382006,-0.04405063291139233,-0.042528350333271625,0.0004241133909561601
2021-04-13,,0.005715862745699463,0.007639426119980364,0.014458858581359868,
2021-04-15,,0.0027837572490501117,-0.004159359977665478,0.003864285177672677,
2021-04-16,0.00012328802007588457,0.009044139780532534,0.00978805327469412,0.0028133901468201383,-0.00048101335219974395
2021-04-19,0.0003754643791420431,-0.019307753385071735,-0.011430529708532311,-0.018570385796674915,0.0008769495476494971
2021-04-20,0.00017415454626568128,-0.0011276555212105244,0.008607298321982926,-0.0013900835951125012,0.0002818393672185948
2021-04-22,0.00033444251377034995,0.005944562532491204,0.01111488169432584,0.009006479430247794,0.0003561132779379417
2021-04-23,0.00011747838979547787,0.0009433688205138235,0.003595028920512444,-0.0008937878209026584,0.0005372397093168502
2021-04-26,0.0004481667598572603,0.0059664923257405356,0.005530789670285419,0.010182717704569022,0.001148841058523864
2021-04-27,0.00013704376848155952,0.011178901910526173,0.015694170995364187,0.012928385669189524,0.000833792754659779
2021-04-28,0.0002771246872155242,0.020173473249199603,0.004682833040525081,0.01334468265721811,0.0006002728867859908
2021-04-29,9.517814127191215e-05,0.0013748274105847003,-0.008233539189223094,-0.001115433732992499,5.784641063000251e-05
2021-04-30,0.00011256366645739924,-0.016210685999541452,-0.002390928375369472,-0.011624859560484202,0.0005615326722325786
2021-05-03,0.00035716123758788854,0.0024071218532597527,0.016957151544841675,0.003055107216970221,0.0006437113107415904
2021-05-04,4.0605406124383236e-05,-0.00646021986212042,-9.759004498488544e-05,-0.0077489799436814,0.0001564426118516593
2021-05-05,0.00010130904599403578,0.007664944842102894,0.01818363047556959,0.009294481228020679,0.00031802858622675956
2021-05-06,0.00010078683624192841,0.005097893247971275,0.0076583264670131435,0.006408579049087981,0.00017064270661393266
2021-05-07,8.223715325472725e-05,0.0007495474570196059,0.010207035021282396,0.008395330909688248,0.00026467812091524046
2021-05-10,0.00019365869046716888,0.008138192368039254,0.01942842717295057,0.009625932116370528,0.0003041695878405193
2021-05-11,0.000134012922512472,-0.008304482012339354,0.021733020709064688,0.000716853907413828,0.0006729893955543798
2021-05-12,6.787624765158817e-05,-0.008508754526799445,0.0009723603446252227,-0.008117032112196831,-6.414368184748387e-05
2021-05-14,0.00020768588604203053,-0.006449397095606102,-0.020806169402997288,-0.005509051228985706,-1.2959150811342468e-06
2021-05-17,0.0002955172850256371,0.012536146063160114,0.011212889867971088,0.016223833989942094,0.00044903515757366286
2021-05-18,0.00011744270010249913,0.019875403927878565,0.008754786409217896,0.00891028747401168,0.00041191656487482575
2021-05-19,0.00012447642202229048,-0.004092640378874801,0.0003549633300754529,-0.0018327220570755198,0.0008752859893386145
2021-05-20,0.00010054237979151281,-0.004501114318073762,-0.0011375951642107474,-0.006898631582915593,5.3687281289072075e-05
2021-05-21,0.00016599049471022198,0.013696518618016684,0.005683863949245582,0.018838981082867523,0.00022249919635086712
2021-05-24,0.00028143475544983865,0.000428659353390648,0.007421738139865353,0.005470265294717169,0.0004216197830211321
2021-05-25,9.046745815344259e-05,0.003304763462604665,-0.0049734555824044735,0.0012293447200297791,0.0004918979050061445
2021-05-26,,0.008450391283270742,-0.0013130841433869334,0.0036138414481490244,
2021-05-27,,0.0016782052217505505,0.002945175744756501,0.004062862658756439,
2021-05-28,0.00016111986256084343,-0.0023581200170254,0.004558291017468408,0.0022187271808122855,-7.104401111734937e-06
2021-05-31,0.00030777508394708164,0.005683746061106776,0.0044768654159537125,0.011069076642847175,0.00017179855650462095
2021-06-01,8.660518017067353e-05,0.0019289546773946231,-0.008761702111576897,-0.0009061060890329653,-5.488860519031746e-05
2021-06-02,9.046027876946638e-05,0.008046228516868315,0.007545637475776523,0.003209457657138648,8.136875155817513e-05
2021-06-03,0.000102771339031138,0.007722655330520967,0.00415799825733032,0.0054624467422079714,0.0004855898625366617
2021-06-04,8.682508945900835e-05,0.0012168683124691437,0.0049595155050812245,-0.00031098803224982596,0.0003130276290448375
2021-06-07,0.000361295945475959,0.0013983962448662624,0.010852588177278966,0.005483133702967047,0.0008052293451898951
2021-06-08,0.00013215372435371187,-1.3950484152314147e-06,0.0002327880589927389,-0.0003157024062837577,0.0001714893202766632
2021-06-09,0.00016452151345580646,-0.003823833040372815,-0.011517081832385312,-0.004989673271141415,0.0008482753775180818
2021-06-10,0.0001509214960493388,0.013350063508379417,0.011390498131444327,0.008675210691245105,0.0002975464014596252
2021-06-11,0.00014653030951050638,-0.0014966584302084085,0.004270979505790695,0.001980235404679176,0.0003824458636290107
2021-06-14,0.0002720435056762227,0.0027597508196901543,0.010308345308326805,0.0007997403984045803,0.0003443271300818118
2021-06-15,8.684405640213555e-05,0.005609207713212827,0.0006499240384141292,0.003890912209724373,-0.0008550527893765869
2021-06-16,-7.180967563580332e-06,-0.003022288347170665,-0.004863499545531447,-0.005503264242118555,-0.0013638462266597484
2021-06-17,-2.659636714863467e-06,-0.003719790469241313,-0.010600709957488741,-0.006929195232747154,-7.544283979754596e-05
2021-06-18,9.051654360470174e-05,-0.0024209495041337403,0.00013731510011472103,-0.0041692249588035635,0.00031920532705331794
2021-06-21,0.0003617896257928077,0.0026526080747328873,0.004952869352416345,0.005796941774211639,0.00047124168638768005
2021-06-22,9.44632798698386e-05,0.0019603617344019497,0.006804209360288027,0.0018558738090070914,-0.0002873800220625222
2021-06-23,9.316956548599542e-05,-0.005347011092497245,0.0028872134676727335,-0.006272209255871575,4.318384846713208e-05
2021-06-24,0.00012146797368628448,0.00532169279457495,-0.0021164359766689955,0.00610232180225867,0.00015532623988701033
2021-06-25,8.094666717539667e-05,0.0049060568705479035,0.013234937082285514,0.009421839740394677,-0.00022683130839140642
2021-06-28,0.000311270659715257,-0.00034715361478854234,-0.0013355022057939259,-0.0033377016528082226,-0.00013148887952130206
2021-06-29,0.0001061745551307336,-0.001744606612484545,-0.006167641791477219,-0.0026548543070308295,-7.800120934109422e-05
2021-06-30,0.00012867538902661124,0.0020116602040536335,0.0024124001741885337,-0.0015007367443653497,-0.08517365003864907
2021-07-01,0.00017157462233385878,0.003475943534100301,0.002893729948832524,-0.0024098257074665064,0.00034812733567735066
2021-07-02,0.00012573784403047128,0.00427620422943531,0.00974631488707689,0.0034572369459320296,-0.0001902058097309478
2021-07-05,0.0003241734511834071,0.007920934988963513,0.00987212014549721,0.008371113785915929,0.0006933263812802792
2021-07-06,5.399296680219656e-05,-0.00037557416914346664,0.0031948484291031143,-0.001840414249173472,-0.000569626447565752
2021-07-07,0.00018884353198633796,0.003255748578904205,0.005764304013663457,0.005985603716782917,0.0005622014625692451
2021-07-08,0.00015220948890704022,-0.003998216429059176,-0.009622574868917155,-0.009145545895480667,0.0010406853032420837
2021-07-09,9.14931006286146e-05,0.0019368023555410563,0.0020330373008095037,-0.0012206286237411712,0.00023422728909694435
2021-07-12,0.0004039654407919091,-0.00043331825943748736,-0.0013455079913944346,-0.0005922261424942121,-0.0003002751701969286
2021-07-13,0.000135867811668966,-4.861750716422808e-05,0.005725224760841696,0.008396586923519855,0.0009468191519146352
2021-07-14,0.00013726353086518372,0.002352661532768474,0.007315943791212476,0.00308564427878788,1.4055327390627426e-05
2021-07-15,0.00014097849014227393,0.0010024522353067056,-1.8422393911143864e-05,0.004972353960390974,0.0005889099403499909
2021-07-16,0.00013486167731469045,0.0009583752846860083,0.007730529802718822,0.0002760194696718177,0.0009032129377177789
2021-07-19,0.0002807306772369955,-0.0049728630674148455,-0.0025097762007403324,-0.007954992411559059,0.00039436050444474624
2021-07-20,0.0001435497981558953,-0.0024461508937234644,-0.01695808696790524,-0.013770799428742153,0.0003921007481477723
2021-07-22,0.00021481911446796786,0.010496824399020221,0.01584880601281613,0.012155079876239094,1.823009606560788e-05
2021-07-23,0.0001620619936348877,-0.0011409403171572796,-0.005024269256785674,0.0036100107094210188,-1.472403993985072e-05
2021-07-26,0.00032029754898554863,-0.0006456159189287547,0.006940729751593544,0.001566446549155609,0.0006815227405627677
2021-07-27,0.00012633063599998273,-0.0021543387630551525,0.0007911730558034513,-0.002128773193594169,0.0003902773982440433
2021-07-28,8.526130505326357e-05,-0.002228982151990744,0.0006510904675822715,0.0009702538416247464,0.0001814046886459142
2021-07-29,9.720945341751275e-05,0.005401438584941909,0.004911794141908121,0.008342722693531313,0.00012464933620726093
2021-07-30,9.878802379481577e-05,-0.004128605317675782,0.0072133637053910515,-0.0009284288190877232,0.00014423911764871455
2021-08-02,0.0002834554697148661,0.01108310170557969,0.012073004283941424,0.005039145380680621,0.00043055468044439493
2021-08-03,0.00014815848265947729,0.01193970979575898,0.0054649362310732474,0.014305206375052837,0.00027921525816920756
2021-08-04,6.754320582813556e-05,0.0010705862677886646,-0.01570864377108938,0.0041364483417905,0.000170000923461755
2021-08-05,0.0001134975451113629,-0.00017100538009240385,-0.012871435997233394,0.0014039330209465462,0.0003938035053407951
2021-08-06,6.497432357099875e-05,-0.0025642037680242424,0.001618049740885752,-0.004434540881613214,-0.0007761098020570012
2021-08-09,0.00030091647734131755,-0.0030693903824010604,-0.011389735421321157,-0.002234197935028992,0.0003925547547407593
2021-08-10,0.00013591587149042184,7.277018909657151e-05,-0.021357762295788008,-0.0012558907738469127,0.0005770598764320845
2021-08-11,0.00012928867656780696,-0.0037229165757104443,0.0025930330313068684,0.0029293795133469303,9.716977307028252e-05
2021-08-12,0.00014261986053920594,0.004731456951443613,0.01662075421834608,0.007514720022254062,0.0005137614678898395
2021-08-13,0.00018182265050392665,0.004024541109795443,-0.0023942376155261513,0.009557421556917411,0.0007209926224012175
2021-08-16,,0.0009793945393488102,-0.0023090016615272546,0.0011454662919789804,
2021-08-17,,0.004947415626310958,-0.004321469140141865,-0.00020190982944567892,
2021-08-18,0.00015439069870315514,0.0026761446243519504,-0.0017793056350902114,-0.0033203055393862257,0.0007825926835256514
2021-08-20,0.00027268912361644304,-0.003501678404184916,-0.019197484399984033,-0.012785137773963728,0.00024114556689425193
2021-08-23,0.00032026517375616237,0.004752979944232294,-0.013993991157483343,0.002754743329959508,0.0003017076794009643
2021-08-24,0.000109763135069052,0.012633774359642747,0.020107107723030593,0.008986013284369765,2.2290378149492085e-05
2021-08-25,0.00012619945834280166,0.0038450547215520547,0.004624976861571373,0.0023269319501677543,0.0001560291690958504
2021-08-26,0.00016580415233757861,0.0036559296974079114,0.0005725394957876162,-0.0009444856719935668,2.785800496307722e-05
2021-08-27,0.0001138519231642654,0.00698114171819908,0.013742966375140941,0.006142974605860552,0.00026742939759438755
2021-08-30,0.00033199916736448287,0.01560755394953195,0.015147232267308741,0.015165960974742987,0.0008758756145228475
2021-08-31,0.00012740282765721922,0.015521366240029089,0.004526818299658508,0.012712968472304853,0.00031234022128145966
2021-09-01,0.00015957379493758417,0.0002694161051781663,0.006418996127052212,-0.0002553684986636995,0.0005299085386207825
2021-09-02,0.00012741020847961693,0.006828289188870018,0.008801664666419073,0.0082084492868022,0.00048514470240057506
2021-09-03,0.00010285965433820543,0.0017883318674876136,0.012708150744960678,0.0024878228121540946,0.00017715173358601177
2021-09-06,0.0002812042623046018,-0.000460917151971052,0.0007580930874080405,0.0009177920545431206,0.0003118707452045566
2021-09-07,0.00010317145858085297,-0.0021226604987520936,-0.010476899054072564,-0.0010042791022618625,-7.360354630225885e-05
2021-09-08,8.447814798628883e-05,0.0033655832740413505,0.0007151860977381297,0.0014081643124415066,0.00016180083636463394
2021-09-09,5.037967063703519e-05,0.0022065480012525285,0.00285102438167395,0.004455763077892305,0.00020759924320001844
2021-09-13,0.00039149288055884135,0.005232508662087465,0.003489230413366906,-0.0006688002780999014,0.00037762725135936925
2021-09-14,8.728619134412696e-05,0.004033360182087886,0.014252457824402764,0.0024198793085195014,9.228945860106919e-05
2021-09-15,8.383394367261765e-05,0.004451998279909608,0.004164351513379128,0.012954706618989231,-0.08968250499045616
2021-09-16,9.942517244398985e-05,0.005057052231422832,-0.000765512656337175,0.006618866842549309,0.00026600690855760334
2021-09-17,8.649481042111162e-05,-0.001131127237496088,-0.014930605576368827,-0.006431076322097606,0.0001874507084644872
2021-09-20,0.0002697053528244453,-0.006086096464927637,-0.017092731024490382,-0.010640773373493784,0.00048072857424763527
2021-09-21,7.9644251582911e-05,0.013025518623078325,0.004742250840472417,0.008267743944545547,7.157967198234694e-05
2021-09-22,5.87417284947378e-05,-0.0007284401296954179,0.019100314743467406,0.004773661629875248,0.00015000197972159235
2021-09-23,7.61470846828427e-05,0.011353666166834753,0.019298367920494996,0.013927918055774757,3.121400397243512e-05
2021-09-24,-1.3307734251233327e-05,-0.004914033757275393,-0.007821725311752403,-0.0022585975080323673,-0.0006547123300604252
2021-09-27,0.00025326687299553896,-0.005282778472500804,0.0010032797614054623,0.002126015043667717,-8.684430644145813e-05
2021-09-28,2.8757098477161236e-05,-0.012120752103341959,-0.013032883388549577,-0.008176403664816978,0.00035350226271901874
2021-09-29,-1.4553478884349325e-05,-0.0040049846211471785,0.004701774030705597,0.003904864641210537,-0.0005452977965703099
2021-09-30,0.00013429286575905586,-0.0013608541680226738,0.0010300014056883189,-0.0021895527056615682,0.00015087691491766364
2021-10-01,0.0001292781530024545,-0.005991572691271041,-0.00025744436318042574,-0.004261478886225301,-0.0001013313260080917
2021-10-04,0.00029590549535774,0.015380075843955288,0.014723255469802243,0.014031767313778643,0.0005341387831239164
2021-10-05,5.5093466558853166e-05,0.003868696327070431,0.011871362809050545,0.00894138788748755,-0.0003640257285466575
2021-10-06,-7.863803135332859e-06,-0.006525825734959412,-0.01470093682440543,-0.012252426411228368,-0.00011960847650782647
2021-10-07,0.00011324841761073401,0.00863834542829589,0.0240109550912333,0.00983153531381209,-0.00014781414124187542
2021-10-08,0.00017835153593681596,0.0018569594369679532,0.004102220590193495,0.00409212823332572,5.334288424974076e-05
2021-10-11,0.00036141334428552163,0.00808451660215348,0.005356993589290093,0.005774308573989639,0.00017297412627126363
2021-10-12,0.00014752087976455108,0.0037502869216687884,0.0024239846566249668,0.0009092411968920633,0.0003192230157509357
2021-10-13,0.00014854971528022176,0.015809391348401203,0.010737998109844327,0.010306742738961594,0.0004577370121883195
2021-10-14,0.00010042631397011448,0.009763311560121224,0.010848011842228722,0.010425495997370193,1.5986820769420262e-05
2021-10-18,0.00030227713986574756,-0.006401351841117453,0.00020061245342795075,0.0032499621892927433,6.318499577107062e-05
2021-10-19,,-0.008763491588613004,-0.021699260302153855,-0.009699020106228251,
2021-10-20,,-0.014534897219087961,-0.012280519812050805,-0.0025861290727992037,
2021-10-21,4.405093346537825e-05,-0.0033100764144687878,0.001962627691949992,-0.0025715380956775613,0.0007430885531625187
2021-10-22,9.896807031983812e-05,-0.007534454617763808,-0.0038458252120403547,-0.004734647979545481,0.00021606603099622035
2021-10-25,0.00018849091405570562,-0.018002043494518394,-0.009636711590514602,-0.0006328593443289954,0.00023731703959173345
2021-10-26,5.597468422546825e-06,0.01578422087237641,0.015093726049648426,0.007402345566821289,-0.0005498061230000406
2021-10-27,-0.00010740082418336794,0.002912956328337879,0.007571885421202573,-0.002187694220012415,-2.4347820793857444e-05
2021-10-28,8.294281002507731e-05,-0.009238438857390396,-0.036668994045212844,-0.020006477813488854,-0.00022370105017754938
2021-10-29,7.219995898899434e-05,-0.007111481696855493,0.004465674018235832,-0.009437491374238216,-0.00020776888185325415
2021-11-01,0.00027242475523325815,0.010100472291162621,0.010304231166150535,0.020138263801172895,0.00020096111174150444
2021-11-02,0.00013403319704141659,-0.000926032412332467,0.016177574973584852,0.0011339457718737567,-3.348678908121627e-05
2021-11-03,0.00019007346622501586,-0.0005096100463923836,-0.0031016591504171576,-0.002453800518762428,0.0003645615709482186
2021-11-08,0.0006782084764085372,0.014384329119208727,0.020878120081860407,0.014555681916333274,0.0013519620568080981
2021-11-09,0.00020150351581937898,-0.0010277504446883912,0.022973356311430715,0.0030595033494911217,0.00033126596021926247
2021-11-10,0.00011607914471278846,0.002007891867445988,-0.007210571075684458,-0.0014340225836454445,-6.8357943459051995e-06
2021-11-11,0.00014269725357674012,-0.004865524603509308,-0.014223227095477187,-0.007672679558940465,0.00020963245961169719
2021-11-12,0.00013189482488829007,0.013345285516684458,0.008801028562498647,0.010970774342520917,2.1262603788096968e-05
2021-11-15,0.0003315812817588082,0.0013509317679865074,0.0010006556289423596,-0.0023387333067393934,0.0003971466192420614
2021-11-16,9.64482648320164e-05,0.003107748543827782,0.0022799019259192033,-0.008449792205172835,4.706178833258079e-05
2021-11-17,8.585925360438118e-05,-0.004030122688366,-0.004841081819585646,-0.004544602949441923,7.590253810585423e-06
2021-11-18,0.00012421912358084874,-0.010810000480184212,0.0012435842181561796,-0.01064889997813212,0.00034535392705370427
2021-11-22,0.0003831013359520963,-0.030721908007136922,-0.022938210288971916,-0.020766110403527827,0.0004825698208725804
2021-11-23,0.00011011635053592705,0.007175131098220211,0.014853079232442834,0.012153673947030041,8.038950992728111e-05
2021-11-24,0.0001019951840572908,-0.0008695810365842993,0.000497248950449336,-0.0022118070280625624,-3.109155629155147e-05
2021-11-25,9.03019773974556e-05,0.0031402567071854293,0.004326282481632582,0.005100264906000573,4.4742898960725697e-05
2021-11-26,8.345041054713676e-05,-0.02519829865501788,-0.021917625296032917,-0.03473510766662169,8.644851308559076e-05
2021-11-29,0.0003099110112356751,0.0011358261925245028,-0.008219681942077561,-0.004103243885260288,0.0002851037823263791
2021-11-30,0.00014666159581810945,0.0019938102606831265,-0.001672136537033464,-0.002349224888511303,0.0003593103061414471
2021-12-01,0.00013256856562304797,0.005432469088137104,0.016065608874166415,0.011579929642377307,2.1975224071324462e-05
2021-12-02,0.00011845955534006691,0.013506561279221785,0.006726330318219453,0.010100288955439352,0.00034022961331281465
2021-12-03,8.811005542619377e-05,-0.00740890963583285,-0.003428711893839975,-0.006785234674632434,1.2119871589888476e-05
2021-12-06,0.0002971438177383767,-0.019521218742621138,-0.016794359603148123,-0.01560516114533983,0.0005612947501898446
2021-12-07,8.822850228629164e-05,0.014006545954572625,0.01890612810394887,0.016406135559880353,7.192049681137291e-05
2021-12-08,0.00020930926006923478,0.013064890061478929,0.015671389289986237,0.017837055781508182,0.0004640430946907248
2021-12-09,7.930151124435625e-05,0.001002122069400313,0.008275876090983791,0.003262162773463473,6.809870680468677e-06
2021-12-10,0.00010003296931726524,0.0004125823041023491,0.012243283489483003,5.6819743944558354e-05,2.7239297226255843e-05
2021-12-13,0.00031690982524024136,-0.008043249904781336,1.45577582890688e-05,-0.005131814316295724,0.00010063132918092244
2021-12-14,8.602686417757965e-05,-0.0025691286361851917,-0.008505438009753674,-0.0032147173259445827,0.0004380426830605799
2021-12-15,8.362701386133153e-05,-0.006249954026426807,-0.01063239530656912,-0.005332017424700242,0.00014746273352073125
2021-12-16,1.5223410843034912e-07,-0.00028127729500071474,-0.006426593663228619,-0.002527007391496694,5.595196599328389e-05
2021-12-17,9.575523960347887e-05,-0.016864109778370162,-0.027771903744820525,-0.017307283924400063,-0.00026386680548018404
2021-12-20,0.0002931747751135916,-0.0260614489377351,-0.03205905159413913,-0.025308273384704427,-0.0002306607940177896
2021-12-21,3.906546961829349e-05,0.005689938924981597,0.01741709130398461,0.010574035753738054,-0.0006414605936687634
2021-12-22,7.001945588736014e-05,0.013987385083027215,0.012051397840633804,0.0121107499504447,-0.08514648389452995
2021-12-23,4.0474106994370374e-05,0.006351886419272645,0.007547289206475849,0.00462052731054885,0.0001389986306978841
2021-12-24,0.00016495465442400992,-0.005515599275135674,-0.01062136302258343,-0.004663628242205897,3.88811172613579e-05
2021-12-27,0.0003646702585455852,0.00439452200102286,0.003619968422937214,0.0022990035749601567,0.0004194034048607964
2021-12-28,0.00010597217281094196,0.00976143328618595,0.010194714836667229,0.010125424738516742,-0.0003224827533743202
2021-12-29,0.00013889181535331474,-0.00020170854609224964,-0.000837239917801158,-0.0020265727068174977,5.128302688972575e-05
2021-12-30,0.00013472416102233709,-0.0009414964563120298,-0.0053859632350165,-0.0006248270903947972,8.271031786355465e-06
2021-12-31,0.00013566152867716674,0.012691016565260727,0.011949793742068948,0.009585416607817088,0.0003101611266376203
2022-01-03,0.0004305534765050023,0.014631918680653166,0.009786822710920351,0.014709804982232955,0.0003034502374683612
2022-01-04,0.00010517747744342998,0.01041018380689307,-0.000128056357444839,0.009490965843184984,-0.0003843639107913299
2022-01-05,0.00014275375287953196,0.006729741736405392,0.005899252592682869,0.004235606041292694,-9.922882663548904e-06
2022-01-06,0.00012413767873198367,-0.0041003011419541435,-0.00021770431195999862,-0.005710089214477465,0.00021747866972510188
2022-01-07,9.76749627177309e-05,0.004298013141932788,-0.0016618307966962398,0.0009921014861462574,-2.4802058901540747e-05
2022-01-10,0.0003043855072495383,-0.001937693322172196,0.013273468732110993,0.011920746982464037,-0.00028853777488602184
2022-01-11,0.00011600474958006757,0.0027706060088339424,0.0019753907652424463,0.004254453402662506,0.0004341720710752117
2022-01-12,0.00013310049781489752,-0.0037661440213506703,0.011452051224778437,0.01150810084961651,0.00042406402126760057
2022-01-13,0.00015810356208278975,-0.0018573022594984279,0.004148321271763233,0.0023413683091102477,0.00036604430871323146
2022-01-14,0.00012822747358720576,0.0032578246501941965,0.002821575622808492,0.0013421252261189842,0.000187498089914806
2022-01-17,0.00030491033085056074,0.004402113874540925,0.002611085347996145,-0.0012343716889170464,-0.0001321324694071313
2022-01-18,8.97312012049234e-05,-0.012962969568768967,-0.014727237376545133,-0.011361767810446288,1.8996552538563805e-05
2022-01-19,-1.4906913152423762e-05,-0.013940337955617887,-0.0024420231483444077,-0.005404583702193433,4.9555282634505815e-05
2022-01-20,0.00010931177027750927,-0.007521956857173273,-0.0022494102156142004,-0.006690845535150869,0.0001874748622638922
2022-01-21,0.00010078548550374045,-0.01822792289322739,-0.016676657326561428,-0.010593542500887065,0.0002262488274695773
2022-01-24,0.0003253535390035367,-0.038575827636877946,-0.03597855510828385,-0.027616364168618235,-6.76941873808401e-05
2022-01-25,6.62016296342216e-05,0.00041992423106274046,0.014547480702488347,0.01714314744499168,0.00023694569567922485
2022-01-27,0.0001596139710879907,-0.01805828761078676,0.003072963557680053,-0.006596655055616463,-0.0003631756408192244
2022-01-28,0.0001151392803155904,0.0041870554406497895,0.013256915866391994,0.0013742735251234262,0.00015853421903311293
2022-01-31,0.00032489871756569144,0.016277821550762406,0.01511812995047257,0.01805489178036601,0.0008065801085952451
2022-02-01,-4.765422509778183e-05,0.013176089216003772,0.01257016815380485,0.011465719744711,-0.001529369840232886
2022-02-02,-0.00013491852719449415,0.01564702710336774,0.017890825113137776,0.011315882145791711,-0.000506439966622918
2022-02-03,0.00010922212913078155,-0.012603390147612581,-0.0030752966816935956,-0.00814462831316387,0.00023309695758877425
2022-02-04,8.830313513996657e-05,0.00023556914914735216,-0.007573329120020067,-0.004401915598444384,9.9167079175011e-06
2022-02-07,,-0.020538327929745304,-0.00957219791625219,-0.01437264351395584,
2022-02-08,,-0.003233036035153014,-0.008832398495810634,7.155346236209503e-05,
2022-02-09,8.736784099871997e-05,0.011181892911317215,0.011401442586957078,0.009770935228569533,0.0005183104729253873
2022-02-10,0.0003911634986857315,0.005673685302354681,0.004648545305971474,0.00678945953213228,0.0018156216049898255
2022-02-11,0.00015019907593516457,-0.01950091277576671,-0.016962730488562894,-0.014855210421745757,0.0006644939553281937
2022-02-14,0.0004416015462191947,-0.025278424256768295,-0.0372951766601306,-0.03522696673670178,0.0007990026866568911
2022-02-15,0.00016592722918784553,0.025966370117562976,0.025939634727261796,0.029945736169178616,-4.522148661934011e-05
2022-02-16,0.0001820381414627814,-0.002051136408460219,0.0004496896825063601,-0.0021715966950437426,0.00021953969022714404
2022-02-17,0.00012044385634690791,-0.0005309659891910012,-0.003680426199515585,-0.0013154005320721307,9.289340769180754e-05
2022-02-18,7.973908989655776e-05,-0.008488104920833517,-0.00852027430430835,-0.001909103017566749,0.0002161831589209129
2022-02-21,0.00029824188245952676,-0.0037160042119146475,-0.008200844315107592,-0.003897793659737303,0.00030324845663787237
2022-02-22,9.17128006738821e-05,-0.003442951757306578,-0.015179491479778706,-0.010397575139598714,-0.00024646871942246573
2022-02-23,0.0001289646956448287,0.002024700814299285,0.0028172588832486856,-0.0013462568981563727,0.0003048747917853145
2022-02-24,0.0001133206136518794,-0.046119881489638526,-0.05821245369807182,-0.04900127840882351,-8.461599127218555e-05
2022-02-25,9.684037712354154e-05,0.03579544340116958,0.0415156821610001,0.027998249861909352,0.0
2022-02-28,0.0002907735443811177,0.007513579899584455,0.009891545907793287,0.0038825602557559513,0.0001536362075353903
2022-03-02,0.00017811552224111793,-0.00896650883427319,-0.003145105059366382,-0.01205154423599697,-0.0005733775387153361
2022-03-03,-0.00010239387253663246,-0.006857183109276077,0.002945023472548103,-0.004677860650628585,-0.0002909628899027128
2022-03-04,9.763684955355068e-05,-0.02203665865548554,-0.02243829653933016,-0.0143180443646721,0.0002524056644106487
2022-03-07,0.00028019859803629643,-0.027375708870187143,-0.01685976450468485,-0.02183753570149094,-0.00047673727584107706
2022-03-08,3.157011849452829e-05,0.012699359582882819,0.014834695431994671,0.013915475173918113,-7.236705226787432e-05
2022-03-09,0.00011090163503690853,0.01599231960850389,0.029681957295102812,0.021056728034725358,0.00017188418788838256
2022-03-10,0.0001284401675807345,0.017495275314003633,0.002367308811494606,0.011823089522424501,0.00045636043100150125
2022-03-11,0.0002060125260185952,0.001708076448406315,0.004151022196381193,0.002870526874969803,-3.8629110404420075e-05
2022-03-14,0.00046151440395036936,0.005483325766981961,0.0017036178024389947,0.014442533241133315,0.0004331559065369195
2022-03-15,0.0002563097340153586,-0.00464968897810214,-0.0032548972037029777,-0.009296337858082815,0.0008199287039951653
2022-03-16,0.00020020076507498707,0.01595985238400388,0.017387824112455652,0.01874605903446591,-0.00021179188246045477
2022-03-17,0.0001514502584312183,0.01827241184539652,0.009978379775737345,0.014166277862227794,0.0007365021811795991
2022-03-21,0.0005276595260919059,-0.011889054858439385,0.004162884273883893,-0.010056133295243463,0.0005398681999579935
2022-03-22,7.770733618150949e-05,0.005226119906704962,0.00033326499158126133,0.011468126291803937,-2.7060847545667954e-05
2022-03-23,0.00018098743265970718,-0.002257753548515762,0.006991485186123025,-0.00046315766072035913,-0.0747965666235596
2022-03-24,0.00022802742550975807,-0.004792257758433394,0.02221741983395087,-0.0004059141130221544,0.0002756527696898825
2022-03-25,0.00016637324606350035,-0.004634558190420024,0.004427319768724569,-0.0019228487087059598,0.0004359607351787087
2022-03-28,0.00039447663887770545,-0.0022587849109400038,-0.0038865834038753766,0.005099699591466722,0.0003666851485428779
2022-03-29,0.00012666084353529783,0.006752593235810789,0.019730027937682415,0.007790954729285149,0.00041082015285343054
2022-03-30,0.00018334693926691514,0.013437371509236629,0.01210642988789501,0.00914298081349596,0.00030356346334925455
2022-03-31,0.00033591684064959715,-0.002142247337719061,0.01014209957765444,-0.001130473344819749,0.0004662664619932144
2022-04-01,,0.011350076351447136,0.010951949977742181,0.013757528339307434,
2022-04-04,,0.018032269512369137,0.0073347155637983885,0.020057399161089284,
2022-04-05,9.232594080255119e-05,0.0015654726453915302,0.0015943469075965222,-0.0043601735623567395,0.00043317942203269233
2022-04-06,0.000227723452913553,-0.007419556188015264,0.006436602213936826,-0.002039416945893602,-4.771747016107941e-05
2022-04-07,0.00017422555218105096,-0.006527862781606997,-0.003966635747249647,-0.006515032920484387,0.00019264638695237757
2022-04-08,-0.0005096878242553116,0.009391817618221499,0.01851885222327887,0.008204771708421266,-0.0024411901133126745
2022-04-11,0.0002386340700915035,-0.0012696659514043196,0.0031032493887268586,-0.006191457839036296,-0.0005163578262310509
2022-04-12,0.0001612338383525369,-0.009794282598837523,-0.011824300489621908,-0.00954429334870377,-6.55749907617631e-05
2022-04-13,-0.00011298070860854548,-0.0037289188222983105,-0.003711107620693155,-0.0007561728672242918,-0.0013833685600472823
2022-04-18,0.0006626560708955509,-0.012536931103847127,-0.008104126088707475,-0.016666367084284484,0.0015441356567547082
2022-04-19,0.00027097043453427894,-0.01701434063959273,-0.01589636405801964,-0.014649269364491513,0.0004093625286198943
2022-04-20,0.0002515104782594424,0.005616704129350003,-0.0012795947582866507,0.00387537937533855,0.0002781109007072846
2022-04-21,0.0001932807672537784,0.012692109023338283,0.015020504893021203,0.01295614941243639,0.0001770914500247578
2022-04-22,8.760796953422023e-05,-0.005908810884930671,-0.009967114244145536,-0.010356767564727587,2.6559014129290404e-05
2022-04-25,0.0003275097891777268,-0.011464059865794907,-0.024376809516355236,-0.015003677643063984,0.0009074088828688875
2022-04-26,9.948495377387623e-05,0.01402372519861994,0.019137726400615174,0.01325028821248364,-3.1841077643535165e-05
2022-04-27,0.00010275304238249738,-0.01648751238125623,-0.003253933338139725,-0.007096311838761138,0.0003316884534383391
2022-04-28,8.939624501058674e-05,0.010427931825063741,0.004880227035365392,0.012880278886685526,-9.372618161296309e-05
2022-04-29,5.102392070810424e-05,-0.006586323244918146,-0.005309713713222641,-0.00761262833109877,9.55035513172664e-05
2022-05-02,0.00036563135517408973,-0.0020025992040779705,-0.0022049300049178377,-0.0010012121885091263,0.000320967393957039
2022-05-04,-0.0015268254983712426,-0.028768716736297772,-0.0336547142945951,-0.02342331661121444,-0.006176860814677387
2022-05-05,-0.0007285320228777037,-0.0011462647746581789,0.002995153839556064,0.0028226724334168285,-0.0006608374224316149
2022-05-06,-3.012994698481375e-05,-0.040570090025928374,-0.010662853032823882,-0.013479668891209329,-0.0010217268251352385
2022-05-09,0.00028924762203930143,-0.00858586883715251,-0.018978608065619018,-0.00779641127315811,0.00020669256263139424
2022-05-10,0.0001386819988082877,-0.009249564210255468,-0.019781596074676777,-0.005884558300609188,0.0007188208132027363
2022-05-11,-4.3868403798219546e-05,-0.01308947277528405,-0.015517028281216705,-0.004976565431143554,0.0004557272543590507
2022-05-12,-6.714627268467055e-05,-0.021746185817718033,-0.020752422039828633,-0.019134474681108293,0.00030160383846489225
2022-05-13,-0.00015680672932372186,0.00044336880793416356,0.005210640062071503,-0.0026012982589626032,-0.0006074728949686525
2022-05-16,,0.013088865219072376,0.020904298710924918,0.005393898364656202,
2022-05-17,,0.02312885971237133,0.029948989856379837,0.025376798582585902,
2022-05-18,0.00011153388622942018,-0.0008123596615511319,0.001205090681104748,-0.005323229270787322,0.00020549096773780917
2022-05-19,1.7882885497311207e-05,-0.028365696747919666,-0.025266216888094606,-0.02506816234322662,0.00015208543821954024
2022-05-20,0.00010530129518016018,0.015149674409563607,0.02914706459181282,0.026505768984914413,-0.0001467267920455262
2022-05-23,0.0005026744484655232,-0.002932059981569868,-0.007541911051405226,-0.0034521879749435103,0.0006110066579270157
2022-05-24,0.00020192448628519877,-0.004327003864896817,-0.011731899197486628,-0.003856646026287658,0.0003297598974631999
2022-05-25,0.00019085006758268186,-0.013668802401345381,-0.020600842583656687,-0.007952905937333332,7.019526723972547e-05
2022-05-26,0.00013302119121827438,0.010775226603642052,0.010145218595295047,0.011089353074963837,0.00021323647658699763
2022-05-27,0.0001459611667049554,0.01614395187497175,0.01319767662701965,0.013246482685568939,0.00011014869185110854
2022-05-30,0.00038062144727968317,0.019394875135915868,0.023475095898518594,0.021554176688314053,0.0002584656378372685
2022-05-31,0.00018120483124395292,0.008800140078502272,-0.005017539566315565,-0.00095914930253993,0.0005638600348438771
2022-06-01,0.00021141370771138313,-0.004400016778499105,0.0007002642048279384,-0.0003212833189699671,-0.0011377341695649745
2022-06-02,8.693990017794029e-05,-6.247103450585101e-05,0.00919725569544938,0.002287516211116891,0.0002407778100590452
2022-06-03,0.00013723456643877086,-0.010982512829155744,-0.013859404873168057,-0.0057264866985560214,-0.00028513310652966695
2022-06-06,0.0003007236664627211,-0.007693358620395885,-0.0026938044856367194,-0.0026482930271735095,-0.00015015962234399272
2022-06-07,-0.00027725756340091223,-0.011944099011073517,-0.004932922506192816,-0.007250787467474207,-0.0006638229805385754
2022-06-08,0.0006232965692609671,0.0028842753801250343,-0.004530986973709683,-0.0011151048811703923,0.0011995877473094385
2022-06-09,0.0001782608975442468,0.004880949357349174,0.006495817406943605,0.003519762459191833,0.0005195834095685914
2022-06-10,0.00014445579698563193,-0.016748339290280856,-0.005648640481949796,-0.013276577525388134,0.00032046530497020775
2022-06-13,0.00025533651063103235,-0.025705424903113228,-0.03340739520960456,-0.026707036191162548,-0.000765853069801703
2022-06-14,0.00013937682172215915,-0.0005369844134841539,-0.00010534441863885302,-0.0010608147375628096,-0.00013765725120673533
2022-06-15,6.182742777083305e-05,0.007104114485716684,-0.0041969358006277435,0.0001474364977058773,-6.484105060267087e-05
2022-06-16,6.558343763130026e-05,-0.017128504644077558,-0.025778721891828282,-0.02256840343834976,-3.7308229040577956e-05
2022-06-17,3.729679893282878e-05,-0.011933316495649104,-0.004909866991558931,-0.003978347355377387,6.040605304180602e-05
2022-06-20,0.0004473312903452431,0.006236385690606694,-0.015573896287707,-0.0008062139863801443,0.00137948432335544
2022-06-21,0.0001547942765915966,0.016493104862886243,0.031733232634155284,0.02484282525444903,0.00020756899451468414
2022-06-22,0.00022278386888530122,-0.011112439133046603,-0.02071215287017736,-0.014123543035043151,-0.06722686839841441
2022-06-23,0.0002027573159482099,0.011970351952834246,0.012120250994376525,0.011909853194236542,0.00032231473320609716
2022-06-24,0.00021771721357044527,0.011991624011167934,0.015719501752775145,0.009428161097969179,-0.00012831406721369731
2022-06-27,0.00045603353314249695,0.0043790071287233,0.008392682481432212,0.009889752279960806,0.0009040173160665965
2022-06-28,0.00010670619430319661,-0.0015458851680484331,0.003784759088548695,0.004055487876763575,-0.00014341043306143053
2022-06-29,0.00012889091172163525,-0.009387489969813867,-0.0007051645892045544,-0.0025596668519228816,8.358892864634981e-05
2022-06-30,0.00026687320096963063,-0.006987763314011186,-0.010889950496477896,-0.0030115990708187157,0.0003229302309235571
2022-07-01,0.0002713204539877001,0.011300426970621613,0.0031262631945225827,0.00483901755545979,0.0007254089682955378
2022-07-04,0.0005794838634647359,0.008032239578292133,0.010354058621486084,0.010322744898358938,0.0008738447175091757
2022-07-05,0.0002728359854735629,0.0015942570167886139,-0.0004950462481744244,-0.0006028405225134703,0.00046166213536280587
2022-07-06,0.00033064782128078285,0.021807773251505402,0.01321078846777235,0.012077660110943134,0.0016051227483038222
2022-07-07,0.00015685203540938275,0.005790177547573938,0.015334107996488822,0.01209834287389766,-2.2704374849302766e-05
2022-07-08,0.00010892803914552829,0.002426817892414501,0.002667973995251094,0.0051787472544120305,-0.0003008397971316912
2022-07-11,0.00040096216451224187,0.0006248070557406393,0.009150346607663673,0.000361680684932697,-2.838965367568669e-06
2022-07-12,8.035170652309631e-05,-0.011716305105161862,-0.0027521449262760678,-0.009513282251853439,0.00035297902944964044
2022-07-13,0.00023784576051189,0.002333101815547467,-0.0019481451011442719,-0.004108404072281968,0.0005694863176655129
2022-07-14,0.00014102787784997517,-0.0015527742054699534,-0.006092491195190841,-0.004291435836543678,6.145438902516176e-05
2022-07-15,0.00014772569500443034,0.008471452131668888,0.006154605807205726,0.005701840156752791,0.0
2022-07-18,0.00037080070591777314,0.015486368769156211,0.013604534633117504,0.013472243403995776,0.00011344728482831634
2022-07-19,7.666110951509708e-05,0.0045106426390537635,0.007104255815884697,0.004217242540352384,0.000109653268801857
2022-07-20,5.7916342923292063e-05,0.0029046064562932017,-0.0015496084749269112,0.010594359290387878,0.000291116412538317
2022-07-21,-1.200324236250161e-05,0.012089657606777049,0.015333924428162504,0.008902275149436978,9.165608369632317e-05
2022-07-22,0.0001401315698623673,-1.1434958669731543e-05,0.0012999021620272444,0.004927176261371846,4.535143107364803e-05
2022-07-25,0.0004539193382637752,-0.0027558565525205303,0.00013947760273258503,-0.0008354509058335902,0.0006537868144804726
2022-07-26,-3.985305962461716e-05,-0.00909738516468328,-0.005330059898042139,-0.008809758614443552,1.8883227068000608e-05
2022-07-27,-2.6201723801744237e-05,0.010413321645649232,0.008526340522072573,0.010124820485179153,0.00012462694528969642
2022-07-28,0.00017214176718560736,0.029401954117604934,0.0012038225950474768,0.015030435489736371,0.00018030894190745883
2022-07-29,0.00020934967405805693,0.015136364963848736,0.011929148365921627,0.009435626737336333,0.0005493240105560737
2022-08-01,0.000689599224602766,0.00979249178365027,0.013192347563848905,0.011148783015183072,0.001087668126324104
2022-08-02,0.0002872817115560089,0.004353577218676019,0.0009643768421567778,0.0009683564398348388,0.0007293499268294923
2022-08-03,0.00012241590427097826,-0.001993775530052533,-0.004084988577643389,-0.00012687470594141548,-0.00046422151558422886
2022-08-04,0.00018060125418428719,0.00466143676200681,-0.00887305419079576,-0.0012037002768686689,0.0007103155911445391
2022-08-05,-2.1346868251170825e-05,0.00508169511984824,0.003999888536339036,0.0004146566113909511,-0.0010995486955097666
2022-08-08,0.00043468408896618627,0.003930063106197368,0.005213420168659777,0.007446615247041821,0.0004288059591777138
2022-08-10,0.0003349035340090012,-0.005917412573967495,-0.0023939440975248027,0.0003834094024590673,0.000942968759567453
2022-08-11,0.00016350869363579434,0.011675602785060413,0.007398791179198838,0.010740099053219154,0.0006277398916936239
2022-08-12,0.00013681739609050503,-1.1948430573616164e-05,-0.0017152645925577747,0.0022301215312345857,7.994665206956242e-05
2022-08-16,,0.007015140170041567,0.012735593984324778,0.00987846277436577,
2022-08-17,,0.008930643153964413,-0.0005493766998178051,0.006552014958438157,
2022-08-18,0.00016577506061365987,0.0018855695779094184,0.0012220797401518713,0.0005268677035197289,4.600541549448778e-05
2022-08-19,0.00018550613431078666,-0.011491674372561933,-0.002244472857145019,-0.012847103668635507,-6.478015586675046e-05
2022-08-22,0.00044524636214515745,-0.01824075955446358,-0.011185081653670714,-0.013903945760845193,0.0004656962158426925
2022-08-23,0.0001832961829109081,0.004249468816397872,0.009716596178381831,0.006414798010644818,2.7215531998026066e-05
2022-08-24,0.00017992285807455488,0.005071896474429849,0.011111389450479514,0.003424503143607094,0.0003688073446153073
2022-08-25,0.00010535175058046242,-0.0019958857325460544,-0.004963795335985233,-0.003438736065774828,-0.00015572378727757297
2022-08-26,8.917503603611543e-05,0.00427992411406386,0.011030922172790447,0.002841978044462401,0.00044284985138243194
2022-08-29,0.0004456875153044937,-0.01253131833241683,-0.004587900228018693,-0.0139206362929023,0.0005720737956440569
2022-08-30,0.00014108312216265517,0.025412977704114548,0.017331584990838644,0.023801549713396097,0.00012372223982248798
2022-09-01,0.00032685277354160824,-0.0023025120340695038,0.00387319108028783,-0.004636282205205622,0.0004095449271721563
2022-09-02,0.00021403782450923892,0.003284871182553717,0.00854443254550974,0.003967885251374037,0.00021546172041486678
2022-09-05,0.0005488571392930908,0.0006212694343301628,0.0070188254294130115,0.008202621548249134,0.0004551819088607356
2022-09-06,0.00019102955903993468,-0.0051177059264265745,0.0004798605878713058,-0.0020161221776839877,9.361621657544283e-05
2022-09-07,0.00016920687173516136,0.0013166192903157903,0.00480331646212262,0.00014989643519025542,0.0003650690682595048
2022-09-08,0.0001418499387064731,0.007568495807479536,0.00898148432462298,0.007272293752980552,0.00030317746829977565
2022-09-09,0.0001558715416094536,0.00017356647791855195,0.004934231002795775,0.0014050690698814705,0.00010383487448617501
2022-09-12,0.00040457465326704245,0.003709502746571447,0.009327906221265447,0.005088972598229491,0.00039658933174679944
2022-09-13,0.0001050853402748686,0.005462442135422352,0.00257482927095376,0.008219730376716639,0.0004141967574846639
2022-09-14,-3.173087899543958e-05,-0.0032775015999638724,0.004728347846432168,-0.0008164380640088842,-0.00033458475508485463
2022-09-15,3.0762651646032424e-05,-0.002251854926581087,0.002464743205709663,-0.0024413101697911,-0.0005057847376417346
2022-09-16,6.291400830749083e-05,-0.025577755127511925,-0.023361204261807544,-0.021407055000384423,-0.0004667547171222086
2022-09-19,0.0004710247811241519,0.007019252578351232,0.012542531558571879,0.005227123647097542,0.0001525381696354522
2022-09-20,-0.00010874566362439886,0.008962983474457786,0.01132189626056479,0.011021839760190888,-0.0004753225269192862
2022-09-21,-7.329126007871167e-06,-0.007865681990083195,-0.0068257979917608624,-0.003195205007445856,-0.00015726802965632114
2022-09-22,4.959832830664368e-05,-5.029475372775316e-05,-0.00041811420296555823,-0.0037197349983897343,-0.0004896673632488469
2022-09-23,9.582216619063999e-06,-0.018768828390963277,-0.02224821887061934,-0.017640776715460937,-0.0011390577856379425
2022-09-26,0.00011961861290044062,-0.019126486521485853,-0.03377449630068641,-0.021548040742629504,0.00042294480242088817
2022-09-27,-0.00021164487316882585,0.001082309127840242,0.0024326661199947086,0.0013311804365778723,-0.00019591594924550648
2022-09-28,0.00016939807638083337,-0.0037063697907508963,-0.012308333153785878,-0.009970580632454817,-8.438225159979051e-05
2022-09-29,0.0004839546460668753,-0.005238280398986106,0.006570432182610775,0.001214913597263223,0.0006188553988102363
2022-09-30,0.0004370786217218203,0.014278407460644793,0.01648067454171387,0.016441748700963377,0.0007524750619642973
2022-10-03,0.000784718920768368,-0.009053762265285648,-0.019850728660750883,-0.008637676606365163,0.00029308543112582797
2022-10-04,0.0002776810293634302,0.023170117843376525,0.026570328530928,0.022476875244275663,0.000556979988972639
2022-10-06,0.0003124279076176517,-0.001601259441769587,0.009117716650833607,0.005690691543856152,1.777601472974233e-05
2022-10-07,2.2690485204979183e-05,-0.002598794699268714,0.0006173340687214424,-0.0005667051318488658,-0.0004369079639808815
2022-10-10,0.00024250956282467762,-0.007504030167717279,-0.006029633339535434,-0.0061464983974220955,-0.00016379510449193724
2022-10-11,-0.00021260388594201984,-0.016249374368401903,-0.019695479054684495,-0.013361854250300453,-0.00038661977302711925
2022-10-12,7.03578168732566e-05,0.008402371129447195,0.009220394271639787,0.009072216097986141,0.00024348672997320797
2022-10-13,0.00014629362967499837,-0.0064778218461516435,-0.010138400945198134,-0.007934556786703628,3.7450378248760074e-05
2022-10-14,4.604088602899736e-05,0.005851724037731154,-0.001004606241780892,0.006781648711992938,-0.00018537243006411241
2022-10-17,0.0005630297490453184,0.0033951373049652123,0.00788739972608088,0.006718633808456609,0.0014186429345963703
2022-10-18,0.0002082333799116043,0.0051166042857730964,0.014098348721806486,0.012335156746369869,0.0003085735765639974
2022-10-19,9.076833369237036e-05,0.0029026546741197645,0.0003870756155732735,0.0014644276741113682,0.00018976094794487253
2022-10-20,0.00012956134795927277,0.006491669500169994,0.0019909093531234046,0.0005859335194733362,-0.0001990710019906805
2022-10-21,3.155734114712594e-05,-0.011417212708253799,-0.007645207334737059,-0.002325387974858706,-0.00010095750717220575
2022-10-25,0.0007470083525071836,0.0007518036452909271,0.007995602100463906,0.00710811376384668,0.0013752174778829396
2022-10-27,0.0004766399262736698,-0.0017633624905072365,0.008037464650527015,0.004731762611135615,0.001147397117036375
2022-10-28,0.00012202656897497555,-0.0009920186964735844,-0.002175950489989198,-0.002365668053225023,-0.00019769683190817844
2022-10-31,0.0005924784943149852,0.013526765903126625,0.008399690445901609,0.01277152983647123,0.0005521682396933958
2022-11-01,0.0002244875030927851,0.011224567017665166,-0.00035430907654043775,0.006494943662229691,8.296596810564161e-05
2022-11-02,0.0002304039648324263,-0.003560117066912394,-0.0006797945940407724,-0.0002496561028516586,0.00019761040549282072
2022-11-03,0.00018187359314336682,-0.0014940466131814212,0.00743918557578005,-0.002092012151861944,-8.014687380597518e-05
2022-11-04,0.00019833152479886706,0.0024754470042120946,0.0015051801162200285,0.00024692749280763593,0.00011743390148977184
2022-11-07,0.0005655418168470927,-0.0035800657863883645,0.003121867490559538,0.007014985958430309,0.0005246628831296896
2022-11-09,0.0003516510356986746,-0.004017840934914418,0.010057855770553514,-0.002003951964382966,0.0008829832913108682
2022-11-10,0.0001993229041710176,-0.010554951768271703,-0.005204161703061927,-0.00805498358834189,0.0006160540713078255
2022-11-11,0.0002723919996965307,0.012965340705193285,-0.00342764815109986,0.014317885307340017,0.000801679248318754
2022-11-14,0.0005621243289135602,0.002636119825587757,-0.002315741987519049,-0.003494945191787724,0.00045348734556571735
2022-11-15,0.00020492238906455462,-0.002781002128071086,-0.0011221929760859561,0.002854432180105393,0.0004616414931175594
2022-11-16,0.00025809961889500244,-0.003323606362139797,-0.009820960710670068,-0.0014165954816507398,-2.3210688057662132e-05
2022-11-17,0.00026928361103961684,-0.00914707913906343,-0.0019768855394356466,-0.0034217279726261873,0.0002608941893014194
2022-11-18,0.00016274532987248236,-0.0036846958932216234,0.0016198985168973667,-0.004781165306071977,0.0001680054504309414
2022-11-21,0.0005554640202629635,-0.006988612012909234,0.005766492396919176,-0.006578784001006643,0.0004408242206459523
2022-11-22,0.00012117377791942552,0.004365529689324799,0.007908441481046857,0.004760960457532271,0.00034044463739402175
2022-11-23,0.00018141547059680185,0.003315517859177719,0.004985078258824771,0.001688376736888486,2.225583265103026e-05
2022-11-24,0.00017137640119657682,0.005519917680156805,0.003864625212292472,0.011505652654793863,0.0004534524983006438
2022-11-25,0.0002011936433479189,-0.0010668960130205685,0.011106135001331507,0.004421251471158794,0.00017054691801332567
2022-11-28,0.0005862886679099955,0.004808884311593875,0.005086666313751653,0.0018301407725378471,0.0008275675445246211
2022-11-29,0.00020393014967523548,0.0006155197752675257,-0.0018727615532520003,0.0011956332545461912,-5.463170361108549e-05
2022-11-30,0.0002246064145818849,0.007540221288219406,-0.00031059738229866074,0.007477188239270127,0.0004018890638022299
2022-12-01,0.0002018026930064032,0.004729648860217983,0.011009922159489705,0.0030077055319204238,0.0004609685523180307
2022-12-02,0.000196454642038546,-0.002109422264577221,0.0071097752470379305,-0.003813878853070829,0.0001443332543817899
2022-12-05,0.0006113265038090177,0.0004681120464409272,0.004530522624395905,-0.000250174718795515,0.00047271570082196845
2022-12-06,0.00024597835885376007,-0.00019841881653892557,-0.0010674227033100614,-0.003298289345379235,0.000243180992307801
2022-12-07,3.0084811933450695e-05,-0.004914522178373737,-0.0016630088754842065,-0.0014189245005823414,-0.0001950521464054722
2022-12-08,0.00022428831185528075,-0.0017181343351965195,0.013597421219392114,0.005120901616076923,0.00021450675927425777
2022-12-09,0.0002365848275502902,-0.0047934082874262485,-0.013589501160355177,-0.005901718712176263,7.857398387667303e-05
2022-12-12,0.0005629146009009656,0.0012017502692409643,0.006338024939348541,0.0026997060031526132,0.0006895480779538499
2022-12-13,0.00020000804186004473,0.006501441453158119,0.01005783139118921,0.0030923361871333377,0.0002493963684193634
2022-12-14,0.00023178020110337094,0.006781139333703834,0.0030609758770092643,0.004152907034924436,0.0005577698072924964
2022-12-15,0.00015860870766792878,-0.010666046330053969,-0.01133133917871243,-0.01097825405576569,-0.00014028766354579059
2022-12-16,0.00015459820905205923,-0.012794542724826719,-0.01739264946076946,-0.009045861510233122,0.00011999970461595844
2022-12-19,0.0005594187142505813,0.00962308445180593,0.008856207183257858,0.00671758429371061,0.00034241960522995996
2022-12-20,0.00017292770250976197,-0.0020066028078881137,-0.0029202536044214966,-0.003471594343142037,0.0002638773173455622
2022-12-21,0.0001834537569198602,-0.008349579192620582,-0.02307799541806843,-0.013066691951061693,-0.0002582732771096996
2022-12-22,0.00021823384973096438,-0.007773252285464882,-0.01165475276981287,-0.00705134045037803,5.535857130589683e-05
2022-12-23,0.00020852592198616904,-0.02012799182619629,-0.043916109633635125,-0.020638643574695803,0.0001771376220933707
2022-12-26,0.0005325535839684203,0.011803795194219369,0.03877164477109929,0.01755790463407414,0.00019186510407309676
2022-12-27,0.00020509852010253127,0.00645067849105363,0.015150611229171496,0.007025514149790579,0.00038457884927001196
2022-12-28,0.00025124128437536974,-0.0004234145477488571,0.001151051922303914,0.0013630523063010713,0.00018530127590521417
2022-12-29,0.00020649575217768223,0.001204335608189222,0.0030011692955009828,0.0016799162033893644,5.6225291979794534e-05
2022-12-30,0.0003736567557162118,-0.0029408511461991305,0.010795560419955885,-0.0022488370512890876,0.00022396684921965893
2023-01-02,0.0006686061141432109,0.0004908941901149433,0.01227151874935517,0.005419671597465925,0.000642263125158582
2023-01-03,0.000205307530538823,0.004020862468762321,0.00561792581839593,0.001617302326503589,0.00032046500577376236
2023-01-04,0.00012758790384803653,-0.011257778980325428,-0.013029160502076031,-0.011360562618339176,-7.3646515138525714e-06
2023-01-05,0.0001908096126286285,-0.01175036615179692,0.005675525290797845,-0.0006556337793199862,0.00013164411532406994
2023-01-06,0.00018911970564294833,-0.010970349680779035,-0.008302551429053118,-0.004554051820702676,-0.00015647939764629193
2023-01-09,0.0005054637511092697,0.00963928393890745,0.011450561668646886,0.012168392031514319,0.0008782629909733775
2023-01-10,0.000141441824665689,-0.00495897000565948,-0.008553737975615427,-0.007073091930312803,0.0002023567199447296
2023-01-11,0.00013091018221200734,-0.004255682181730336,0.0024757967356310306,0.0008326575291262017,0.0002510554906203222
2023-01-12,0.00019131157600038584,0.001020988087996333,-0.005398548450502361,-0.0012271063797860693,0.00043395036416904453
2023-01-13,0.0001306822063293911,0.0023009427731426335,0.0047662257603375835,0.0031349689257473834,0.00026374943252527316
2023-01-16,0.0005061674044912756,-0.008596273999117554,0.0010716937322776676,-0.003792473961063414,0.00046304760662274624
2023-01-17,0.00017561752088446347,0.0030175569560286775,-0.00329551308298881,0.005841496171372862,0.00014050296387790873
2023-01-18,0.00015056475707897476,0.002561930006354629,-0.0011787780199976616,0.006121449152612701,0.00017629267522289993
2023-01-19,0.000199114035355219,-0.007866012260129285,0.0003967066712398104,-0.0006140326262604745,0.000264392402390623
2023-01-20,0.000191444655100792,-0.00681034631611066,-0.004968140110569674,-0.002882110927412085,-0.00022302212416192013
2023-01-23,0.0004134116154439482,0.004904098435469351,0.0013595314148389104,0.005119974027436802,0.00042961990572232267
2023-01-24,0.0002402739985016833,-0.0017905954811250346,-0.007416024816362943,-0.0005487759659199565,0.00017617863044971926
2023-01-25,0.00016437477382513777,-0.011402665002845258,-0.021034400910813544,-0.015537403210700518,-3.0275368235632705e-05
2023-01-27,0.0003933180955615345,-0.005688932003091507,-0.03173605160943893,-0.01397707725831554,-0.00016055605608267243
2023-01-30,0.0004860952481049452,0.006209291015335294,-0.0013234708465048595,0.0014234657824645502,0.00026151899407866885
2023-01-31,0.0002053056115529639,-0.0020107502858418558,0.024607673979130773,0.006374439819385236,0.0005559265809964575
2023-02-01,0.000267655333516581,0.0033784871283883966,-0.023979349886421697,0.0014815439069610914,0.0010736441002752173
2023-02-02,0.0002391528151928224,-0.0006985042675842212,0.0017373874735284733,0.000693393741616477,0.0003086507383347481
2023-02-03,0.0002045013244560412,0.005965514423470042,0.0028182696842278254,0.010420608451860103,0.00021882719610033519
2023-02-06,0.000579942836468117,-0.0019800974817223427,0.002164518951526917,-0.001779332775176501,0.00021694853193565677
2023-02-07,0.00018058376955742972,0.0012398345918211984,-0.00520754552381153,-0.00305643652516685,0.00015009216024730598
2023-02-08,5.95056530883209e-05,0.011334866327549653,0.00573975758081513,0.0066919223596511035,-0.00032393079959658344
2023-02-09,0.00012109994832387727,0.0021344824418365604,-0.0005913735406398724,0.0014172118972695102,-2.379923695983166e-05
2023-02-10,0.00025587329885601307,1.575608435522291e-05,0.005358580201397123,-0.0007963645956209353,-3.1122819800666335e-05
2023-02-13,0.0006060930943383447,-0.012164937821741328,-0.008888730257375022,-0.004742145820983978,0.0003789778947869138
2023-02-14,0.0001051142894676893,0.0031972229834658084,0.002400812886998782,0.006004307619414506,-0.0003166103295492162
2023-02-15,0.00018834845700088643,0.01267008351328136,0.008477817844204205,0.004343269176553477,0.000410991505565228
2023-02-16,0.00018320348280309595,0.007399034015003636,0.008071963129932191,0.0007034102186020963,0.0002873013709032701
2023-02-17,0.0001727271059854818,-0.008213188706404861,-0.007631768222631008,-0.0039485386446925785,-0.0002917924011404116
2023-02-20,0.0005074046598316784,-0.0007999782863038485,-0.0002751081580042447,-0.0034738442882843446,0.0007832200592172711
2023-02-21,0.00014989303591139702,-4.5749643653114624e-05,-0.0037387289858008543,-0.00039730233377721635,0.0003675327762437952
2023-02-22,8.146432096434175e-05,-0.014553341520987861,-0.010285912184164858,-0.014429968835125484,-0.000332668605405706
2023-02-23,0.00013311177826880183,-0.0031701216398162257,0.0004696315552739083,0.000666508054623316,0.00024867025410091337
2023-02-24,0.000125469948696999,9.169464808889138e-05,-0.010242083024168736,-0.003256126103643009,0.00013161622901214365
2023-02-27,0.0004257287112796604,-0.0033501861376225017,-0.004862862693874259,-0.004801177455781902,9.7785300036346e-05
2023-02-28,0.00022511516258783004,-0.0014879735523287696,0.0022441961436057145,-0.0033386200483794815,9.229298728641311e-05
2023-03-01,0.00014529869038470977,0.007905762607760991,0.011971173362901988,0.008611588206098197,-0.0001297464826823802
2023-03-02,8.94393907047153e-05,-0.00549323791988221,0.0008278069423803824,-0.005614253439575778,0.00015535045234393863
2023-03-03,0.0001653702731936324,0.0026027647080277827,0.014342214747278037,0.013774760557248689,0.0003691284365947567
2023-03-06,0.0005574617655474956,0.006367786219330762,0.0051383084632687925,0.005772211523622284,0.00040095937980089147
2023-03-08,0.00034611216321467353,-0.0018464830787250364,0.005989978732241497,0.005081949987741252,-0.00019172601804229306
2023-03-09,0.00026948016833761024,-0.00841943016740343,-0.005757538515923533,-0.0063323487438186055,0.00028033892702317154
2023-03-10,0.0004055017376543013,-0.007057747598232966,-0.010260947220981809,-0.008991255903434192,0.0003277311691511908
2023-03-13,0.0010570819339057458,-0.013642014816122594,-0.020110198442796157,-0.015821846247177307,0.0014382593411568223
2023-03-14,0.0002594180216184405,-0.008245909488911574,-0.011985665032919646,-0.004224090844492934,0.0004957419954527698
2023-03-15,0.0001521486247531012,-0.0012393493415957524,-0.0009022746016584815,-0.00434689905152319,0.00021313630066432943
2023-03-16,8.114447340834552e-05,0.004246725729284639,-0.0010213252420386842,0.001678652104532441,-0.00012293704803556516
2023-03-17,0.0001360120808930887,0.002883659413281059,0.0018341655817304403,0.006389567040454569,0.0003442660575525558
2023-03-20,0.000756401824007602,-0.008213414196511892,-0.012187264218293747,-0.007846308294815585,0.0010406367276480921
2023-03-21,0.0004022897670499237,0.0026911265191296163,0.008317533736785565,0.008378026501638658,0.00027375855950229067
2023-03-22,,0.00580084080616361,0.0027535219466758853,0.002248341569832002,
2023-03-23,,-0.0015636819177976546,-0.007492612610520588,-0.003963786030729555,
2023-03-24,8.386011554240014e-05,-0.00827084780681775,-0.010087745914854174,-0.00873787906596979,0.0001535491198183525
2023-03-27,0.0003260229073100973,-0.0032112252477489722,-0.0027675562928483055,-0.0014310805783156466,0.0006131937492390716
2023-03-28,0.00012031245647858846,-0.0003604766167302209,-0.0015427858282938134,-0.0013360875336621003,-0.00028416596381741765
2023-03-29,0.0007600006783430313,0.011009107589557088,0.01782323199354341,0.009116985113320153,0.0012432389234586783
2023-03-31,0.0012232432947933969,0.012323439712857764,0.014487292826538045,0.015496757752248014,0.0012353461372758279
2023-04-03,0.0005774612530935475,0.008679650859822807,0.006340622007403818,0.0023418727870319067,0.0004366388951042577
2023-04-05,0.0003551588065493494,0.009875967012597187,0.0007531394493016652,0.008058303600389172,0.0010177757615434935
2023-04-06,0.0007854768925668054,0.0038512963608881012,0.005075407066907012,0.0027031737572607017,0.0019891577784751924
2023-04-10,0.000987084416721018,-0.0028621892780101854,0.0025245338271207007,0.0011833152549058923,0.0005840973844715158
2023-04-11,0.00018301767040473926,0.008747693294983927,0.00481830474397027,0.0028813392384650083,0.00011819488441711101
2023-04-12,0.00037093194986059785,0.005905483478175544,0.0011963340604337347,0.00408154432853447,0.0005990238797621839
2023-04-13,0.00023743479529958478,0.0016125778208306851,0.0028268148404613225,0.0006697557215209482,0.00012532299974576944
2023-04-17,0.0007951894057787179,-0.0010799876572837874,0.0022967599054350973,-0.003296836196941988,0.00060760516121805
2023-04-18,0.00032220105033986535,0.0051483585316880465,9.941721906225887e-05,-0.0010305525590116327,0.0003090237641978355
2023-04-19,0.0002459313579286082,-0.0026477836016686185,-0.0005334393678253502,-0.0018735472105610995,0.0003413522593196383
2023-04-20,0.0001927741012059947,-0.0030685130051599785,0.0006955223211533301,0.0013202794591522515,2.3409314566347206e-05
2023-04-21,0.00019760894191067635,0.002335298494648308,-0.005303433828166448,-0.0005277484121765097,0.0004339625189633267
2023-04-24,0.0005424834910390253,0.0012548681460500255,0.00667431321774381,0.006937642833823254,0.0011402323842195639
2023-04-25,0.00018829161868971767,0.0018122167074690054,0.0014539303301750461,0.0023473440604255824,0.0003604675830872761
2023-04-26,0.00021400733768861535,4.127397092590357e-05,0.004337310713799836,0.004462546952463287,0.00028036249432772387
2023-04-27,0.00012499263724730092,0.00807940214985825,0.0005462509877343091,0.0056519824657101925,0.0005300240666858969
2023-04-28,0.00013517304077370618,0.016193063100710336,0.01665155919524053,0.010296107019389877,6.015728886366034e-05
2023-05-02,0.0005970227351925761,-0.00048207969458102795,0.007548894618824686,0.0059898638049864505,0.0006616903720011447
2023-05-03,0.00027269035546106934,0.0010382916974194245,-0.0036637786353492796,-0.0006221044814027632,0.0007079083864265368
2023-05-04,0.00018187175300332648,0.012478512853409729,0.008445495282120019,0.008385140623617726,0.00019724926928099684
2023-05-05,,-0.0016511584851579553,-0.013036937652568414,-0.007302506906914696,
2023-05-08,,0.012478347649183208,0.007454889099806072,0.012997927144762444,
2023-05-09,0.00013919658303418458,2.7134648911575354e-05,-0.002478792477828784,-0.0006979485072625691,2.866196968653867e-05
2023-05-10,0.00023012190114379827,0.005479693658126283,-0.003790028346962404,0.0030556574108024925,0.0001236012016185839
2023-05-11,0.00017932970813250293,0.0020428430330148295,-0.0021904600580843203,0.00047475565908738915,0.0002507540532601382
2023-05-12,0.00016197801110728882,-0.0007540686040843347,-0.004927204287311304,0.0009585513536769508,0.00039841992923350666
2023-05-15,0.000693011856267578,-0.003870213104283038,0.0056553374181640415,0.0059433321218058666,0.0005906796126931013
2023-05-16,0.0004238254322945778,-0.0006439341672008769,-0.0012832685314647652,-0.002021769763310033,0.00037745401009114943
2023-05-17,0.00028251104002507965,-0.008354879319914077,-0.0031369519238144683,-0.0027405066080681273,0.0003102538448678249
2023-05-18,0.00026807442873777454,-0.002717873533563009,-0.006782847201800668,-0.0005871740355429811,0.0007499200025742336
2023-05-19,0.0002465535324005508,0.0032139420477519387,0.00019923019665668562,0.0016093598727673353,9.288824383157923e-05
2023-05-22,0.001118753558971397,0.0064222999938603476,0.004931348436769678,0.0003390151216513537,0.001310138435282271
2023-05-23,-3.9025392220670696e-05,0.004730064992638283,-2.6841351097317556e-05,0.0006210543737832364,-0.00011059618478836963
2023-05-24,0.00011752240840556816,-0.0027215896134316075,-0.0006483392672664845,-0.0014902354918643335,0.0002854410778254657
2023-05-25,0.00012666198438870957,0.004130733032604583,0.0026095023350536373,0.0032057906170674944,6.777291081072612e-05
2023-05-26,0.00016985810094771736,0.014016091151753063,0.009697140384258729,0.010608836503455565,0.0001257280635738045
2023-05-29,0.0004603229657555996,0.004300052222513173,0.0015130208917979449,0.004246604972371504,0.00034325687472192
2023-05-30,0.00019227628220308546,0.0006192237210316254,0.007098553049966538,0.0037792859799181677,0.00013814690631153148
2023-05-31,0.00015842798051513007,-0.0006413197699710604,-4.0469964204370434e-05,-0.0016887954442658115,0.00015951535847724685
2023-06-01,0.0003119133265929719,0.004890389643382509,0.0038400805115070824,-0.0007808815456815665,0.0006352866541690094
2023-06-02,0.00024306258861650498,0.002267388579313856,0.003047276802932819,0.0038826988548437136,8.459174687280857e-05
2023-06-05,0.0005978896689053936,0.0003389447520054656,0.004034167833976143,0.004357886201671102,0.0003240925408856121
2023-06-06,0.0002534731083176922,0.005463303933053387,0.0005137542693314234,0.0015471132830726653,0.0004236760124611827
2023-06-07,0.00023266522905451836,0.013590576851740588,0.010697940236378933,0.008681406924283985,0.00023577015879339136
2023-06-08,9.582696872367791e-05,-0.009860710378358895,-0.007120032357185391,-0.00472038516641371,-0.0002188142933765569
2023-06-09,5.274281767420064e-05,0.00110235216182053,0.00012825692853235537,-0.0023446730432817864,-0.00029626466309895516
2023-06-12,0.0005241779139382174,0.006606829917681134,0.005471150875257846,0.002772482044659741,0.0004618826657838415
2023-06-13,0.00027844552937072997,0.006817894163138716,0.01616223428333896,0.007751251949256632,0.00034069246856160973
2023-06-14,0.00032926582839887253,0.00011031793371940601,0.0037985895598293684,0.0010916666919018603,-3.734780768371859e-05
2023-06-15,0.0001913287644743633,0.00721091873158608,-0.0042791883730466385,-0.003967155641664499,5.0688203520943276e-05
2023-06-16,0.00023242897513808813,0.010891753568504248,0.007250903109611961,0.008410826110459846,9.692516043791066e-05
2023-06-19,0.0006005418005750052,-0.000600887348108925,-0.001488318252052867,-0.0028881410039226507,0.0006570711166118404
2023-06-20,0.00017735218579084666,-0.0009567037961856206,0.002481640004347474,0.0046860582593477584,0.00010307198956494013
2023-06-21,0.00015713253197535693,0.0005160297253308244,0.009000456895639442,0.0007425444925444058,-5.33076035300617e-05
2023-06-22,0.00024637321261122835,-0.012136206981345321,-0.011479755809751468,-0.0075205700432878775,-0.00012083700953280374
2023-06-23,9.269654611943068e-05,-0.008797829902664756,-0.008871068966722073,-0.006976740666528425,8.886148005915473e-05
2023-06-26,0.0005031774364787633,0.001953680891918941,0.004627009383924907,0.002310422657991973,0.0004806978915932181
2023-06-27,0.00014295173061062982,0.0044999999999999485,0.005161917472999544,0.007453552145214815,7.548925921052607e-05
2023-06-28,0.00024335818740950366,0.006299416123587864,0.006467098539214122,0.00851979021242899,0.0003978427686306407
2023-06-30,0.0004336149733541461,0.005583502029439691,0.00762085950963165,0.010972434228248229,0.00010119651564410859
2023-07-03,0.0006760026590433288,0.0007612399865959407,0.009695456840237204,0.0068965823504334445,0.00012781424329966207
2023-07-04,0.00032354101387777057,0.008165101330903868,0.00016919341458820902,0.0010423236319316853,0.00049077946962095
2023-07-05,0.00023560297465885505,0.0026106715429283778,0.005583700593465579,0.0020413558127239106,0.0003565941532750472
2023-07-06,0.00017305732206773783,0.004782727179541091,0.007456531291193169,0.005239553868476188,-0.00011261520890559762
2023-07-07,0.00022107616381350503,-0.0085831089789844,-0.0019589041351941727,-0.005623391676447209,-0.00016849842187927067
2023-07-10,0.0005155645347083571,-0.010036529554304341,-0.0009314317641955228,0.00029470930812225404,0.00047010112496104206
2023-07-11,0.00020607578891107536,0.0033046390439237516,0.006390505035482885,0.006513941799600964,0.0007473755415812189
2023-07-12,0.00021983384498658332,0.0021528797293233204,0.0030082517369629524,0.0005912566825838628,-4.429521877402642e-06
2023-07-13,0.00027710273169256894,0.002367618841102148,-0.01072665537957751,-0.0013841203122203494,0.0008938814743284507
2023-07-14,0.00024693432447331354,0.009957488554610983,0.013274621469294257,0.0072348016696595074,0.0003806003572333072
2023-07-17,0.0005352168409122893,-0.0013673774621824064,0.007889206515650837,0.007755841479860859,0.0006273092767450361
2023-07-18,0.00020769643797247106,-0.004481861182019098,-0.0026714442219603063,-0.0003331169987307314,0.0005358407615658756
2023-07-19,0.00016426810349456922,0.007306731136595523,0.008133482745147136,0.0066286518629168345,0.00027484691203749634
2023-07-20,0.00028732766668038145,-0.0021364492164278603,0.0044797084624503825,0.006375252377521123,0.0002518001501965461
2023-07-21,0.00021510141323077825,-0.0041324991899505115,-0.003396820735955597,-0.00638307223987411,-0.00023672088575998895
2023-07-24,0.0005685131235830809,-0.0029833413423033806,0.0010525309747873024,-0.0010616423207158165,0.0005769229070198278
2023-07-25,0.00020017838365005147,0.0007932523345719478,0.005019350099365383,0.002051261540131577,-0.00039910994949310385
2023-07-26,0.00020971498054755955,9.029888932365893e-05,0.018440239851393647,0.0037748060208726564,0.0003816025185765515
2023-07-27,0.00016613904980111727,-0.006452025522181382,0.005845531575614071,-0.0034865176150800092,0.0004591611479030089
2023-07-28,0.00016309881161835627,0.004460549882049136,0.0077070061813167,0.002967139147709963,-0.0006946038022277445
2023-07-31,0.0005342601663902435,0.001452602558641214,0.0030286280672406907,0.006165384047015499,0.0006376779337822214
2023-08-01,0.00020628146980783413,0.0013162368925265788,-0.003710802819041459,0.0004109548415704989,0.0004828082315713189
2023-08-02,0.00014126821910021015,-0.007982276089010476,-0.01915277997735898,-0.013116920149407463,0.00018350210233419872
2023-08-03,0.00015908744196213576,-0.006520574800921608,0.002364525656658234,-0.005199497644134077,-0.00030342856638809756
2023-08-04,0.00017054390936532826,0.009623820385868287,0.0024538069206543334,0.007439562541069256,-0.00030175600820914195
2023-08-07,0.000557503330383291,0.002450711852453491,0.005214594675661877,0.002636142411635012,0.0009893876916993172
2023-08-08,0.00019198193245273387,-0.003319091307674271,0.0041585605128575676,0.00011672730792677832,-4.232263070425013e-05
2023-08-09,0.00018642703218052503,-0.002072201865737977,0.004254541380957155,0.00608903830770835,0.00030773381818294254
2023-08-10,0.0001216710928408915,-0.004115117182319383,0.0025321642988904713,-0.0019155353595942115,0.0002194903944303661
2023-08-11,2.8609889934694266e-05,-0.009627665173877475,-0.004077655234044908,-0.0031155297392764236,-0.0003234349318539387
2023-08-14,0.0005100204607255687,-0.005867844162762981,-0.004048485390171663,-0.0031281103369827923,0.00034293431882126413
2023-08-16,,-0.0010550262532784682,0.003528854005104609,0.0026715161888462013,
2023-08-17,,-0.005196881870877412,0.0018514727062211023,-0.00311249507449074,
2023-08-18,0.00021213071226244828,-0.005965505843006924,-0.00019555164060780506,-0.002074816099088994,0.000506840138213116
2023-08-21,0.0006310039030961168,0.008158230018791457,0.005226302787244119,0.005017652585113552,0.0005911607807551622
2023-08-22,0.0002101164705634595,0.003962027657876455,0.007640933950357587,0.004191565647942541,-0.00010389829941370721
2023-08-23,0.00015190088327265983,0.00196997495335971,-0.00040591075646101427,0.005148869487351604,0.0006604391656275244
2023-08-24,0.00022140462670172667,0.0025280288447318,-0.006167708057177701,-0.0011643314256716275,0.0005491227236487095
2023-08-25,0.00019825746853796566,-0.0022330618856994944,-0.005301237169365813,-0.008890845815798576,8.61930971642888e-05
2023-08-28,0.0005776153606678047,0.001847266893429289,0.006899230856350913,0.0030770588955622014,0.0010034474267421878
2023-08-29,0.0001964875345126238,0.0067184795398176345,0.0009155758628325295,0.0024557991638927135,0.00021612674515747443
2023-08-30,0.00023727972948894838,0.0045463872981561515,0.00661336612649932,0.004013112711258371,0.0003223633183921937
2023-08-31,0.00018903404352399455,-0.0061486069839852275,-0.0008861694515640561,-0.0024583262225694735,0.00015015357813341623
2023-09-01,0.00020440182692715858,0.005912166475169123,0.015210243756430097,0.009031834814132056,0.00017559185429405488
2023-09-04,0.0005622904790014704,0.005294879881614145,0.01279191846841421,0.004912675993184568,0.00056003967679219
2023-09-05,0.00022890737157910124,0.005326327510437379,0.008767652424604089,0.002275611082449114,0.00012370124657512527
2023-09-06,0.00018719668720312832,0.0034835154623380493,-0.0039212271515256525,0.002306615730061967,-0.0003622857864672424
2023-09-07,0.00018690588521375062,0.004190985813969927,0.003423356379860687,0.007931044055186964,0.0007599350983835684
2023-09-08,0.00019393271307932558,0.004936163849235786,0.008207794528695578,0.006817925180466311,-0.0003700335923861875
2023-09-11,0.0005465210695778655,0.007646272473170956,0.012026176084798612,0.00838570695845453,0.00019648864269328215
2023-09-12,0.00015534192639088396,-0.0042543922261657485,-0.022794458526247396,-0.009775437568497192,-0.0001254123039116095
2023-09-13,0.0001761106917703703,-0.00038931425075561243,0.012432108176592349,0.001906721329663963,0.0012060387897159242
2023-09-14,0.00019101334574345152,0.006545499505440366,0.005655096640633683,0.003236077824458894,0.000873434366707615
2023-09-15,0.00019871731362952616,0.0035376750105025057,0.000226098102371175,0.0032024725813837307,-0.0007299985645111695
2023-09-18,0.0005199407725962057,-0.0003574165150911357,-0.0023380189043487043,-0.002006362764515046,0.0005457090451055358
2023-09-20,0.00037702668530292804,-0.00702476606561675,-0.008791287545721893,-0.009459888033037545,0.0007099978376143845
2023-09-21,0.00011798126287998478,-0.00785133393756654,-0.006051141040529395,-0.009987206811307936,0.00024320512865383392
2023-09-22,0.00020485347325527314,-0.004000855106652157,-0.0016227153287284857,-0.00037059502014680223,7.959095496912205e-05
2023-09-25,0.0005739234604451582,0.00505765830295779,0.010031789659169288,-0.0017356386317057826,0.0004276580170137212
2023-09-26,0.0001115229587402844,0.003384603159625188,0.0027495287513032984,0.0013589337724948525,-5.944440462057887e-05
2023-09-27,0.0002506242128907932,0.0015702763636904482,0.008251977497423901,0.003561491992893684,0.00014337443983425402
2023-09-29,0.00047552574141263015,-0.008381444687283524,0.0006679495102619448,0.00032941769194461124,-0.00024125410175668272
2023-09-30,0.0001922983304074588,,,,
2023-10-03,0.0006115893368667802,,,,
2023-10-04,0.00028978173312577127,-0.003758240174531524,-0.014908575145646807,-0.009357243826048411,3.845290000392687e-05
2023-10-05,0.00020684312191820986,0.005003286056520118,-0.0014197712330963341,0.005404097209398717,0.0007436854463991338
2023-10-06,6.059230593136178e-05,0.00859303746812512,0.004326144094777051,0.005530888796436706,-0.002506217515229392
2023-10-09,0.0005377852696137886,-0.007551580320124152,-0.013598716019170842,-0.010289677389001328,4.639834996966741e-05
2023-10-10,0.000147899936268292,0.008231350536525461,0.015593957151653237,0.010165960600086787,0.00038342517737777193
2023-10-11,0.0002191191636404799,0.007407981192949498,0.00698093915992648,0.00533840091570803,0.0008741893621917463
2023-10-12,0.00018152336471710662,-0.004600060780850956,0.016429087955304178,0.0025441999675090976,0.0004415215619897328
2023-10-13,0.00017449423493842708,0.003682096403978763,-0.0052535687503891815,-0.003017003430348053,0.00026130036695648506
2023-10-16,0.0004978538941065036,-0.00522862402894797,0.0022261750285212933,0.0017134773811344761,0.0005014957503914896
2023-10-17,0.00018472749832953994,0.0023652478045317338,0.0031667465006119944,0.004104486334191693,0.00016242413657607813
2023-10-18,0.00021384521640332999,-0.0065350268372258435,-0.011374802195595057,-0.008612260660222915,-6.286364874596995e-05
2023-10-19,0.00013028650830904098,-0.004028941289927146,0.0014161001718375754,-0.0024407796681812366,-0.0001562958409588866
2023-10-20,0.0001623782243833638,-0.0011886837308821008,-0.014217532623769236,-0.007139474536889456,0.00010304911862446531
2023-10-23,0.0005488425789585971,-0.015796076642335732,-0.025742097532184482,-0.016550306404509718,0.0003126083323217177
2023-10-25,0.00036962136786788946,-0.0052726113911581995,-0.005573579332263767,-0.0071586691795751944,0.000719298230299259
2023-10-26,0.00019827392690441314,-0.014488532760646877,-0.005857891033264173,-0.01136962567364308,0.00013782455283362083
2023-10-27,0.00021809902179037444,0.009420701387407915,0.012431593121473128,0.011835567672372038,0.00018490366257517543
2023-10-30,0.0004614786009811134,0.0011837814306696615,0.003321601445371636,0.0025002034717274135,0.000399387837855425
2023-10-31,0.00019887920880634624,0.001688390282601926,0.0005652805481122236,-0.0015268610755825307,0.00027806518928930046
2023-11-01,0.00022721750583687417,-0.004363630825155229,0.001094789380543082,-0.0031083189971213843,7.581487923635777e-05
2023-11-02,0.00018950612371360087,0.008124287706612998,0.01881012421780137,0.008992005357426391,0.000853070574816206
2023-11-03,0.00023983596536059082,0.004887387757630979,0.0027085048719752702,0.006888120863334013,0.0005110578287614853
2023-11-06,0.0006196012378554272,0.009894598553372713,0.008795624462186513,0.00948331229999555,0.0006561171612926575
2023-11-07,0.00020835106307970364,0.002463431683693784,0.0047049518437247695,0.0002832359215700908,0.000471329348774141
2023-11-08,0.00018236401327320628,0.004792943832067964,0.008597196262193352,0.0023182502929197657,0.000425039613865863
2023-11-09,0.00015065572671724148,0.0012989069388846808,-0.002402263070571453,-0.003282854288028325,0.00044484217659901404
2023-11-10,0.00014363407946760276,0.0019223594120250098,0.0028785734272573915,0.001051348532510099,-0.00033261483896407373
2023-11-13,0.0006122621667061789,0.0009050800391625646,0.007595109527449795,0.0029443105487492183,0.0005759713108950404
2023-11-15,0.0004028934662951844,0.009019208783410892,0.001630272307093339,0.00785996687466195,0.0012346300711432168
2023-11-16,0.00017127582135945119,0.007610193972648283,0.009510189795817636,0.003804128106808191,0.0003520687071620898
2023-11-17,0.0001968169704107403,0.0015764614075945982,-0.000835921214957347,-0.0026611830168138395,0.0003952877538815347
2023-11-20,0.0005794834816730265,-0.005072789017708246,-0.0023251878138657034,-0.0012197475053751239,6.758829370756558e-05
2023-11-21,0.00016603066845255476,0.0014445981998458812,0.0025338482112897687,0.0032759512885085496,-0.0005735952116064924
2023-11-22,0.0001707166795219539,0.004604389226312122,-0.0012296680428377504,-0.0011278469539190983,0.00042827592066330133
2023-11-23,0.00017813487760087732,-0.004962809148200242,-0.002181072721247901,0.0005920997371351433,-0.00010225693180687667
2023-11-24,0.00018741066483607405,-0.0023795988572093973,0.005842610963157968,2.4770903546356138e-05,-0.00030420214969517634
2023-11-28,0.0007852712466085432,0.005667919575204294,0.00919843707783885,0.0056627635111612395,0.000970101960403591
2023-11-29,0.0001791504795838339,0.012079511443875202,0.006910241548129692,0.00884930322171007,0.0005560338331864756
2023-11-30,0.00017379209747026003,0.00800673747878089,0.008776237036232315,0.0032810721876572746,-0.0001125299502791055
2023-12-01,0.0001451404695413938,0.0034203087060029613,0.01197819980063941,0.009939460143467915,-0.00016448535993718316
2023-12-04,0.0005609218433924035,0.00972092121074497,0.00884559078998337,0.017759661593242715,0.0007429034537216328
2023-12-05,0.00021619281054796602,0.002571115653350331,0.007165268305746597,0.0044127492282619585,0.000260428833711579
2023-12-06,0.00020219680414124142,0.005286770805341678,0.0015686997317347906,0.005420008066501447,0.0005423467265006643
2023-12-07,0.00020743662626343529,0.0040095997954523455,0.00763310800890582,0.004301951963489925,0.00025762634497383807
2023-12-08,0.0001757546703062829,-0.004953205577131192,-0.012006884173138332,0.0019219446656308925,-3.1978925024045424e-05
2023-12-11,0.0005635806768724549,0.0036667961833678486,0.005250119320893587,0.0042248270720293135,0.00020570885282733542
2023-12-12,0.00010825816135517918,-0.006012114637013011,-0.008417614992338063,-0.00321071354918534,0.0001503612558793055
2023-12-13,0.00017094899667990937,-0.002051142121177074,0.003793582881197688,0.005333943665796426,0.00032832578904029575
2023-12-14,0.00020090367046687874,0.015636611779222598,0.011197410709193,0.010390058059819296,0.001452796633519604
2023-12-15,0.00018170220370561374,0.006091850611025906,0.006156446522828096,0.011047008982218998,0.0010573988161617365
2023-12-18,0.0005408940986402211,0.003605534203403371,0.0047221694394568026,0.0008486206766300519,0.0007090701531435872
2023-12-19,0.00022648601238484112,-0.0007018807212963996,-0.0020151922086476537,0.001417781266668694,-3.271637144441897e-05
2023-12-20,0.00021456687758569792,-0.020904739426197194,-0.03219635869920179,-0.021721515870613106,0.00015239440015157868
2023-12-21,0.00021722189346640164,0.005362807619029741,0.024353695309632162,0.0071564321853250235,2.4964769544943977e-05
2023-12-22,0.00015951993257501407,0.007559391495626455,0.0017543413084741832,0.003888753597097061,0.00016872319582383888
2023-12-26,0.0008189762417045721,0.0019636178854778308,0.0027825995109400647,0.002475351267458681,0.0008933935355490696
2023-12-27,0.00015550994872493007,0.00841507645740669,0.0017563463226777376,0.008656906267737075,-9.889070427393509e-05
2023-12-28,0.00025039566985807227,0.003569376411621805,0.016698938021144194,0.0055580327704123356,7.224035397790374e-05
2023-12-29,0.00040285196228628806,0.0047868372180561725,-0.0001839109617275403,0.0019648500443432138,-0.06919524039251201
2024-01-01,0.0006997104846784286,-0.0003971907779523054,0.004634725653906768,0.0021617093211558913,0.0005155191592050024
2024-01-02,0.0001974905538750793,0.0022847544566257927,0.005290362875280286,-0.00036323964984674717,5.3556819168187886e-05
2024-01-03,0.00021359164655243568,-0.005784461243208638,0.00121019169822989,-0.002821107910177645,1.2003471773214258e-05
2024-01-04,0.000187042708226004,0.011759708187955908,0.013517980144034158,0.00991366723323317,3.231665147795937e-05
2024-01-05,0.00020744878036160763,0.0008845187937851495,0.0005755936851326027,0.0016410013073639984,-0.00012372261021464936
2024-01-08,0.0005847273462178393,-0.010207722967432664,-0.012466401382913994,-0.008465438754487464,0.0009963672763066977
2024-01-09,0.00022159924987152912,0.0029079820887289998,0.003515865723513256,0.003007236278940173,0.0003118043787297964
2024-01-10,0.00019930485157182432,-0.00048457310799543407,0.002682996390342529,0.002923791625575989,0.00030986276583866434
2024-01-11,0.00018770295754411137,0.001970801026890845,0.005741897608332769,0.0035398799260855096,7.467592033472137e-05
2024-01-12,0.00021610689176099207,0.004460462902428963,0.0052629950126765745,0.007864534290404901,0.00046922475589239454
2024-01-15,0.000607844498091481,0.0019772343588440044,0.012867893447836787,0.005762187478981717,0.0011692867350916458
2024-01-16,0.0001429804979360405,-0.004051760570466301,-0.007454590684894624,-0.0023369002877962064,1.7486604340755108e-05
2024-01-17,0.00019798011174665398,-0.014401629093782842,-0.012885104442369455,-0.019224042850091716,6.994519425918e-05
2024-01-18,0.00015467011687397836,-0.0053031243557605245,0.016089680688183394,-0.0028281688600714228,4.601335675724627e-05
2024-01-19,0.0001916968492678972,0.004936351863069177,0.020114440423717017,0.010013894340703988,-5.245281317323158e-05
2024-01-23,0.000654512751916192,-0.01811929427958081,-0.02958940340023508,-0.0214972838458225,0.0008521728567301157
2024-01-24,0.00010594193822299758,0.011471163687761576,0.016659794479696455,0.012586102330484072,2.2067747986298514e-05
2024-01-25,0.0001975878949527221,-0.0042243615557857606,0.010430123585856599,-0.002298653059039091,0.00019400800306001997
2024-01-29,0.0008125880211107273,0.009587189735565937,0.02182691081890531,0.01690769102121359,0.0007979444656391887
2024-01-30,0.00017696632971531123,-0.01002681883024259,-0.005385936355092991,-0.008550774442180664,0.00039589845526122325
2024-01-31,0.00020064499952021642,0.010858087482592982,0.011177424456717322,0.009080071749278495,0.00037370511636281023
2024-02-01,0.00021941204230779832,-0.0018349084199373866,-0.004268464242791481,-0.0015101552110781125,0.0016824215856616753
2024-02-02,0.00021890483083786272,0.006294029069754181,0.014738932710427921,0.004821130410103125,0.0010537562286156987
2024-02-05,0.0005874751648837773,-0.0018256483151921632,0.011846564042706786,-0.0029651240277754898,-0.00018764576872520866
2024-02-06,0.0001932891084235333,0.011059231666050495,0.009835979091840308,0.00895739107400395,0.0001922585712990088
2024-02-07,0.0002536560659935905,0.002611098236243059,0.003470051595849455,0.009229142357059406,0.00041098811978890204
2024-02-08,0.00021395012102254363,-0.002595321688608432,0.0010741609202382651,-0.005318476285449125,-8.23468485866563e-06
2024-02-09,0.00011429624674152983,0.0011227283874784,-0.004485746887040731,0.0034568475245704278,-0.00032939010676813485
2024-02-12,0.0005646360883646562,-0.005535428540606624,-0.02632880314124264,-0.015040687684615084,0.0005619782366146353
2024-02-13,0.00018339124307575894,0.0010316640639653762,0.004306348018373596,0.006849306677675804,3.4760877181794214e-05
2024-02-14,0.00023326188085981414,0.00014335849444235826,0.009943774957374973,0.007975636286650767,-0.000258868060529438
2024-02-15,0.00026203645290712174,0.0076951032597532,0.017500144357898373,0.0037709748404517462,0.0007621658319134639
2024-02-16,0.00027604471489484084,0.007464976770649834,0.0025658809315147746,0.004715251029093537,0.00014536863749370355
2024-02-19,,0.00596219459455849,0.007676645816517613,0.0018253024017389485,
2024-02-20,,0.0006011953177493812,-0.001488813743054429,0.004310617763616076,
2024-02-21,0.0002758430058908967,-0.006771532833816374,-0.012983845131766647,-0.0035854872229842405,0.00042268320760863176
2024-02-22,0.00044347849192183375,0.006623098333438993,0.011605271951380836,0.008526773615473937,0.0002235715602374455
2024-02-23,0.00020131696402136967,0.005499136686355932,0.0024021247083365616,0.0023746979836374305,8.66716358405295e-05
2024-02-26,0.0005955681264608881,-0.006301835508469966,-0.0050694882455666335,-0.0022946695876562284,0.0008894475937477608
2024-02-27,0.00017136552143970363,0.005719339948588864,-0.0062894736274660135,0.0008771286052826621,-1.2760205658102208e-05
2024-02-28,0.0003057155977990167,-0.012815946388053279,-0.014174049164768276,-0.011013041323741146,0.00038463396427279584
2024-02-29,0.00021731821789328087,0.0022082651254466956,0.00510796367768096,0.005187561810074071,0.0001293768318895161
2024-03-01,0.00025491179033099165,0.009573620541949657,0.015333613063332585,0.015642975175149232,0.00011205135049197068
2024-03-04,0.0007168742980616649,-0.0012425860317482051,0.02420666708941499,0.0054713617377166734,0.0005483524831622066
2024-03-05,0.0002875015017955729,-0.007668657571683557,0.0015044573550360152,0.00017125102954484994,0.0001056046961316337
2024-03-06,0.0003070320069713528,0.005479172149725375,-0.007648085455348341,-0.0005078412553463085,0.0005689307379168618
2024-03-07,0.000250185313843021,0.004537045729400946,0.0010993090541704387,0.005044866565668382,0.00040666789789089997
2024-03-11,0.0008229893858848758,0.003082866890295355,-0.005115021305886036,-0.009328304127064424,0.001433217172415402
2024-03-12,0.00026432696318168247,-0.0005096744988475344,-0.0050068611911879835,-0.0038928631622314747,4.177261169635571e-05
2024-03-13,0.00026264590462421467,-0.02027126316782213,-0.04968936130906165,-0.019808285686756966,5.175955236169649e-05
2024-03-14,0.00010782785708984832,0.01042313775398851,0.017540614900275253,0.00763366099256757,-9.715763963236146e-05
2024-03-15,0.00018235912336117543,-0.0011576266548799508,-0.00961704728433177,-0.004361336619999712,0.000111696737002287
2024-03-18,0.0007063043698969373,0.004017017425559821,0.01589767473845094,0.0035237100640217456,0.00010986825797076882
2024-03-19,0.00021004549041991893,-0.004032979632955791,-0.018566193519348295,-0.009777924893820455,-0.0002723707147007648
2024-03-20,0.00024723190924702543,-0.000308328758311327,0.00358606419713281,0.002283442695689031,0.0003133116588263096
2024-03-21,0.00023629013847914493,0.016647122061513864,0.019720485876356664,0.013224352099124426,0.0005093124282218309
2024-03-22,0.00011629153172720841,0.007786224221432159,0.0007824921324091072,0.004705403162116095,-0.0002876467951428152
2024-03-26,0.0006399168352133611,0.013330850019003915,0.007926814602970511,0.0019645624517552474,0.00015793357531657115
2024-03-27,0.0001182641984005528,0.00434704554780474,0.0034808119320306474,0.00454715467618283,-0.06946346456993024
2024-03-28,0.0012346713482360716,0.007960624593031485,0.008351257812010182,0.009704145337373626,0.0016920869820482576
2024-03-31,0.0005717189024061486,-4.644495533900894e-05,-2.9585025003608934e-05,-3.710764463871197e-05,0.0005218596898439731
2024-04-01,,0.008155690721344921,0.018100568049285837,0.010579550145884964,
2024-04-02,,0.002688892611827809,0.011874548834529541,0.000257043744484875,
2024-04-03,0.00014571990345713104,0.0015590930735749353,0.01235286258517343,0.0022026659140890192,0.00031529532662255555
2024-04-04,0.0003716268113531651,0.005604206439155046,-0.0030991497689411007,0.0025812994868308348,0.00036772860461598
2024-04-05,0.0003408862533802459,0.001803051605224093,0.001295807966373408,0.003208326577960108,-3.111902052888027e-05
2024-04-08,0.0005314242673324365,0.009466837091123503,-0.0004440080333326657,0.006323293757739101,-0.0003734398674287709
2024-04-09,,0.0005392869519216248,-0.0014809589229629605,-0.0006819631491090661,
2024-04-10,,0.00026744872362405303,0.009980142059382358,0.0032570967475433754,
2024-04-12,0.0004546182843285784,-0.0026932363809213378,-0.007935372943324137,-0.008729964455203687,-0.0011127329693545462
2024-04-15,0.000530162655618005,-0.01604178650669741,-0.012067669560024363,-0.012969588550983846,0.0008191832878825522
2024-04-16,0.00020950167734801184,-0.005611215331823849,0.0032914004606710012,-0.0028904099954921714,-0.00034509742926713827
2024-04-18,0.00030001737902107806,-0.0049793811835452395,0.004082158424645765,-0.006128272844582172,0.00042787404943878116
2024-04-19,0.00010015113973649292,0.002762229830605145,-0.004067631354820467,0.007209636737618874,-0.0009039833589300494
2024-04-22,0.0005296339542795181,0.005577633908983914,0.007351141564844621,0.009717686929462843,0.0009417716592887704
2024-04-23,0.00031513388965986877,0.003907067460217739,0.008923150030359706,0.0017170887509523336,0.0006940002993727212
2024-04-24,3.243251765305821e-05,0.004468240782624866,0.010580206452625918,0.001887729756582246,1.6512357071007955e-05
2024-04-25,0.00010878054160090578,-0.0013759111779811928,0.010224673371184823,0.010050062235839485,-5.439274866958499e-05
2024-04-26,0.00018400227716175444,-0.0074761091813272396,0.017351350940053356,-0.005041049513330398,9.713519178866648e-05
2024-04-29,0.0003623080384220767,0.00789360178558729,-0.004505256329206064,0.010403126836029397,0.0005516743023699089
2024-04-30,0.00016649630351750488,0.0005536258860090459,0.00011032373095076764,0.0001077646689042755,0.00034266488442113996
2024-05-02,0.0004435411763434871,0.003683260370589192,0.009051083346512723,0.0026040322091847035,0.00056573709818597
2024-05-03,0.00023503708446193095,-0.004713365914203793,-0.0010238659107900672,-0.006555864789766774,0.00048782995198304313
2024-05-06,0.0006553967952254158,-0.0010828584136642894,-0.011525492071125076,-0.004590991559517366,0.0014879798371463249
2024-05-07,0.0002598482972866467,-0.008958351105775364,-0.021884095639251755,-0.006515222185491831,0.00011227961495841043
2024-05-08,0.00016236533642355333,-0.000875484849598207,0.00862980715594075,0.0016853529270328682,-5.80691429284963e-05
2024-05-09,8.126308860356701e-05,-0.010646356672385782,-0.01884187904756507,-0.017624908991627275,7.74300201995537e-05
2024-05-10,8.041415837256594e-05,0.008274854297996681,0.010702344701833066,0.007346444374191519,0.0003251809060740296
2024-05-13,0.0006080738157590027,-0.00027279238287836183,0.004974692544531978,0.0021255536613209447,0.000562109196242
2024-05-14,0.0002807321452447109,0.0017762681722452989,0.01858061204063044,0.00520109206873598,0.00032585951490449183
2024-05-15,0.00022227117532191976,0.0026670396595949164,0.004030855279893553,0.002399934267135695,0.0007607356032961476
2024-05-16,0.0001482974233080192,0.00486258172042664,0.0056855784731773,0.010111831252411996,0.0008383946095475991
2024-05-17,0.00017038963501603277,0.007962097576403426,0.015785433937564708,0.004504885270253833,-9.071782894864988e-05
2024-05-21,0.0009036494793217553,0.0007352431014002736,0.018860468000134523,0.004275988043839218,0.0011205633509188129
2024-05-22,0.00020738526838570692,-6.829632741667258e-05,-0.005244537161633311,0.0039918799374796254,0.0007182474376883352
2024-05-23,,0.010304136039018585,0.007329682086950617,0.012165049407994344,
2024-05-24,,-0.004739477274682713,0.0005350367733727435,-0.0004749486571705708,
2024-05-27,0.0005443486046610158,0.0008799546334499198,-0.011163203708613012,-0.0013892249818510116,0.00042649055077936815
2024-05-28,0.00012545156782373112,-0.0029141508037051622,-0.008688551863403449,-0.004047905167770649,-3.368127696312673e-05
2024-05-29,0.00022118182634356387,-0.00561226489230271,-0.00038734762172798476,-0.008514690301503314,-0.0001578261564134653
2024-05-30,0.0002654154347270232,-0.01205119163676327,-0.0018649292565794395,-0.007328475197517448,0.0003128146193189796
2024-05-31,0.00020429794790355338,0.0008765483938695251,0.005865473439099267,0.005110497082364551,0.00025787108177888207
2024-06-03,0.0006170923281159091,0.02337338151001367,0.0371668998815986,0.03330422893275542,0.0013813709240659833
2024-06-04,-1.5458769050957777e-05,-0.03811646783913414,-0.08781939827346374,-0.06624572230438908,-0.002467859705682085
2024-06-05,0.00017090585261092528,0.03517099631444531,0.04062832934996474,0.03259401048848143,0.000565285136756577
2024-06-06,0.00023383806439358779,0.006623518585994637,0.01752910421681686,0.011327779598102383,0.0009412887956796734
2024-06-07,0.00018951032869463091,0.017602735453841722,0.014910121000111909,0.019189651901156957,0.0003576995304712671
2024-06-10,0.0006145679825904082,0.0022518358340335443,-0.0004696001932845695,0.0016710902475824962,0.0005546205078863498
2024-06-11,0.0002920641863322082,0.001293325138932211,0.009670289431565893,0.0012053077012532665,0.0006033078176397311
2024-06-12,0.0002459503873528668,0.004010136985478585,0.012084109961129519,0.004782860728219429,0.0002131426442744111
2024-06-13,0.00020742138699691992,0.0077359273339423495,0.0036496174731499575,0.005172793784004703,0.0005644196748251229
2024-06-14,0.00018921696410112432,0.0065958687001537175,0.006178358373554849,0.0066283319002578,0.0003242623032599923
2024-06-18,0.0007949735015337911,0.005168382906681979,0.0020293336959937847,0.0015620879232345342,0.0007864168546396488
2024-06-19,0.000217518307574327,-0.0043143457129919405,-0.008277956118930785,-0.002325085551634687,0.00045039692426818156
2024-06-20,0.00025274761143001534,0.0005442085988889289,0.00730348663191549,0.0031030647038143844,0.0003122623310096717
2024-06-21,0.00021847408308039995,-0.00634924686759375,-0.002507053146890037,-0.003425821275670926,0.00037632143404309204
2024-06-24,0.0005569965035265856,0.006922384517414226,-0.009325770508654907,0.001982818424070887,0.12826010588553993
2024-06-25,0.00013786400488435824,0.003356932934936774,0.0008634592921561435,0.0068509225596122825,-0.11309247073914841
2024-06-26,0.00010789482253947824,0.0018699156777564063,-0.0016217549165464806,0.0027717325659504244,-0.00020853162171596829
2024-06-27,0.00016258503681387815,0.005481161010446822,0.0005333040597121919,0.005079086673076771,0.00018656948469519818
2024-06-28,0.00039232466780503295,-0.0037299775832424498,0.003958357735607487,-0.0019143494208068157,0.0003424585462539209
2024-06-30,,,,,0.00037867921280621
2024-07-01,,,,,0.00013382581232268542
2024-07-02,0.0004173084214242895,-0.0031629623312893207,0.002056930018205394,-0.0012246655158433262,0.00042818529718724463
2024-07-03,0.00029484849076655273,0.006525838939223094,0.009194580090892579,0.008541321414821113,0.0003725910555218981
2024-07-04,0.00022149682069994014,0.00011396638764216149,0.0029192858765776375,0.002800864741054898,0.00032088196700641447
2024-07-05,0.0002048331748409904,0.002585197066955258,0.00618145094999889,0.0016644460260186733,0.00032077903479876824
2024-07-08,0.0005556610660246708,-0.0054460271164760155,-0.0027819443302310454,0.00036145934563469595,0.0006671209579056647
2024-07-09,0.00019421344865921952,0.005545580097120251,0.0067374962009310035,0.004814963552253859,0.00026323695617946896
2024-07-10,0.00019517387989020918,-0.002042840906901877,-0.006505691227904564,-0.003561040612918287,0.0002364695102126113
2024-07-11,0.0002398401686487528,-0.0021512557678071698,0.00178036649987523,0.0011496682459568586,0.00020781518557044798
2024-07-12,0.00017254817796774624,0.004582603901693627,0.00012794419907824484,0.0029094916371426027,6.195036917633345e-05
2024-07-15,0.0006163482982479707,0.0037115557917599684,0.010156607382657556,0.003990613944556465,0.0008186472402345046
2024-07-16,0.00018522443984880788,0.00017841675275764857,-0.00019209678262777086,-0.003025557677378221,0.000670379783478614
2024-07-18,0.00041154184384351034,0.004490313027182502,-0.010299789044323604,0.0024027585555954634,0.0005681088256705991
2024-07-19,0.00020284489504041048,-0.015125490394521046,-0.02013521019415121,-0.013269467941927515,0.00029102612387443827
2024-07-22,0.0005845227086251903,0.005699306563363704,0.002293450915344275,0.0030318746175148625,0.00044877243624497076
2024-07-23,0.0002402209605121275,-0.003178113143526784,-0.004983091969582465,-0.0016214880254971087,2.185833895640421e-05
2024-07-24,0.00021402731166908495,0.0010888579659242836,0.0037255929880712912,0.0022497397573140177,0.000325016892325225
2024-07-25,0.00017511766495537096,0.003921807276980882,-0.003246282004667922,-0.00030383922564414245,0.0007723768400951236
2024-07-26,0.00018577315191214971,0.01574718295155275,0.01403164925841005,0.016321332171363556,0.0006901409520336799
2024-07-29,0.0005885131690412937,0.005548172096587756,0.0029884097134738052,0.001757685551275534,0.0009334667760769744
2024-07-30,0.00018071389499851875,-0.00019877157283898494,-0.0007068236502107972,0.001993219196233964,-2.3694009869901222e-05
2024-07-31,0.00016958193717675485,0.010583157214345551,0.0060392049031454675,0.003625854021374053,1.421674277368723e-05
2024-08-01,0.000214513395520477,-0.003602659478751824,-0.002996800727316673,0.0015398130010704225,0.00032792820457405725
2024-08-02,0.00018574539258042755,-0.005447857491084784,-0.00934855872328344,-0.007977578497940896,0.0004301462402471756
2024-08-05,0.000588075311021008,-0.027433657460330996,-0.03328124055575654,-0.02743619866828173,0.0012813604202634998
2024-08-06,0.00015991718870966842,-0.005930171026906295,-0.008192155192187967,-0.005593550645510259,-8.51255412570584e-06
2024-08-07,0.00020213477187014384,0.019136465067484787,0.022190626033664396,0.014685144203387512,0.0002799708300662562
2024-08-08,0.00017084986320159423,-0.006525780844913953,0.0017320153867759203,-0.00681533154449443,8.321127437116438e-05
2024-08-09,0.0001777667000779637,0.010379691598495722,-0.006291528762863985,0.00821554143952885,0.00021179289302475368
2024-08-12,0.0005413994278635759,-0.003923150392505348,-0.00013771945539231556,-0.002568995206403857,0.00037906681501631567
2024-08-13,7.633295808306961e-05,-0.00981403380092305,-0.0046816133387531655,-0.011199349668353675,0.00025513530675769225
2024-08-14,0.0001951785930029981,-0.0010706059822760405,-0.006474903513999264,0.000160439583486216,0.0003882735713232055
2024-08-16,0.00040922597876358324,0.016922117321273022,0.012061827340041242,0.015740477655818985,0.00016337045525594007
2024-08-19,0.0006040825631863367,-0.0012941364131818789,0.009844327296841815,0.0018734594279909977,0.0006628169152387287
2024-08-20,0.0002700592138662472,0.011768799513998562,0.005264203710242388,0.005680957664811137,0.0004095042733751608
2024-08-21,0.00027715489073409927,-0.00010524060633609889,0.0048005261253185605,0.0022548341657062654,0.0002508837521646434
2024-08-22,0.00022704017925678777,0.003171646700171671,0.0025785682656933595,0.0014432816872902432,0.00032059804736928044
2024-08-23,0.00019768737292258365,-0.0011222577052171223,-0.004170825882607754,-0.0003603004068434279,0.00025356833808110046
2024-08-26,0.000534225694279078,0.006105263750207479,0.009866444091798376,0.007027879740857834,0.0005428190970542257
2024-08-27,0.0001159657350091603,0.004026834376861466,-0.004429161164818951,0.0025135155961666378,0.0002354707484109042
2024-08-28,0.00019036095747848591,0.0008671247387717074,-0.003609945235200307,-0.0009689030662041187,0.00038796443910427136
2024-08-29,0.0001397642869351845,0.0006251988531218444,-0.0036003574034723096,0.0013545402914996174,0.00026638678796819804
2024-08-30,0.0001674191590774754,0.008771417526705072,-0.002452451644434195,0.004922522588100442,1.8820907770056294e-05
2024-08-31,,-1.9298047313265343e-05,,,
2024-09-02,,0.0013334289064597105,,,
2024-09-03,0.0002163092610467654,-0.0012407961285691993,0.0011422589044105536,0.0015855679156613345,0.0002586886461082294
2024-09-04,0.00017733267483621695,0.0005540899279683487,-0.0021296858051585987,-0.004753186430645928,0.00039968814919943974
2024-09-05,0.0002070098852660074,-0.0002020435789632513,-0.0020155807709910656,0.0015140106464583969,0.0002867204259631162
2024-09-06,0.00015055970299981958,-0.0067863618743879695,-0.00489553195480108,-0.012891907859444163,8.17623834767911e-05
2024-09-09,0.0006057301922672842,0.001557433600982705,-0.0027905899866016437,0.003991802275786105,0.0004895944729390589
2024-09-10,0.00016768773661279823,0.004898656447666072,0.006592479260368211,0.007762967476578453,0.0002207262928219933
2024-09-11,0.0001943397994688123,-0.0004539377259925592,-0.006753345068209904,-0.0046305673881079645,0.0005728226634937883
2024-09-12,0.0001611089260298293,0.015997999560565246,0.010511131885602598,0.014831066168281781,0.0002956325222054357
2024-09-13,0.0002595509662404183,0.0002524514483384088,0.009735940780024599,-0.0014794891721944259,0.0006999259729769669
2024-09-16,0.0005711632633396135,0.001571317174487552,-0.0026694765652126584,0.0002497776978489519,0.0009844614480207792
2024-09-17,0.00024058483382383145,0.002347407239479793,-0.002161703939084769,-0.0004864454521845696,1.4986563609209469e-05
2024-09-18,,0.0023788541492082427,-0.007289703596033759,-0.0009723650456251454,
2024-09-19,,-0.0005663338780925731,-0.00847702295194308,-0.0008382682458386581,
2024-09-20,0.00022471328868323148,0.014499167107398181,0.007242925841182135,0.010768469888130294,0.0004500336355701684
2024-09-23,0.000593093036588499,0.006704447525861967,0.00565929554727429,0.006770021335224419,0.0008856343929148913
2024-09-24,0.00020411288464261546,0.0004156868961751048,0.0037803041887709554,0.001006460829193756,0.0002139712979460917
2024-09-25,0.00017209576201393517,-0.0040266140348715895,0.0026912513274983674,0.0029062681826046433,0.0006165539120346342
2024-09-26,0.00021885590848147451,0.004844577537989503,0.0050218239337571635,0.006120070990863535,0.0007842214641415879
2024-09-27,0.00026147385595454153,-0.0006737922098712934,0.006070574195280898,0.00039253578114628596,-0.00018377448538475782
2024-09-30,0.0009840602511210772,-0.011218370488775942,-0.008159641452567756,-0.012254384111557215,0.00044879073755632604
2024-10-01,0.00023438829517985482,-4.718081289867282e-05,0.0004603203159312397,-0.00014983119347455887,0.000920494287712792
2024-10-03,0.0004615238710150571,-0.018961349969063956,-0.01599605122056169,-0.019159577373282444,-0.0001500134639413897
2024-10-04,0.0002716308253678523,-0.008914813799812293,-0.008486871650770889,-0.00783102436553218,-0.0007632264629904295
2024-10-07,0.0005946031738939261,-0.012464268121395894,-0.022369204549355204,-0.013282369126469629,0.0002145008146368088
2024-10-08,0.00018546824196707945,0.012743973616405002,0.01751760079623388,0.012725015836966946,0.0005958114177608831
2024-10-09,0.0002762634073862902,0.011763316469741714,0.003386044306622038,0.0035909045287774166,0.0015338366603734332
2024-10-10,0.00020024154896569613,-0.0026114267565373606,-0.007574947687444933,0.0027901159989212054,0.00024935521208235834
2024-10-11,0.0002619107443591062,0.000180538658407281,0.005630129706165832,-0.0013045427300705237,0.00020929453787754682
2024-10-14,0.0005386814539638518,0.0039493639655461266,-0.00016479715530137717,0.005496323343991749,0.00085653304069222
2024-10-15,0.0001476611681685558,-0.0010119171312148456,-0.0036864457096792425,-0.0004855347754251227,0.00032336417682454766
2024-10-16,0.00019238241390606703,-0.0044370483589433185,-0.001620127023372664,-0.000833036417742683,9.289070292961554e-07
2024-10-17,0.00018384785941893966,-0.014064521286646703,-0.010308210678857455,-0.009564802491147772,-2.9724997329338976e-05
2024-10-18,0.00019578815620047152,0.002358790456481241,0.001836006038081761,0.0032910650373274564,-0.0003204821537887703
2024-10-21,0.0005125754958086315,-0.0063739702278413635,-0.011938945887514985,-0.005055355178883336,0.00018491708466616963
2024-10-22,0.00018364772756251924,-0.015385853636874947,-0.019759904266160366,-0.016239825978641487,-0.0004533811737184035
2024-10-23,0.0001852067162511073,0.0031786240119064946,-0.0008972633467922986,-0.00034598037929778336,0.0004340677164227369
2024-10-24,0.00021488541974656883,-0.0022207028323092404,-0.0017144956525289023,-0.002094164028729306,0.00037534747513801037
2024-10-25,0.0001872493707877343,-0.0064544653241453975,-0.018040199424374403,-0.009520644455280669,0.00015695525382164455
2024-10-28,0.0005538649590406397,-0.004222279539659146,0.0025954598272308615,0.0036238966034460862,-4.457201119134613e-05
2024-10-29,0.00020099483585367395,0.005359765608692557,0.005241381513786392,0.009070249913557094,0.000361235108337965
2024-10-30,0.00019117603573248765,-0.003371042069132746,0.013293768404525341,-0.003665052777379163,0.0005857507542352813
2024-10-31,0.00025193114229060676,-0.0036182307315720807,-0.005949017939584578,-0.0015963452912475251,0.000124317990575884
2024-11-04,0.0008080145270619177,-0.0038670620212502005,-0.007262954121984744,-0.007701893256719106,0.000671604755035915
2024-11-05,0.0002451655841604339,0.0017382991572778561,0.0024609462843048213,0.007868326561170091,0.0001251461196822845
2024-11-06,0.00020041944604631823,0.01646709010612657,0.018265538747388232,0.012162163564137574,4.63446148479818e-06
2024-11-07,0.0002240350487821008,-0.0074105445424417216,-0.012366115807345257,-0.007689516550603126,0.0003318259044804428
2024-11-08,0.0001936054773536977,-0.005189955387906231,-0.014219916474444427,-0.0038280694795642667,0.0005994976080323511
2024-11-11,0.0005824535476477433,-0.0021464033036771024,-0.008511820640495382,0.0013811610462812762,0.0005306125472734902
2024-11-12,0.0001853255845691848,-0.010901545653550726,-0.012506179300934672,-0.012362566244675022,7.126614016095267e-05
2024-11-13,0.00021665072079390946,-0.0169276917308413,-0.018500325433905118,-0.01509122991322076,-1.9434834998222072e-05
2024-11-14,0.00020638714332443797,0.000987752842723344,9.23564626642559e-05,0.0005556708767784357,-0.00022952060734116042
2024-11-18,0.0007483097770442093,-0.0006477563498197281,-0.0038029045505068027,-0.0021629339299753525,0.0008136892336603196
2024-11-19,0.00019207701226098273,0.0064094166414108145,0.0022039326710678875,0.003309542442962554,0.0002913580429617646
2024-11-21,0.0003336494706163151,-0.0032464693916803844,-0.013824076450530187,-0.006180672009929999,8.137155453891154e-05
2024-11-22,0.0001878198900273631,0.013711353066610421,0.01664956278420493,0.02043987159718652,-0.00022745197388562843
2024-11-25,0.0005806950214788387,0.015329475567536832,0.01628879320555021,0.015195478975623011,0.000830481059390431
2024-11-26,0.00019215223865187703,-0.002849167406812736,0.002562652498678153,-0.000932082849056215,0.0001302902700890396
2024-11-27,0.0001869565379164495,0.002702525617493068,0.005830050004486553,0.004372375102671189,-0.00014228430992113683
2024-11-28,0.00017574331749470318,-0.009845302977929626,0.0018868046944251482,-0.010598409467075798,0.00027167233728775386
2024-11-29,0.00020561176183364616,0.006427306872340388,0.008428288515890392,0.00558626110390259,0.0009247284014484158
2024-11-30,,-1.5205381944882745e-05,,,
2024-12-02,,0.010593560612900177,,,
2024-12-03,0.00017334148065217825,0.008162574408260292,0.006386380827452687,0.011137710370107134,0.0002782204943481137
2024-12-04,0.00021481284159685643,0.0041872265803539754,0.0014227429564510619,0.0045966383645172915,0.0008104832322071154
2024-12-05,0.00027072413924478234,0.006713984091907488,0.001531956736275042,0.007714873050755466,0.0004371224642296667
2024-12-06,0.0002527091461081987,0.000525010910815471,0.001578624304411358,0.0023759061788648506,-0.0005841083884403631
2024-12-09,0.0005812187196734264,-0.000712865516490857,0.001349226237103096,-0.0014400271347272398,0.000581688590436169
2024-12-10,0.0001640478644735488,0.001978620927054031,-0.0020284031615818154,0.0003879108488413774,0.00035690500807628034
2024-12-11,0.0001750799595443553,0.002053923315898043,0.005047551313678289,0.0008327808249453117,0.00018574507683588592
2024-12-12,9.456748761182965e-05,-0.0023236212460602257,-0.008828340272814428,-0.004078133955107366,-0.00010480696212422647
2024-12-13,4.544257556471365e-05,0.002688337975123245,-0.00015261849736192268,0.0056650400211242236,4.965060684058997e-05
2024-12-16,0.0006350024669752319,-0.0008269421425336487,0.003944501822780833,0.0002034380020183857,0.00047993203721041766
2024-12-17,0.0001978523608814342,-0.01014394264731977,-0.011541769706428617,-0.00930815089424375,-0.060089544338415846
2024-12-18,0.00015144375544706712,-0.0032989104584100204,-0.00457696622569681,-0.007011812775597814,0.00025714028713674786
2024-12-19,0.00010598920642856946,-0.006973850391242098,-0.00858514829549284,-0.007691782768247335,-0.000715506851564629
2024-12-20,0.00019008378363372103,-0.020339164413173627,-0.019667044785642185,-0.0162787713941136,-1.9563365250885312e-05
2024-12-23,0.0004250303145700851,0.005443061988245734,0.008096906846959406,0.0034212736653747022,0.0006573419322526419
2024-12-24,8.879432916919505e-05,-0.0016657216777284933,0.0008938413837089598,-0.0002360418178755097,-0.0002062619565951218
2024-12-26,0.00035430513651224516,0.0019777654114410126,-0.0013477502638815642,0.0004513935475685127,0.00029039070749736773
2024-12-27,0.00020931804477819504,0.0007973562448615468,0.00025491406281363815,-8.524785814756353e-05,0.00031278804602274946
2024-12-30,0.0005797720528561978,-0.0018399780687559097,-0.00243294846475961,-0.005242150550155422,0.0005452536064423086
2024-12-31,0.0005786142928219107,-0.00019549447227462657,0.012403880196589112,0.00016200222204343362,0.00031837958464153715
2025-01-01,0.0002646691534697876,0.00351005038066865,0.00691948873027215,0.00436917147717919,0.00010934712929611123
2025-01-02,0.0002652417430633047,0.0180667580396503,0.012471907486689915,0.015157426858236178,3.709586254241337e-05
2025-01-03,0.0001476029827045533,-0.00467087291080448,0.001840478834891357,-0.004109949870910623,0.0003153031351672553
2025-01-06,0.0005614009518710716,-0.018333125410959328,-0.026419252307196106,-0.018941596486876766,0.0006772489250870262
2025-01-07,0.00014582207278257542,0.0011322831606084272,0.004175360233957148,0.004374434837705277,0.0005012541104787438
2025-01-08,5.971467760024218e-05,-0.00891535424240486,-0.0019030748228563432,-0.003444616663672573,-9.747139701854479e-05
2025-01-09,4.311181509253359e-05,-0.007033884757540854,-0.007949618089421295,-0.008728297164561027,-0.00016864195460886133
2025-01-10,0.00024839036996326946,-0.00978180541519813,-0.013677096280077627,-0.009028240344255312,0.00011602183550429856
2025-01-13,0.0005026641771768148,-0.02688509047885823,-0.03386354985054518,-0.019259104357224333,-0.0009729105819136219
2025-01-14,0.00015342608354584897,0.011421531821869113,0.02154382483843853,0.007322512565000716,0.00027029928082833443
2025-01-15,0.00029627781863994507,0.0014349543740235227,-0.001759845015613104,0.0037928572894245782,0.0004682620745766197
2025-01-16,0.00029882555555582613,0.008498020573318277,0.009575655362548563,0.006779183248822207,0.0012666411193247296
2025-01-17,0.00022341579067197692,-0.0029914159368766846,0.011561900061483943,-0.0017162446941750842,0.0001217319831796626
2025-01-20,0.0005807157105777172,0.0054789755185458144,0.006357212055506878,0.0023347228199084302,0.000731276735175479
2025-01-21,0.00019696374508093584,-0.019588917763895153,-0.013194937482743696,-0.018509321944295776,0.0005915996738417029
2025-01-22,0.00012496989794019697,-0.0015960187752761534,-0.008793920158149837,0.0002404766879069431,0.00047650073420024697
2025-01-23,0.00015447244220156975,0.011333581017983763,0.008723660577018455,0.003740090880509639,7.775898602346842e-06
2025-01-24,0.00017825503680279908,-0.008239862506788764,-0.01374270223451124,-0.00875613845515233,0.00016718051997033356
2025-01-27,0.0006189641111205013,-0.016267251856583065,-0.028376747685585846,-0.016284928295582257,0.0011574344023321803
2025-01-28,0.0002501860851162885,0.0024027379611226696,-0.0049843343284620145,0.0028154016810160165,0.0003494497622285042
2025-01-29,0.00032764882979230414,0.01833318104752335,0.014159249521779937,0.013811380062888734,7.762837550018276e-05
2025-01-30,0.0002480352835783073,0.0027605857346806317,0.007772932195485138,0.0029419867758184726,0.0003531816916044761
2025-01-31,0.00021533070098911367,0.007901039652342456,0.020189632473311292,0.012419076521263284,0.00019301742491473206
2025-02-03,0.0005615210549632099,0.004591798485643617,-0.03836003047591596,-0.004882791470888548,0.0008582284225857606
2025-02-04,0.0002681606901009381,0.012185554275794042,0.01857156048497388,0.01622311160449108,1.6471607309220815e-05
2025-02-05,0.00030917364265281577,0.0003502035740166054,0.003928135559590373,-0.0003705158794802266,0.0007664015750474817
2025-02-06,0.0005055578659991511,-0.004467653875619426,-0.005358009967201927,-0.004246535510814553,0.000648667279189219
2025-02-07,7.1047077476738e-06,0.0012030201162498422,-0.003071361184281196,-0.0018248019030993046,-0.0005553636616074664
2025-02-10,0.00032546771588815027,-0.013251373297607283,-0.018261568445013254,-0.012234378851037842,0.00013165753937860458
2025-02-11,0.0002212885461656544,-0.018880928576076705,-0.021325899598194975,-0.017715858459729228,0.00036007468645937735
2025-02-12,0.0002142627676793296,-0.00047233854815198484,0.0003451516476520311,-0.002247518617958355,-0.00015868546508879255
2025-02-13,0.0002982217485925087,0.001472985051966802,0.004507323003213548,0.00030550980287968876,8.322631654844592e-05
2025-02-14,0.00016082713606691001,-0.011712333993277424,-0.020433760241684862,-0.008789576887496042,0.00016837411567305338
2025-02-17,0.0005387116991872887,-0.0010087588304492634,0.0062612729029278835,-5.358691854007169e-05,0.00042279943536449593
2025-02-18,0.00016656883533161526,-0.00019626087442858875,-0.007915450565898818,-0.0003784778936533062,0.0002475764585734286
2025-02-19,,0.0035883123540467743,0.008990034933695101,0.005640227217391214,
2025-02-20,,0.0026015485649424352,0.007763669166775289,0.003426239776811224,
2025-02-21,0.00021906261176418695,-0.007794502505339751,-0.005789192493111384,-0.005527460765985981,0.0001285678794904488
2025-02-24,0.0007559565865740137,-0.009382869996821475,-0.012072913647500627,-0.010195938764266943,0.0006031281473333205
2025-02-25,0.000106819879820641,0.0007600018922917506,-0.008263894298687346,-0.0019441514661534542,7.824348212470689e-05
2025-02-27,0.0003699185746535161,-0.0042441463151459136,-0.011219361391230143,-0.0036998439621226398,-0.0005418661638869615
2025-02-28,0.0001412760578118899,-0.02009752573595802,-0.024710491436344406,-0.017074116751722546,-0.00020101473785938406
2025-03-03,0.000446869784022752,0.0051195312063914145,-0.005999036838773342,0.0006994760832099711,0.00036054601939805586
2025-03-04,0.00011983059661635487,0.0009493253084258413,-0.0025225914259685567,0.002084315325983077,4.444809477099909e-05
2025-03-05,5.7641611796999115e-05,0.011766331542562014,0.029802846917984738,0.012495941572409963,0.00018841289671800432
2025-03-06,0.000152314647351659,0.0066093607088610895,0.014042835289545641,0.010430181239271086,0.0005931473130618148
2025-03-07,0.0001400707499243925,-0.0019282636581915424,0.0017183363743515923,-0.0006111646892592582,0.00015640537957262168
2025-03-10,0.0006632107907962315,-0.00777841857016337,-0.011053349738604168,-0.005965024489589799,0.00037261132970112243
2025-03-11,0.000155376103028404,0.0035797801066357327,0.0023889114384461063,-0.000944824293159785,0.0003039607533594779
2025-03-12,0.00019701758052881324,-0.001237956554654085,0.003470584583395553,-0.001473376404735549,0.00029325711220851147
2025-03-13,0.0003253505233111742,-0.004357375178493994,-0.006048708237665679,-0.0034874589527665867,0.0003635707858817838
2025-03-17,0.0008286335640774745,0.008084150883349128,0.0035349049802677612,0.006915299504006045,0.0008377405491490908
2025-03-18,0.00026211270617637616,0.019058397745139732,0.01747479432297161,0.017815699196838786,0.0004835371028035773
2025-03-19,0.00036036769395098034,0.00904473468677014,0.019825046094972265,0.007940887092485305,0.0011148712073438816
2025-03-20,0.0004115974441607495,0.009823505981292113,0.010019814806058402,0.007756309421343532,0.0009693771078902458
2025-03-21,0.0007366125489349784,0.009678265483138215,0.011180450662921393,0.009449511162596513,0.0008992641598077888
2025-03-24,0.0011065555221687617,0.008782521159233836,0.011397510848272674,0.013715786175075184,0.0008869375409752411
2025-03-25,0.00017146809796031448,-0.004013079087117233,-0.01295198282972665,-0.0031605663649648674,0.0004229359813026079
2025-03-26,0.0005390829811551257,-0.0059047984690029365,-0.007810948190395739,-0.009183474878042053,0.001076544933048984
2025-03-27,0.00016072264885935716,0.0048699267491292275,0.00728375926289293,0.007893629191534357,0.0015436546886595792
2025-03-28,0.001510283693866743,-0.004718868020722633,-0.003110357951637721,-0.0055135327299750125,0.002001172210764679
2025-03-31,0.0005345507712710695,-3.743344481277333e-05,1.5808901992819813e-05,-3.5532202404486846e-05,0.000512414359052471
2025-04-01,,-0.014050873955887888,-0.004671017559021218,-0.012999864326770139,
2025-04-02,,0.009465106101511411,0.0123802334512928,0.0082214287350717,
2025-04-03,0.0007369474212810534,-0.002511117907725069,0.005260043108820556,-0.0020797152023718235,0.0013080736739010668
2025-04-04,0.0002752967065398071,-0.01433164313285773,-0.032646675290714744,-0.01942004439177092,0.0006270930773100147
2025-04-07,0.0005358748470460917,-0.0292985089502249,-0.03094799233313661,-0.029337644429651588,0.00015548988320257529
2025-04-08,0.0002605840496721079,0.017607941723084997,0.024122684304161535,0.016640426884422688,-9.195227961089625e-05
2025-04-09,0.0007005609961510118,-0.004034847054938728,-0.004848895361307615,-0.00672225403374449,0.0010921522414717444
2025-04-11,0.0006728091039516215,0.017626117557250298,0.015378527961186661,0.016113310996040076,0.001151569676594466
2025-04-15,0.0007835225946870583,0.024601093247847095,0.024250137866127286,0.02506403402713242,0.0010310585092596636
2025-04-16,0.00020537232931827631,0.004168085634678631,0.00821530387767222,0.006189968676483915,0.0008334467274460078
2025-04-17,0.00029713484516991073,0.01299380363181446,0.008624394195703378,0.01299485566474301,0.0011849258547989017
2025-04-21,0.001051554637082175,0.011850744108637512,0.01334920839232856,0.0136166323966187,0.0014768109559379905
2025-04-22,0.0002397530409949944,0.0032552791015658666,0.004377145862098475,0.0024479252392100026,0.0008550235931896744
2025-04-23,0.0002207005021088726,0.006291746976730073,0.008262964710088028,0.0057560938879150925,0.0006491875276963821
2025-04-24,0.0003134363130863349,-0.002989255680057923,0.0003696035374904927,-0.0011552363087339312,-0.00011847037817425132
2025-04-25,-5.188751238560663e-06,-0.014093046123299313,-0.021532318330076072,-0.012235099630750534,-0.00047299730777083937
2025-04-28,0.0005319972686548269,0.008591880855152612,0.01592658547180692,0.012054668628352028,0.0004647539626390085
2025-04-29,0.0002000519920106747,-0.001086032855351915,-0.00115371532915165,0.0006737604162110333,0.0007607516113077306
2025-04-30,9.027764555202822e-05,-0.0020037156001799783,-0.004830238683245391,-0.0028951150397167336,3.8525470503980586e-05
2025-05-02,0.00044406488639370245,-0.0016503400541449942,-0.006966039868301244,0.001296252036482981,0.00028282243636978954
2025-05-05,0.0005866646034873302,0.007143513502130716,0.014287935290271614,0.006423880198751508,0.0008247438174742161
2025-05-06,0.0003249715305642109,-0.008957533214152935,-0.020314043957419203,-0.010257345021293496,-0.0003435165014628039
2025-05-07,0.00017632908982201378,0.005404876664090175,0.009102030703600716,0.004771631395660281,0.0004694461005458894
2025-05-08,-0.00020451814923283518,-0.012732759886989409,-0.017723820365996734,-0.009082407145118432,-0.0019885790434361894
2025-05-09,-0.0002629685887779454,-0.008439213988903016,-0.0003489886680309029,-0.008413147000431942,-0.0006365976909463722
2025-05-12,,0.03465508606527834,0.03592896488086783,0.0377505877165647,
2025-05-13,,-0.00648942772306893,-0.0002856376861343213,-0.008741710490971721,
2025-05-14,0.0006397004482194824,0.005324221082664282,0.014354888431626689,0.006113091680920002,0.0011625061758140376
2025-05-15,0.00018761195381533646,0.011071018765669072,0.008197014977002537,0.013292738252875358,0.0010806245148193838
2025-05-16,0.00045807728511793044,0.0022651207769113224,0.004703810266037278,0.0028015479259750897,0.0015275172933104653
2025-05-19,0.0006497644847804906,-0.0009192596052394197,-0.004613488232921847,-0.0009070523318803758,0.001006829253713537
2025-05-20,0.0004225863740008329,-0.014421814321236015,-0.013882966644284678,-0.012318866163972375,0.0010272764763950004
2025-05-21,0.00029608076677356543,0.007344770500725684,0.009551421571774465,0.007072728071223722,0.001874416866209927
2025-05-22,6.945157653182044e-05,-0.00396312836690027,-0.0050630449819608625,-0.007035225822939917,0.0002930565143208774
2025-05-23,0.0003055657147192914,0.007810881365764688,0.002743363744136973,0.009712991815961747,0.00031715236241303124
2025-05-26,0.0004967763867889108,0.004365759438431871,0.006102119519133753,0.008016297613520518,0.0006359631587657955
2025-05-27,0.00022553389918278377,-0.00420350236039968,0.0007577810503238691,-0.004119269148329829,0.00010313895511893101
2025-05-28,0.0003642511230976808,-0.002452583387835161,-0.002684532510289106,-0.001323013892149616,0.00045803838789049145
2025-05-29,0.00030198764106059706,0.0037502048844451075,0.005756997221014082,0.0032518832268206843,5.664817397854627e-05
2025-05-30,0.00016954224764420545,-0.00176918648214619,-0.009395526629955908,-0.0027455369938481633,-0.00029065367361169603
2025-05-31,,-1.5891073236296016e-05,,,
2025-06-02,,0.000879631620372967,,,
2025-06-03,0.0004338168169120138,-0.0050658116552894095,-0.0002880837451216811,-0.005615793121232726,0.00022467674864889986
2025-06-04,0.0003198925639946726,0.005042791446028927,0.006757098885247448,0.004447096268997752,0.00011509776348339606
2025-06-05,0.00034297394180571317,0.004556089496616567,0.0073713087742985905,0.005109167354982125,0.00031833862505559196
2025-06-06,0.0015068349226787792,0.007878884236931949,0.002008856993249708,0.009684763555106946,0.0021153967482270275
2025-06-09,0.0006809901368958204,0.005178933346371428,0.010254648599839822,0.0071670696404242396,-0.001140643574806699
2025-06-10,-0.00033835055587938534,-0.0011930753904340063,-0.0016977744879108636,-0.0012087054419372967,-0.002260719648517817
2025-06-11,-0.0002988233211789204,-0.000464017509539949,-0.0011897402775284949,0.0008841636898175853,-0.0009122824619736125
2025-06-12,0.00010349418975130753,-0.011146186487420606,-0.014445498514672472,-0.012533176199796547,-0.000570929638965989
2025-06-13,7.658704377577763e-05,-0.005160403870628327,-0.005631369515117113,-0.006921864395428856,-0.001162980020003257
2025-06-16,0.00048524869205723853,0.009066103500476652,0.007884904603528753,0.0073374882237842165,0.0007563514426098816
2025-06-17,0.00013965598276377555,-0.0041376423587894395,-0.009704211876310431,-0.0028166959427189386,0.0011699694802711491
2025-06-18,0.0002562203370031213,-0.002416833585338729,-0.0050811675296991154,-0.0005521047616279251,6.693664446588699e-05
2025-06-19,0.00020563711486532021,-0.0058660949406912355,-0.014184555421668854,-0.0043360656395120545,-0.0011629463538703755
2025-06-20,0.00018983919524639958,0.0140949401865198,0.012052581498388282,0.011027838444986227,-7.538635506976199e-05
2025-06-23,0.0005636158049382445,-0.0018224452018188453,0.0034340036357114467,-0.00492592684809412,0.00017963782036956033
2025-06-24,0.00021573601039004409,0.005350412165147533,0.0013212673269287212,0.00620140142063752,0.001075772141037934
2025-06-25,-6.739760958573981e-05,0.007714782474093074,0.005317668882361959,0.007076318603436604,-0.0005791399910572981
2025-06-26,0.00019746175655832587,0.007920877175658259,0.010024705026088876,0.008908191012001687,-9.208360074786093e-05
2025-06-27,0.00022508045688707234,0.004576565625411089,0.003344398781596203,0.004591476105723524,-0.00012371966426394376
2025-06-30,0.0005535942138148453,-0.00050117392089577,0.002756264412022036,-0.002579549928470426,0.0008270706070829803
2025-07-01,0.0006311140834576179,-0.000871847458316255,0.0018597628267749133,-0.0007454804636244372,0.0007966409083008941
2025-07-02,0.0006185740492359315,-0.003267081419322193,0.0032925447121532336,-0.004250355418494167,0.0009780573347797361
2025-07-03,0.00023694697581633228,-0.0031979547605071046,-0.001956599146466731,-0.003102933941874997,0.00081193158989179
2025-07-04,0.00014969710727141816,0.0023554210178549084,0.006499923778740202,0.0026122133780390744,-7.973653565152006e-05
2025-07-07,0.000501780122687201,-0.0014046652683572525,-0.002184352824532776,-0.00033697389582110215,0.0007204677755257016
2025-07-08,0.00010851565828029486,0.0016966983486741416,-0.00269736955404698,0.0027753208719067946,-4.169589239877425e-05
2025-07-09,4.8352950311914e-05,0.0011682486890107757,-0.003066893373952162,2.5481102822189072e-05,-0.0002538922422020695
2025-07-10,0.00021515339607391937,-0.005089143885048664,-0.001307550236555266,-0.002352041866345189,3.7073973699897067e-06
2025-07-11,7.732385582981394e-05,-0.009647113930902784,-0.010080431290155678,-0.005210267291427262,0.0001825886435424806
2025-07-14,0.0006248923011464846,0.001410644893842683,0.0038039870967583322,-0.0020727056560474466,0.00045592493918689136
2025-07-15,0.00017557084147856727,0.006087643691363498,0.005233391906082296,0.003543485123002732,2.778763209532187e-06
2025-07-16,0.0001287941556786798,-0.00013060613118154318,0.0008701810945788147,0.0020331937114956844,3.519756951519959e-05
2025-07-17,0.00017222635802327524,-0.0014934889363070747,-0.0009892477803450372,-0.0018814638418469531,0.0005686986064104005
2025-07-18,0.00018921178119368776,-0.004864072189893709,-0.0063044206059368335,-0.004960968848033764,0.0008229408889612877
2025-07-21,0.0004469448887804983,0.008547527118955678,0.0017365767857113745,0.004408066692691781,0.0005253611626760968
2025-07-22,0.00012345979602268464,0.00030899700847153433,-0.008990770676318038,-0.0004567268566242344,0.0002311114891069277
2025-07-23,0.0002284729416126563,0.004777495200180004,0.006723297989928989,0.004561460298912801,0.00027542124200197193
2025-07-24,0.0001454221456025362,-0.003866942358617176,-0.0048244841758626755,-0.0045319060727344596,0.00027349745028315553
2025-07-25,0.0001308915547288958,-0.009819594761911632,-0.010204886364704291,-0.010542978699886851,-0.0005459216145239365
2025-07-28,0.0003914824213819834,-0.008188446438586738,-0.007643609236733018,-0.005602444848284205,0.00019501248634457014
2025-07-29,9.502810018191532e-05,0.005973724511552536,0.011167041771883213,0.005135504086838161,-0.00033727810104111633
2025-07-30,0.0001440858772252529,0.003161722424546154,0.0016242816112643776,0.004774967792667617,-6.562965647027852e-05
2025-07-31,0.00017045833945084077,-0.003944519515450606,-0.01354659012446191,-0.0009385372326161656,0.00037901303157727995
2025-08-01,0.00021817058646367293,-0.009875450173152278,-0.019254399497664276,-0.006787674426233736,0.0007253963574938016
2025-08-04,0.000572515461166434,0.007034296854406374,0.010400196999159395,0.0036692546288559225,0.0012955329506756375
2025-08-05,0.00021918823036215507,-0.00020903686725892712,-0.007281594193885632,-0.0016623802452984116,5.256581101198421e-05
2025-08-06,-2.442445231343182e-05,-0.005401864887693231,-0.004704324685598782,-0.003222416672659989,-0.002083156586242141
2025-08-07,0.00013244257542677218,0.002722577956699279,0.0022956604872090836,0.001207552766548492,0.00042323035652080954
2025-08-08,0.000129960761775072,-0.011805074345252575,-0.01353280795793943,-0.009215376777490736,0.00010622467349774567
2025-08-11,0.000404462415718454,0.008071079570255879,0.007661414677725631,0.009370794961833795,-0.0006539050507698985
2025-08-12,2.755116388719614e-05,-0.0043468422537651374,-0.0019417691228402756,-0.0016253653068576401,-0.0014121761375504027
2025-08-13,0.00012465623990864927,0.007848748848454212,0.005289629452218891,0.008398694382959482,-0.0005451230460254974
2025-08-14,0.0001934232133364855,0.0007869288154216392,0.0015388031965584137,-0.0001719828931696643,0.0015205097504309428
2025-08-18,0.0006326767237927466,0.011122392682124005,0.0020478772547996016,0.011062490243511913,-0.0002514925435235238
2025-08-19,0.00021798782743487344,0.004835618322710733,0.009597425312615648,0.0054618745617665,-0.0010987069846504216
2025-08-20,0.00015985004565965966,0.004006487040976614,-0.001986474672972749,0.004046278392169311,0.0007554974941739179
2025-08-21,0.00016934068781604417,0.0009435394364032401,-0.007131212200893966,0.0007033211956850582,7.956340046577637e-05
2025-08-22,0.00017345026462467494,-0.004211956398350369,-0.0057001811498247346,-0.0065804843859511575,0.00010268412605163313
2025-08-25,0.0004665574426425678,0.002536221640783154,0.0007641255620669529,0.00280935209501032,-5.4574246875382926e-05
2025-08-26,0.00012235616447253683,-0.01106346436894956,-0.014062291069240063,-0.009758771608394445,-0.0016382417993094922
2025-08-28,0.00028796531238173273,-0.011384082153777064,-0.012561526992403538,-0.007772843891849179,0.0012916185629863186
2025-08-29,9.787527633431381e-05,-0.0032537617840699973,-0.0018896306953009034,-0.002015866370038366,-0.00033590583532283613
2025-08-31,,-3.9206205035391406e-05,,,
2025-09-01,,0.011430923893104739,,,
2025-09-02,7.027261949477115e-05,-0.0013059987336887513,-0.0013167938931297751,-0.001736742633917876,-0.00026379778095164674
2025-09-03,0.00013166301015110626,0.005192935242184449,0.006837594959358428,0.0059431214953455935,0.00035460073623627686
2025-09-04,0.0001435472862265641,0.001470120422997656,-0.006539683251750916,-0.0009292170853886228,0.0008403742441953632
2025-09-05,0.00016182510825912821,-0.0015441605119047574,-0.0012530680846684072,0.0005438611183636866,0.000990402069949603
2025-09-08,,0.001906980892492749,0.001335935356900686,0.0012289306825981061,
2025-09-09,,0.0022071165513550817,0.00619406477740525,0.0028639852866689797,
2025-09-10,0.00010347815854694353,0.0047131023696456165,0.004992662671443604,0.003760994903288184,5.0760531195015446e-05
2025-09-11,0.00021814937509945231,0.0001822806776101693,0.007145028362010253,0.00050903164789462,0.0001070531408100539
2025-09-12,9.177626181866572e-05,0.003102762962578165,0.003919748113021759,0.005596499331564475,0.00029159630521635727
2025-09-15,0.0004691539916599208,0.0006431604249217404,0.005529065918643994,0.0016858231594811812,-0.00018819084027210664
2025-09-16,0.00025470662174686964,0.005888216485916864,0.007399821792798189,0.007284537081919451,-1.3840166377288021e-05
2025-09-17,0.00026812577917501024,0.003894376213890105,-0.0003139733219089669,0.0032954320153530947,0.0006929405870341743
2025-09-18,0.0002567019895991507,0.0027078465517660355,0.0030212126447288767,0.002967082934428822,1.290872242387664e-05
2025-09-19,0.00015390397972425696,-0.0027121896111931276,-0.0018637053623126176,-0.001933945526244596,-0.00011433292271834095
2025-09-22,0.00047898260757528455,-0.004610225566613613,-0.008897401563359275,-0.005178680778028633,0.0006482680270150087
2025-09-23,0.0001655366388799706,-0.0034149760382664596,-0.0007839216196707799,2.793551712021447e-05,0.0005317330349976501
2025-09-24,0.0001216681920752638,-0.005250131185308038,-0.005635975847267938,-0.004619827498184237,0.0001390797525668841
2025-09-25,0.00010742956154774497,-0.0076684936698712125,-0.005255352007781711,-0.008318672109222769,0.00028640919309053103
2025-09-26,0.00012427220789579252,-0.015557418304044002,-0.017676377892491435,-0.011336512019610723,0.0004897944152386646
2025-09-30,0.0009260890862645699,0.0008281681629029869,-0.0009349577571460266,-0.00012338062924122095,0.0006395497569711139
2025-10-01,0.0003476341170047803,0.004757094640557513,0.008020365253594175,0.007483711747285238,0.0008166290692359635
2025-10-03,0.0004843318282903297,0.00291864790644758,0.008686553217348347,0.003188379952203668,0.0012000532948630571
2025-10-06,0.0005588640369409426,0.007342429067881406,0.001883632153549586,0.004357147391913729,0.001225230384612086
2025-10-07,0.00010956287677177379,0.0035572454894128303,0.0006013211101774107,-0.00040163532679293734,0.0010257341011212784
2025-10-08,0.00012205414586441421,-0.0023335141479013943,-0.005035068095235462,-0.00420184009269553,0.0004386266133722394
2025-10-09,0.00013644233862475375,0.0047971393205885615,0.013561668022017193,0.004302613222036067,6.68177541180981e-05
2025-10-10,0.00014614784758393284,0.0033835759689455625,0.01194763030965773,0.004272506537168486,0.00023338888904156363
2025-10-13,0.0004955550178351587,-3.455833537957531e-05,-0.006411123615694403,-0.002595993645627459,0.0008335986940590789
2025-10-14,0.00015627638845350234,-0.002653808096388377,-0.0023580869229453683,-0.004118755341465441,0.0002971393254296295
2025-10-15,0.00014974637422282555,0.009785397862915213,0.007570981650151243,0.00720276876537751,0.0006087261719349701
2025-10-16,6.358393763861159e-05,0.007255060436260896,0.005367808080731784,0.008490305714908164,0.0003443696026688148
2025-10-17,0.00011510935783953791,0.0018737689382901657,-0.007425170581625173,0.0029560462137838694,0.0006510636627035105
2025-10-20,0.0004831717523328116,0.001374510174149357,0.002552125685781448,0.003950518487603416,0.00028379951890955546
2025-10-23,0.00045550941654326493,-0.000391412166841687,-0.0016418950243496377,0.0015532036613272737,-0.0003083505526134678
2025-10-24,0.00012544771967126778,-0.0018219414314666338,0.0016143652899287542,-0.0037965440786574822,-0.00013140880274709055
2025-10-27,0.00049455991646008,0.0055134167869033135,0.010701773065401987,0.005287445732726548,0.0004125318411605239
2025-10-28,0.00022184714882467205,-0.0032724535830872536,-0.0021608251116911337,-0.0005171230467673205,0.00025453301402666995
2025-10-29,0.0001613746949984396,0.0045012157840131906,0.006385536259521318,0.006234366529393354,0.00048339845531386594
2025-10-30,0.00011185386655454543,-0.0047764014276716615,-0.0022124761850088603,-0.005301587451618017,-0.00037650396468691394
2025-10-31,0.00017306984567344585,-0.006928584006958061,-0.0014495561096594667,-0.006911978228313909,0.00022525788379779144
2025-11-03,0.0005067285608471028,0.006340530789919807,0.004953552671394856,0.003245616217364411,0.0007111804866664073
2025-11-04,0.00016660061968520878,-0.003529542250749529,-0.004277005065254302,-0.00527804641705143,0.0003580708998602855
2025-11-06,0.00032957667753286124,-0.008650450699522305,-0.012686045639772492,-0.006018447495589552,0.00036067511824389165
2025-11-07,0.00018410614698449734,1.9920156391295407e-05,0.0008508970712441943,2.7973835782013623e-05,0.0002476471246986023
2025-11-10,0.0004938348354177613,0.004839596135928659,0.0019925421156663514,0.002122093696224292,0.0005834650908558281
2025-11-11,0.00017810591523570451,0.0016633987399259365,0.0010656243881130845,0.0022427308568964133,0.0003274960200136956
2025-11-12,0.00022282705711607065,0.003747676818198986,0.00653572645071776,0.005365707491630234,0.00030647229472258175
2025-11-13,0.00017540751501132767,-0.0013999075093117375,-0.0006153634069707703,-0.00019582950032903668,-3.636538851403692e-05
2025-11-14,0.00015637188845341043,-0.0019672849134735326,-0.0022556444083992044,0.00022930871067350367,-0.0001654685350671592
2025-11-17,0.00047752291860780893,0.00530469392122912,0.009245771880161069,0.004144759968821132,2.8188865398126595e-05
2025-11-18,0.00019631490408622554,-0.005513747246033485,-0.004192480272319443,-0.004866804984384521,0.0004082723804188504
2025-11-19,0.000170634406957193,0.00472130451559627,0.0021226751258771603,0.005071279922224559,0.0005144495798510285
2025-11-20,0.0001445164569933155,0.0033813242042652902,0.0010158824139880895,0.004427463781348839,0.0001008384123490913
2025-11-21,0.00015249989794074992,-0.007920270879152702,-0.0078082017509801815,-0.006991166112871872,-0.00015805508673949475
2025-11-24,0.0004846972911702885,-0.004773733314866746,-0.008859600189830674,-0.005181831358757494,0.0005578227831539717
2025-11-25,0.00021190432011430893,-0.0009054680510749424,-0.002696086872883585,-0.0014550961916355298,0.0005466157944724603
2025-11-26,0.00018476132163147696,0.011529402826318202,0.013330727805599407,0.013480693320226722,0.0006661076444471892
2025-11-27,0.00018597918281804127,-0.0002146009093713097,0.0014434194536203648,0.0010277005555265895,7.708645835791117e-05
2025-11-28,0.00016156033907321898,0.00021643569758045267,-0.0037919707499071142,3.7848680973784354e-06,-0.0001160741895437356
2025-11-30,,-4.1131767405167e-05,,,
2025-12-01,,-0.001740124169394841,,,
2025-12-02,0.00013114275885128812,-0.003303579026572745,-0.0034653578738919055,-0.002863399182670978,0.00021685675658500436
2025-12-03,9.52836860352857e-05,-0.004371439330551508,-0.002860994770305436,-0.002045864227973704,1.1792998406034982e-05
2025-12-04,9.805963496689607e-05,0.0006075032519026191,-0.002467280350440082,0.00020186362017637904,-1.0885716307362792e-05
2025-12-05,0.0003595500911457439,0.002707296258139591,-1.30244384681788e-05,0.0035376123591761566,0.0009280174173356137
2025-12-08,0.000490657316279064,-0.01380672918351733,-0.01555642386276257,-0.00988576491592208,-6.706707523207456e-05
2025-12-09,4.385176583654449e-05,0.0008155885054934586,0.0017767182055785646,-0.0010405079518377436,-0.0013115211742238397
2025-12-10,-3.9984659218061935e-06,-0.005605108314684637,-0.001917565556586176,-0.002392975489984517,-0.001257882183814174
2025-12-11,0.00013021722752593057,0.006303133416323936,0.008054223547921957,0.00620108831503452,0.00012994495059381883
2025-12-12,0.0001577862062207558,0.006766494012363289,0.008261295765821464,0.005874315634584626,3.906927891739187e-05
2025-12-15,0.0003826111589346759,-0.0014549534469187053,0.0011120793742451784,-0.0008710619356382399,-0.0006432550888019195
2025-12-16,0.0001497593195414204,-0.005609007758372253,-0.01119611640873519,-0.0066922033311752616,0.000288196490003223
2025-12-17,0.00011431275800788399,-0.003919292285710085,-0.0059187538500962145,-0.0027412417135823652,4.544376288828644e-06
2025-12-18,0.00017643464922190155,-0.0005113938363776604,0.0016695595171081212,-0.0011901128495716007,-6.452985005456213e-05
2025-12-19,0.00016383893479421374,0.008239575591378445,0.00962316444720912,0.006550537245910704,0.0001890573943710283
2025-12-22,0.0005039655422545142,0.005744716005134487,0.0045644237436124335,0.0056181652418387795,-0.000147218791660908
2025-12-23,0.00014355650088337946,0.0005939367899612247,0.0030170804054867606,0.0018995993848374138,-0.00026085194062031025
2025-12-24,0.0003604526881362258,-0.0018357810413885955,-0.004648544644080044,-0.001736813529900627,0.0019318989703205336
2025-12-26,0.0002872841769934187,-0.0034514701961617655,-0.0028116623817077135,-0.0034511953892939484,0.00015243916270968327
2025-12-29,0.00046437832703727366,-0.00404020800496252,-0.004217148104013413,-0.002594503158359962,0.0005007951938176269
2025-12-30,-1.9666084501879233e-05,-0.0024630968001595477,-0.0068224559654961325,-0.0011965377754519224,-0.0005649261560809471
2025-12-31,0.0005226564060838435,0.006310326004604239,0.0048251650983848204,0.007157232524009682,0.0009399587724645553
2026-01-01,0.00019478561579377995,0.0028092766906229194,-0.0010500780658522224,0.000550587087213783,0.0002547107899477652
2026-01-02,9.117438130346045e-05,0.008901725529074422,0.0049060822327733344,0.006898475428391393,-0.00014499412320700955
2026-01-05,0.0004020568047760076,-0.003187320292964535,-0.00806342454651432,-0.003922651308995273,-0.0007567978117214436
2026-01-06,0.0001719729969547057,0.0006206141021511957,-0.006251415203561206,-9.743555300356643e-05,0.00013514763745603453
2026-01-07,-5.681132921075971e-05,0.0005519140811798273,0.0011684644197649252,-0.0008779514969640134,-0.00042806083905366776
2026-01-08,-4.953234072024859e-05,-0.011259484721131696,-0.017516797163640963,-0.01207391878251407,3.901376823089997e-05
2026-01-09,6.189360934794053e-05,-0.010971557543207,-0.009596630055102806,-0.008312830013984085,9.889150785036271e-05
2026-01-12,0.0004601175779728184,0.00039779586182064897,-0.0033819840415105773,0.0015116164437578572,0.0005869401729250434
2026-01-13,-3.9394930346769996e-05,-0.00046467590692156335,-0.0034350060351270306,-0.002396213924096946,-0.0009936770948363316
2026-01-14,8.351855289956411e-05,-0.003102648322116819,-0.0003822930040824346,-0.0005397901783339432,-0.0005372645610492999
2026-01-16,4.3919430310790375e-05,0.0012884222633469111,-0.0019632175116339745,-0.0010075717906999904,-0.0010705665921477703
2026-01-19,0.0002984201686011545,-0.002603903001161534,-0.0012629316016514736,-0.0028193958935643915,-0.00033178590809801456
2026-01-20,-2.1711877452812445e-05,-0.017128745673056,-0.019443740939436682,-0.015854632510255318,-0.0003246215930644558
2026-01-21,0.0001975160774556617,-0.004060819337199262,-0.01741804255373236,-0.0038947268656186473,4.820877126743284e-05
2026-01-22,0.00047747791967056585,0.007525942015459197,0.008198626001383102,0.0063728798776565565,0.0010014207258617347
2026-01-23,2.3072440838989294e-05,-0.01080083165374457,-0.015234757681758082,-0.010110371058299594,0.00020626256770550633
2026-01-27,0.0006380633191551688,0.0021557534211589235,-0.001770949174782377,0.003805489256581529,0.00028343898703275805
2026-01-28,-0.00011809985461053163,0.010237387323611458,0.009395783573949767,0.009380029971693293,-0.00020252879450866068
2026-01-29,8.825013149782457e-05,0.0013669115833376821,-0.0033595307462868096,0.005432946850795872,6.086178470376957e-05
2026-01-30,0.0004082718846765143,0.0001483542475499977,0.007145286409175,-0.0015567181568614252,0.000891071302054014
2026-01-31,,-1.9591050807954424e-05,,,
2026-02-02,,-0.009610065146184787,,,
2026-02-03,0.0005882707114854835,0.027655529975621596,0.0222172488388519,0.025761119495563367,0.0012918313229606238
2026-02-04,0.00042275588146734044,0.001764509076909615,0.00318277784237897,0.0021433977379738955,0.0013753898600130654
2026-02-05,0.00039872260089257594,-0.002509882146255693,-0.00012134696947263546,-0.00304968273306927,0.0013653521078302866
2026-02-06,-0.0001281923219716985,0.0014851344372313058,0.00413127893944365,0.0015555277132586198,-0.0016383585672500312
2026-02-09,0.00041859837225244334,0.011072987004422163,0.012537217044481963,0.009424521075746428,5.43393109593282e-05
2026-02-10,0.00022469653833612213,0.0024224415565590185,0.0030277953213926345,0.004360351497333603,5.433635835916384e-05
2026-02-11,0.0003723635137362624,0.0016926957422331856,0.0021905012264675783,0.0017597278591305887,0.0006909398139804956
2026-02-12,0.00042642281120164327,-0.002730983262239417,-0.001189226599507598,-0.005214955856687187,0.0011338791880231014
2026-02-13,0.0005209686157225946,-0.01081633668516735,-0.01264148306861046,-0.01121416638569328,0.0011524809072329667
2026-02-16,0.00041443157453358026,0.004604864236529949,-0.00035673400582647563,0.0069479496179736255,0.0007448644978620411
2026-02-17,5.404177887546879e-05,0.0021503144447965195,0.002165887474527617,0.001648234437672702,0.00024629897447603355
2026-02-18,1.0000483878336297e-05,0.0049936137702737415,0.0012714298720093442,0.0052288068579025015,-6.223606047539576e-05
2026-02-19,,-0.014654213176679476,-0.0127545901474867,-0.015810040102264944,
2026-02-20,,0.004753731569199227,0.004208459384465124,0.0062099509806761155,
2026-02-23,0.0004910850449706405,0.006972690826853256,0.001645878211337326,0.00561423167435926,0.0006849747759618552
2026-02-24,0.00025301915893338744,-0.008367863198266434,-0.005162713893365534,-0.008241724169841147,0.0005095465576747671
2026-02-25,0.00023251466818985378,0.005131295139990444,0.009465430120080498,0.004883778199322064,0.0003894017815131434
2026-02-26,0.00020134630369672557,0.003322135226913936,0.005298942457203859,0.00041545373003737396,0.00021895324131882
2026-02-27,0.000182140843532963,-0.01233062392050377,-0.011692907053630464,-0.011504437480563512,0.00017296222126739202
2026-02-28,,-1.835965649077398e-05,,,
2026-03-02,,-0.012938287471599419,,,
2026-03-04,-0.00011593675782228807,-0.018882454095910495,-0.01647175905252307,-0.018684569398777384,-0.001039028391405683
2026-03-05,0.00021933680004315725,0.011724970803694612,0.01019389965173989,0.011917839741473424,0.0009328534771098074
2026-03-06,0.00031295249976204254,-0.012411727944517725,-0.004253314034732725,-0.010473373132085406,-0.0001251650107064739
2026-03-09,0.0001532798485386344,-0.01913381718134821,-0.006523202388943328,-0.01791914502877101,-0.001082497669748106
2026-03-10,0.00023381207950645688,0.013261668159422424,0.016348409211818682,0.01203587361823999,0.0011639092565496334
2026-03-11,0.0002774596134269558,-0.01700755923340458,0.0002242017244658001,-0.013658046193671614,0.0005294988491504338
2026-03-12,-0.00020176270039040656,-0.009767172666676927,-0.001990667566341031,-0.008193538326373706,-0.0010566371936292507
2026-03-13,-0.0005737203455431494,-0.022169854802994604,-0.018645370848212384,-0.021843592642071807,-0.0005505010370322472
2026-03-16,0.00044771043134073096,0.006868844090577753,0.00291698231670523,0.00798134988506538,-0.00011538943483524466
2026-03-17,0.00045280060931163213,0.008502330770150168,0.011542150733028667,0.006988444312886255,0.0001415486868880933
2026-03-18,0.0007816098515587289,0.011946713863560943,0.01637727489816898,0.009669346040867666,0.0006030743268825578
2026-03-19,,-0.03220306229211234,-0.024237070987025544,-0.03078459191707128,
2026-03-20,,0.00458351527888845,0.008370315460934918,0.0029805660325472605,
2026-03-23,-0.000552389526976782,-0.02912436178777722,-0.026713216809746365,-0.028212250441854603,-0.0024581918092724253
2026-03-24,-0.0001569088471089497,0.020128628002440196,0.02285129571901101,0.018264329810542046,-0.06037185134982481
2026-03-25,0.000219486798316737,0.0210035100451349,0.01754263518279653,0.019036525660891312,-9.905598682846684e-05
2026-03-27,0.0007626416109833833,-0.02043046939450155,-0.012381188422152967,-0.021362305836436835,-0.0005876621721571107
2026-03-30,0.0010171798041467284,-0.024293151481800224,-0.016774316021465174,-0.022697400057705153,0.0007881805636018591
2026-03-31,0.00018476130455469253,-1.5580077443289042e-05,4.709071225184047e-06,-1.2027773221734428e-05,0.00018751424387053461
2026-04-01,,0.014989306706912453,0.020746186494353003,0.016043055572260823,
2026-04-02,,-0.0020303238694043824,-0.0022291658112765234,0.0033899727833612836,
2026-04-06,0.00042724273441652194,0.01313986874487294,0.006296482098395728,0.011979265541995021,0.0003167076268779656
2026-04-07,0.0004664555303715012,0.005933114308096954,0.0014661739293047038,0.004296630737761431,0.0007467699313472576
2026-04-08,0.0014632784999548676,0.03919704268942992,0.030420663570079665,0.03617304640010799,0.0038474187387853576
2026-04-09,0.0011488735406142148,-0.007105698597933974,0.00014515280895177618,-0.007040711465268523,0.001179210264397934
2026-04-10,0.0005897663957015187,0.015459866171815717,0.018145029349110775,0.014296147076562127,0.0007711811701669458
2026-04-13,0.0005937745696518171,-0.008685857177427758,-0.007513796500470238,-0.007114065726484098,0.00015010191633302306
2026-04-15,0.0006993013719893693,0.016425409981371653,0.020100810244386258,0.01730608819464452,0.0017091843806549267
2026-04-16,0.00032653945954508323,0.0018212853070596058,0.0076642219126090705,0.00042048650288384337,5.534874000501233e-05
2026-04-17,-7.578545689290728e-05,0.00823463378901601,0.012409244036036604,0.008646372376441391,-0.00013168454109369065
2026-04-20,0.0004916899175273493,0.002110723835799355,-0.004306277419603433,0.0016499603632491588,0.0005229900908647611
2026-04-21,0.0001150066465016586,0.009764957446027234,0.005372963242162632,0.009983497859476387,9.63401245170914e-05
2026-04-22,6.612447311837855e-05,-0.0038557151302550663,0.00892498428908417,-0.003767978070799205,2.8613121978438016e-06
2026-04-23,-0.0002288647512358466,-0.0065506005341200435,0.004980085526189004,-0.00766585647020146,-0.000783043530925509
2026-04-24,3.931969407222624e-05,-0.009773853035095592,-0.0067263573357001505,-0.010333169314772683,-0.0005354831566205531
2026-04-27,6.323465308488707e-05,0.009134783733995233,0.01304286117400455,0.008513432237369667,0.0006494182454055419
2026-04-28,6.687732481336361e-05,-0.004069670956353799,0.005688664577285785,-0.006272779951754015,-0.00032736160859581087
2026-04-29,-0.0001825003772586431,0.0042472533923114675,-0.0011503391460288004,0.004146904025077447,-0.0007962361136040208
2026-04-30,-0.00027980032628116547,-0.007403615355171866,-0.007467453423837922,-0.008393032169637604,-0.000848466549588589
2026-05-04,0.000902826430588588,0.004372913391809785,0.009271819978190265,0.005454534496163621,0.0008013724698912039
2026-05-05,4.803354616012001e-05,0.0008870404151879452,0.0007987131614664023,-0.0018582680941361396,-0.0003611888272254671
2026-05-06,0.0004931011960120912,0.014141330156171694,0.009995085598663911,0.012664752890682474,0.0017941703324328984
2026-05-07,0.0001429656222078357,0.0031443493945146894,0.0008871671696799588,0.0011781857718253796,0.00068604055367949
2026-05-08,0.0002375481994874029,-0.004856375188185602,-0.004012125135634204,-0.007834797915327818,-6.29313419059363e-05
2026-05-11,8.069746146177614e-05,-0.014404106392907234,-0.007759787523592743,-0.012909696800238013,-0.0006131424168681621
2026-05-12,-0.00022098981949736363,-0.021477824302647774,-0.01882442416609298,-0.020323445298269016,-0.00044654230272711537
2026-05-13,-6.209243607802062e-05,0.000557392024649106,0.00806960909130594,-0.00016051925922422328,-0.00020427936635214472
2026-05-14,-0.00019342694085089374,0.011190955162675431,0.014398857688401767,0.009175765933579605,-5.0602890475204276e-05
2026-05-15,-0.00010318858249314111,-0.002499208536141051,-0.005897391465741086,-0.000557818328666082,-0.0012890067773112523
2026-05-18,2.978058200664435e-05,-0.0013059511869579765,-0.0034436866158437107,-0.0007009782064140158,-0.002081325623728536
2026-05-19,0.00020738443083390123,0.0011626835234974653,0.0017226121863620492,0.0019573767679696985,0.0004071696345342435
2026-05-20,-0.0003535422635529972,0.0031445183823424205,0.012590352995794696,0.0026944152028607338,-0.0003734859454366246
2026-05-21,-0.0007653085790298997,-0.0010812144016610903,0.01702109227733417,-0.00015448206331114545,-0.0009350217373393921
2026-05-22,-3.952542917651236e-05,0.0026729446892808095,-0.004344973367249927,0.003777263435662981,0.0005916478879992582
2026-05-25,0.0003597477175114605,0.010984930915865831,0.0057412332897099905,0.010683576760233127,0.001675184744702074
2026-05-26,-0.00013790414792691497,-0.0038726719831725376,0.008199766798568042,-0.0036982226287940456,5.166401171052826e-05
2026-05-27,0.00042503252441195016,0.00396260123304093,-0.0001707325420999828,0.003757205668794672,0.0005395740235287771
2026-05-29,0.0007324523081155832,-0.015262023079479103,-0.01018997537289934,-0.01346168489477928,0.0007047014198251489
2026-05-31,,-4.409809333261183e-05,,,
2026-06-01,,-0.011633781779589847,,,
2026-06-02,0.0003594914280469208,0.004860574927154415,-0.0005053012089170084,0.0029209501781994884,0.0006093455266111825
